block_height,total_bytes,IM_bytes,ML_bytes,MH_bytes,total_GiB,IM_GiB,ML_GiB,MH_GiB
0,285,0.0000000000,204.0000000000,0.0000000000,0.0000002654,0.0000000000,0.0000001900,0.0000000000
1,500,0.0000000000,338.0000000000,0.0000000000,0.0000004657,0.0000000000,0.0000003148,0.0000000000
5,1360,0.0000000000,874.0000000000,0.0000000000,0.0000012666,0.0000000000,0.0000008140,0.0000000000
10,2435,134.0000000000,1410.0000000000,0.0000000000,0.0000022678,0.0000001248,0.0000013132,0.0000000000
25,5660,134.0000000000,3420.0000000000,0.0000000000,0.0000052713,0.0000001248,0.0000031851,0.0000000000
50,11035,134.0000000000,6770.0000000000,0.0000000000,0.0000102771,0.0000001248,0.0000063051,0.0000000000
100,21799,268.0000000000,13350.0000000000,0.0000000000,0.0000203019,0.0000002496,0.0000124332,0.0000000000
250,55896,1731.8200000000,33833.1800000000,0.0000000000,0.0000520572,0.0000016129,0.0000315096,0.0000000000
500,110270,5222.8200000000,64466.1800000000,0.0000000000,0.0001026969,0.0000048641,0.0000600388,0.0000000000
1000,222042,17441.3200000000,123519.6800000000,0.0000000000,0.0002067927,0.0000162435,0.0001150367,0.0000000000
2000,447688,43150.3200000000,242456.6800000000,0.0000000000,0.0004169419,0.0000401869,0.0002258054,0.0000000000
3000,672149,86427.7000000000,342640.3000000000,0.0000000000,0.0006259875,0.0000804921,0.0003191086,0.0000000000
4000,898168,126569.6600000000,447517.3400000000,0.0000000000,0.0008364841,0.0001178772,0.0004167830,0.0000000000
5000,1121102,165080.6600000000,550940.3400000000,0.0000000000,0.0010441076,0.0001537433,0.0005131032,0.0000000000
6000,1343544,193267.6600000000,664195.3400000000,0.0000000000,0.0012512729,0.0001799945,0.0006185801,0.0000000000
7000,1567582,224073.6600000000,776427.3400000000,0.0000000000,0.0014599245,0.0002086849,0.0007231043,0.0000000000
8000,1792646,257374.6600000000,887190.3400000000,0.0000000000,0.0016695317,0.0002396988,0.0008262604,0.0000000000
9000,2014527,294495.6600000000,990950.3400000000,0.0000000000,0.0018761745,0.0002742705,0.0009228944,0.0000000000
10000,2238561,330131.6600000000,1098348.3400000001,0.0000000000,0.0020848224,0.0003074591,0.0010229166,0.0000000000
11000,2456653,358839.6600000000,1206732.3400000001,0.0000000000,0.0022879364,0.0003341955,0.0011238571,0.0000000000
12000,2687711,398325.8100000001,1317304.1899999999,0.0000000000,0.0025031259,0.0003709698,0.0012268351,0.0000000000
13000,2907948,430225.8100000001,1424641.1899999999,0.0000000000,0.0027082376,0.0004006790,0.0013268005,0.0000000000
14000,3131022,472583.8100000001,1524357.1899999999,0.0000000000,0.0029159915,0.0004401280,0.0014196683,0.0000000000
15000,3350295,504518.8100000001,1630695.1899999999,0.0000000000,0.0031202054,0.0004698698,0.0015187032,0.0000000000
16000,3573053,541021.8100000001,1735950.1899999999,0.0000000000,0.0033276649,0.0005038658,0.0016167296,0.0000000000
17000,3789204,569314.8100000001,1842808.1899999999,0.0000000000,0.0035289712,0.0005302157,0.0017162489,0.0000000000
18000,4012367,616742.8100000001,1937543.1899999999,0.0000000000,0.0037368080,0.0005743865,0.0018044777,0.0000000000
19000,4231938,663765.8100000001,2029091.1899999999,0.0000000000,0.0039412994,0.0006181801,0.0018897384,0.0000000000
20000,4461701,716726.8100000001,2124893.1899999999,0.0000000000,0.0041552829,0.0006675039,0.0019789610,0.0000000000
21000,4690797,787891.5100000000,2201824.4900000002,0.0000000000,0.0043686451,0.0007337811,0.0020506089,0.0000000000
22000,4913150,848861.5100000000,2282207.4900000002,0.0000000000,0.0045757275,0.0007905639,0.0021254714,0.0000000000
23000,5132373,886562.5100000000,2382729.4900000002,0.0000000000,0.0047798948,0.0008256757,0.0022190898,0.0000000000
24000,5375261,959276.5100000000,2471903.4900000002,0.0000000000,0.0050061019,0.0008933959,0.0023021395,0.0000000000
25000,5602647,1039724.5100000000,2537841.4900000002,0.0000000000,0.0052178716,0.0009683189,0.0023635491,0.0000000000
26000,5849762,1142581.5100000000,2601099.4900000002,0.0000000000,0.0054480154,0.0010641120,0.0024224627,0.0000000000
27000,6084257,1240704.5100000000,2656471.4900000002,0.0000000000,0.0056664059,0.0011554961,0.0024740319,0.0000000000
28000,6311076,1330849.5100000000,2712145.4900000002,0.0000000000,0.0058776475,0.0012394502,0.0025258823,0.0000000000
29000,6548901,1429951.0000000000,2769868.9999999995,0.0000000000,0.0060991393,0.0013317456,0.0025796415,0.0000000000
30000,6821964,1571017.4700000000,2820865.5299999998,0.0000000000,0.0063534491,0.0014631240,0.0026271357,0.0000000000
31000,7039594,1664375.7799999998,2864137.2200000002,0.0000000000,0.0065561328,0.0015500707,0.0026674356,0.0000000000
32000,7256218,1756061.1100000001,2908075.8900000001,0.0000000000,0.0067578796,0.0016354594,0.0027083567,0.0000000000
33000,7472208,1851248.1100000001,2947878.8900000001,0.0000000000,0.0069590360,0.0017241092,0.0027454262,0.0000000000
34000,7697583,1951399.1100000001,2992102.8900000001,0.0000000000,0.0071689328,0.0018173820,0.0027866130,0.0000000000
35000,7940458,2076921.2300000000,3028455.7700000000,0.0000000000,0.0073951278,0.0019342836,0.0028204692,0.0000000000
36000,8161721,2192239.5699999998,3053400.4300000002,0.0000000000,0.0076011950,0.0020416822,0.0028437007,0.0000000000
37000,8392892,2313425.5699999998,3082385.4300000002,0.0000000000,0.0078164898,0.0021545455,0.0028706951,0.0000000000
38000,8622822,2440807.5699999998,3103933.4300000002,0.0000000000,0.0080306288,0.0022731792,0.0028907633,0.0000000000
39000,8878852,2588197.5699999998,3131573.4300000002,0.0000000000,0.0082690753,0.0024104468,0.0029165050,0.0000000000
40000,9242336,2838608.2500000000,3163646.7499999995,0.0000000000,0.0086075962,0.0026436599,0.0029463756,0.0000000000
41000,9496306,2982413.5899999999,3192811.4100000001,0.0000000000,0.0088441242,0.0027775891,0.0029735373,0.0000000000
42000,9764083,3136499.5899999999,3225502.4100000001,0.0000000000,0.0090935109,0.0029210929,0.0030039832,0.0000000000
43000,10013137,3268996.5899999999,3261059.4100000001,0.0000000000,0.0093254605,0.0030444903,0.0030370982,0.0000000000
44000,10309247,3448259.5899999999,3296906.4100000001,0.0000000000,0.0096012345,0.0032114420,0.0030704834,0.0000000000
45000,10592707,3615524.5600000001,3332101.4399999995,0.0000000000,0.0098652272,0.0033672196,0.0031032613,0.0000000000
46000,10846365,3751931.9600000000,3368352.0400000000,0.0000000000,0.0101014646,0.0034942589,0.0031370223,0.0000000000
47000,11093410,3880282.8799999999,3406046.1200000001,0.0000000000,0.0103315432,0.0036137950,0.0031721276,0.0000000000
48000,11372573,4037598.8799999999,3446893.1200000001,0.0000000000,0.0105915340,0.0037603070,0.0032101694,0.0000000000
49000,11610897,4152826.8799999999,3488989.1200000001,0.0000000000,0.0108134905,0.0038676214,0.0032493743,0.0000000000
50000,11938282,4347563.4200000009,3540637.5800000001,0.0000000000,0.0111183915,0.0040489840,0.0032974757,0.0000000000
51000,12239921,4536053.6300000008,3572786.3700000001,0.0000000000,0.0113993147,0.0042245291,0.0033274166,0.0000000000
52000,13445048,5625204.8700000020,3607754.1200000001,0.0000000000,0.0125216767,0.0052388803,0.0033599829,0.0000000000
53000,13771568,5823766.7900000028,3654712.2000000002,0.0000000000,0.0128257722,0.0054238055,0.0034037160,0.0000000000
54000,14076339,6008279.7800000021,3693970.2100000000,0.0000000000,0.0131096123,0.0055956466,0.0034402778,0.0000000000
55000,14422007,6238923.5300000021,3727994.4600000000,0.0000000000,0.0134315407,0.0058104503,0.0034719654,0.0000000000
56000,15099174,6815101.5300000021,3747983.4600000000,0.0000000000,0.0140622016,0.0063470579,0.0034905816,0.0000000000
57000,15420619,7039032.3000000017,3764497.6899999999,0.0000000000,0.0143615706,0.0065556097,0.0035059617,0.0000000000
58000,15784045,7303971.3000000017,3781984.6899999999,0.0000000000,0.0147000374,0.0068023534,0.0035222477,0.0000000000
59000,16101874,7526225.3400000017,3796559.6499999999,0.0000000000,0.0149960387,0.0070093436,0.0035358217,0.0000000000
60000,16469598,7794179.9100000020,3815329.0800000010,0.0000000000,0.0153385084,0.0072588957,0.0035533021,0.0000000000
61000,16840001,8062497.2900000028,3836414.7000000002,0.0000000000,0.0156834731,0.0075087857,0.0035729396,0.0000000000
62000,17204336,8323342.5000000028,3858904.4900000002,0.0000000000,0.0160227865,0.0077517168,0.0035938849,0.0000000000
63000,17549180,8561824.2800000049,3884266.7100000000,0.0000000000,0.0163439475,0.0079738202,0.0036175053,0.0000000000
64000,18127213,9040166.8800000045,3902957.1100000008,0.0000000000,0.0168822827,0.0084193115,0.0036349121,0.0000000000
65000,18496685,9307702.3100000042,3923893.6700000009,0.0000000000,0.0172263803,0.0086684733,0.0036544108,0.0000000000
66000,19122409,9813122.7000000048,3963197.3500000015,0.0000000000,0.0178091312,0.0091391827,0.0036910152,0.0000000000
67000,19736265,10296269.5800000094,4012906.4800000042,0.0000000000,0.0183808291,0.0095891483,0.0037373104,0.0000000000
68000,21800176,12232012.9800000116,4060066.1200000057,0.0000000000,0.0203029960,0.0113919498,0.0037812312,0.0000000000
69000,22476846,12775159.4700000156,4112589.6400000039,0.0000000000,0.0209331941,0.0118977944,0.0038301476,0.0000000000
70000,23177913,13347513.9500000160,4160302.2000000058,0.0000000000,0.0215861136,0.0124308411,0.0038745834,0.0000000000
71000,25444604,15492092.0500000194,4201399.1400000062,0.0000000000,0.0236971341,0.0144281351,0.0039128579,0.0000000000
72000,25951427,15872369.3600000236,4246944.8400000110,0.0000000000,0.0241691498,0.0147822959,0.0039552756,0.0000000000
73000,26672390,16475539.2800000273,4283737.9300000137,0.0000000000,0.0248405989,0.0153440417,0.0039895418,0.0000000000
74000,27437737,17128781.5700000040,4314842.6500000153,0.0000000000,0.0255533839,0.0159524210,0.0040185104,0.0000000000
75000,28196276,17775749.1300000064,4345414.0900000110,0.0000000000,0.0262598284,0.0165549564,0.0040469822,0.0000000000
76000,28756690,18226270.6200000495,4374306.6100000264,0.0000000000,0.0267817546,0.0169745373,0.0040738905,0.0000000000
77000,29334007,18615298.8100000285,4481595.4300000314,0.0000000000,0.0273194229,0.0173368480,0.0041738110,0.0000000000
78000,30007173,19166976.1700000279,4522084.0800000336,0.0000000000,0.0279463576,0.0178506376,0.0042115190,0.0000000000
79000,30564108,19595157.3000000492,4569837.9500000281,0.0000000000,0.0284650438,0.0182494123,0.0042559932,0.0000000000
80000,31209276,20112124.3600000441,4617038.8700000290,0.0000000000,0.0290659033,0.0187308754,0.0042999525,0.0000000000
81000,31792207,20587303.7400000803,4643790.4900000412,0.0000000000,0.0296088001,0.0191734207,0.0043248669,0.0000000000
82000,32742493,21427323.9000000618,4673056.3700000485,0.0000000000,0.0304938229,0.0199557505,0.0043521229,0.0000000000
83000,33859129,22415310.2700000778,4720706.0200000489,0.0000000000,0.0315337712,0.0208758845,0.0043965001,0.0000000000
84000,34828416,23254437.8100000657,4769865.5100000491,0.0000000000,0.0324364901,0.0216573829,0.0044422834,0.0000000000
85000,35588642,23899652.8500000536,4803876.4700000472,0.0000000000,0.0331445057,0.0222582862,0.0044739586,0.0000000000
86000,36127972,24332167.8300000653,4829691.4900000533,0.0000000000,0.0336467959,0.0226610972,0.0044980007,0.0000000000
87000,37161192,25239353.6500001028,4874725.6700000614,0.0000000000,0.0346090570,0.0235059798,0.0045399421,0.0000000000
88000,37938278,25893683.5100000836,4916481.8300000634,0.0000000000,0.0353327747,0.0241153720,0.0045788305,0.0000000000
89000,38549989,26394876.7800000906,4945999.5500000659,0.0000000000,0.0359024750,0.0245821446,0.0046063210,0.0000000000
90000,39092307,26829580.8200000674,4972613.5200000703,0.0000000000,0.0364075480,0.0249869943,0.0046311072,0.0000000000
91000,39722759,27358856.7400000095,4992789.5900000837,0.0000000000,0.0369947022,0.0254799209,0.0046498977,0.0000000000
92000,40231042,27764854.0899999849,5013809.2400000878,0.0000000000,0.0374680776,0.0258580354,0.0046694737,0.0000000000
93000,48830385,36267539.3899999186,5029446.9400000991,0.0000000000,0.0454768399,0.0337767782,0.0046840375,0.0000000000
94000,54477933,41815015.0999999717,5048507.2400001120,0.0000000000,0.0507365288,0.0389432675,0.0047017888,0.0000000000
95000,55236279,42470452.2999999598,5070416.0600001095,0.0000000000,0.0514427936,0.0395536910,0.0047221929,0.0000000000
96000,55816172,42948904.4199999571,5090856.9200001024,0.0000000000,0.0519828610,0.0399992842,0.0047412300,0.0000000000
97000,56517120,43547559.5199999437,5112149.8300001128,0.0000000000,0.0526356697,0.0405568253,0.0047610605,0.0000000000
98000,57580169,44495029.6499996707,5146728.7000001371,0.0000000000,0.0536257112,0.0414392256,0.0047932646,0.0000000000
99000,58702451,45505299.6799996719,5177740.6700001564,0.0000000000,0.0546709178,0.0423801129,0.0048221468,0.0000000000
100000,59755862,46456423.8099995255,5199027.5500001479,0.0000000000,0.0556519832,0.0432659162,0.0048419717,0.0000000000
105000,69000947,55182746.3299995586,5312790.0300001334,0.0000000000,0.0642621396,0.0513929374,0.0049479213,0.0000000000
110000,82800616,68350214.7699996680,5539990.5600000946,0.0000000000,0.0771140829,0.0636560980,0.0051595183,0.0000000000
115000,107375985,92206574.0200003386,5853962.3000001227,0.0000000000,0.1000016788,0.0858740639,0.0054519272,0.0000000000
120000,133417289,117554492.2400002182,6142321.9500001222,0.0000000000,0.1242545331,0.1094811524,0.0057204831,0.0000000000
125000,170143251,153481339.0900002122,6520400.4000001140,0.0000000000,0.1584582506,0.1429406359,0.0060725961,0.0000000000
130000,240794543,222606936.3199996948,7640178.2900001109,0.0000000000,0.2242573937,0.2073188651,0.0071154705,0.0000000000
135000,354017044,333019017.6900022030,10045318.8700001016,0.0000000000,0.3297040649,0.3101481290,0.0093554322,0.0000000000
140000,472389965,448803682.2400024533,12228481.4300000966,0.0000000000,0.4399474384,0.4179810008,0.0113886608,0.0000000000
145000,590083941,564766806.2700054646,13554250.3600000832,0.0000000000,0.5495584952,0.5259800761,0.0126233793,0.0000000000
150000,687984205,661086184.1200101376,14729902.1000000704,0.0000000000,0.6407352211,0.6156844870,0.0137182903,0.0000000000
155000,776023408,747971171.1200131178,15479111.7599999793,0.0000000000,0.7227281183,0.6966024368,0.0144160462,0.0000000000
160000,861353295,832214827.8400231600,16160120.4699999765,0.0000000000,0.8021977684,0.7750604561,0.0150502850,0.0000000000
165000,964100154,933870096.5700231791,16846713.9200000130,0.0000000000,0.8978882376,0.8697343027,0.0156897250,0.0000000000
170000,1073663884,1042253429.7300257683,17622020.8300001025,0.0000000000,0.9999274127,0.9706741476,0.0164117858,0.0000000000
175000,1176835155,1144271186.4800243378,18370071.1600001566,0.0000000000,1.0960131465,1.0656855875,0.0171084620,0.0000000000
180000,1337318959,1303540760.8700289726,19178600.5800001286,0.0000000000,1.2454753360,1.2140169375,0.0178614637,0.0000000000
185000,1817776843,1782396580.5100305080,20372387.2000002228,0.0000000000,1.6929366095,1.6599861723,0.0189732641,0.0000000000
190000,2224384066,2187488437.8000416756,21479710.6700003594,0.0000000000,2.0716190953,2.0372573638,0.0200045394,0.0000000000
195000,2693815815,2654583463.0600290298,23408179.8500004411,0.0000000000,2.5088114804,2.4722735053,0.0218005663,0.0000000000
200000,3149459032,3108394550.1800074577,24832119.1000004783,0.0000000000,2.9331622943,2.8949180154,0.0231267131,0.0000000000
205000,3632502885,3589461001.6999907494,26401321.3500004485,0.0000000000,3.3830319392,3.3429460616,0.0245881466,0.0000000000
210000,4097536732,4051469908.2999577522,29018350.0800005794,0.0000000000,3.8161284588,3.7732253860,0.0270254445,0.0000000000
215000,4702730889,4654740358.6199111938,30532788.7100005448,0.0000000000,4.3797594393,4.3350647750,0.0284358754,0.0000000000
220000,5455908476,5401907826.6298675537,36131203.3300005868,0.0000000000,5.0812107287,5.0309187049,0.0336498053,0.0000000000
225000,6270775387,6214389944.9598569870,38103416.2700004727,0.0000000000,5.8401146783,5.7876016432,0.0354865717,0.0000000000
230000,7033243791,6971409517.8398437500,43139065.8300004378,0.0000000000,6.5502187153,6.4926310609,0.0401763859,0.0000000000
235000,7876501964,7809039321.4598503113,48355801.1500004232,0.0000000000,7.3355640881,7.2727346061,0.0450348492,0.0000000000
240000,8683271300,8602751374.2998657227,61001872.3400004730,0.0000000000,8.0869265832,8.0119365587,0.0568124208,0.0000000000
245000,9288867285,9205275311.8798046112,63664145.8300006017,0.0000000000,8.6509317951,8.5730807035,0.0592918562,0.0000000000
250000,9824691445,9739035131.0597763062,65319409.1500003934,0.0000000000,9.1499569314,9.0701832725,0.0608334403,0.0000000000
255000,10507408573,10416877380.1297702789,69784282.2300000340,0.0000000000,9.7857868047,9.7014730611,0.0649916774,0.0000000000
260000,11142591827,11047646645.0897579193,73787331.8400001824,0.0000000000,10.3773473082,10.2889227169,0.0687198079,0.0000000000
265000,11775119082,11677476589.8898220062,76073716.3500000387,0.0000000000,10.9664342199,10.8754975627,0.0708491694,0.0000000000
270000,12507156551,12404036815.7198352814,81136097.4900000393,0.0000000000,11.6481972402,11.5521595028,0.0755638792,0.0000000000
275000,13534108284,13418036770.9699306488,93676037.2799998969,0.0000000000,12.6046205722,12.4965205518,0.0872426082,0.0000000000
280000,14371572041,14247223228.5099296570,101541294.0399992019,0.0000000000,13.3845694745,13.2687606183,0.0945676994,0.0000000000
285000,15272350585,15137417865.4799404144,111709787.7599993199,0.0000000000,14.2234848673,14.0978189795,0.1040378471,0.0000000000
290000,16432099151,16284714969.3099384308,123747130.1599991769,0.0000000000,15.3035848876,15.1663226721,0.1152484959,0.0000000000
295000,17519696390,17358878786.4899444580,136769275.9699988067,0.0000000000,16.3164887484,16.1667156839,0.1273763142,0.0000000000
300000,18622653721,18453920800.3699264526,144248310.2399984896,0.0000000000,17.3436978096,17.1865530316,0.1343417077,0.0000000000
305000,19767938257,19587298734.1198234558,155729405.5999988317,0.0000000000,18.4103271523,18.2420934868,0.1450343110,0.0000000000
310000,20866880614,20673699985.7398910522,167797289.1599985957,0.0000000000,19.4337969776,19.2538834975,0.1562734034,0.0000000000
315000,22060513680,21855084613.0198936462,179445886.2499979734,0.0000000000,20.5454543978,20.3541336702,0.1671220048,0.0000000000
320000,23304195748,23087060561.3199119568,190644616.4799974263,0.0000000000,21.7037235834,21.5015006823,0.1775516351,0.0000000000
325000,24658774343,24428215750.0599212646,203449846.1099961698,0.0000000000,22.9652732080,22.7505487856,0.1894774345,0.0000000000
330000,26219076265,25978068184.9099998474,213388000.9899962842,0.0000000000,24.4184176112,24.1939613455,0.1987330625,0.0000000000
335000,27991291697,27735349141.2899169922,227784510.3099966347,0.0000000000,26.0689218501,25.8305567701,0.2121408566,0.0000000000
340000,29684610845,29415187576.7796478271,240745678.5799965262,0.0000000000,27.6459481986,27.3950282268,0.2242118852,0.0000000000
345000,31530713549,31244259765.6596107483,257311738.1699965596,0.0000000000,29.3652653219,29.0984844469,0.2396402305,0.0000000000
350000,33463082840,33157439244.9995307922,275940571.4399972558,0.0000000000,31.1649244651,30.8802716853,0.2569896834,0.0000000000
355000,35463736919,35144949274.2794799805,288552542.1399977207,0.0000000000,33.0281787729,32.7312846429,0.2687354965,0.0000000000
360000,37464902764,37130381171.9694290161,303699638.9799950719,0.0000000000,34.8919096999,34.5803621895,0.2828423297,0.0000000000
365000,40026372979,39615368959.9794387817,323366215.3999956250,0.0000000000,37.2774647353,36.8946874142,0.3011582563,0.0000000000
370000,42845074359,42386252889.9594955444,349660759.0399970412,0.0000000000,39.9025849616,39.4752741698,0.3256469584,0.0000000000
375000,45404664877,44827114968.6595230103,382260162.1899967194,0.0000000000,42.2863893928,41.7485041252,0.3560075184,0.0000000000
380000,48010893317,47406153176.1894607544,406704448.8299964070,0.0000000000,44.7136287736,44.1504206287,0.3787730344,0.0000000000
385000,50821158668,50180781324.5393981934,433589382.0799975991,0.0000000000,47.3308923356,46.7344944594,0.4038115796,0.0000000000
390000,53946809945,53286148332.6696395874,451032489.5399966240,0.0000000000,50.2418819303,49.6265928565,0.4200567394,0.0000000000
395000,57113294864,56435055115.1795730591,467873647.2699961662,0.0000000000,53.1909008175,52.5592408284,0.4357412898,0.0000000000
400000,60694674147,59997153380.2796936035,486562037.3599956036,0.0000000000,56.5263201920,55.8767033557,0.4531462093,0.0000000000
405000,64294326684,63572109114.5795135498,510373113.6599968076,0.0000000000,59.8787578605,59.2061403343,0.4753220022,0.0000000000
410000,68007007936,67261611635.1694717407,531939684.6099935174,0.0000000000,63.3364617229,62.6422573209,0.4954074366,0.0000000000
415000,71884796255,71115012185.8893737793,555456081.7499934435,0.0000000000,66.9479335239,66.2310162428,0.5173087881,0.0000000000
420000,75921923985,75128568970.1697845459,578357226.6499936581,0.0000000000,70.7078017155,69.9689322805,0.5386371414,0.0000000000
425000,79904624280,79085934710.1895294189,603015611.5799912214,0.0000000000,74.4169804081,73.6545163302,0.5616020519,0.0000000000
430000,83717784071,82873805759.9996337891,627715125.8099880219,0.0000000000,77.9682622021,77.1822461486,0.5846052671,0.0000000000
435000,87642647619,86769052847.1796417236,656821141.4099885225,0.0000000000,81.6235762266,80.8099776946,0.6117123565,0.0000000000
440000,91847888789,90942656295.9091949463,687921808.9599913359,0.0000000000,85.5400122600,84.6969488039,0.6406771103,0.0000000000
445000,96313433968,95372376428.3089141846,723242727.3299986124,0.0000000000,89.6988752931,88.8224471624,0.6735722789,0.0000000000
450000,100571258817,99579486777.9290618896,773394261.2800004482,0.0000000000,93.6642836938,92.7406240049,0.7202795346,0.0000000000
455000,105279641515,104258974913.6486816406,801718863.3600015640,0.0000000000,98.0493067903,97.0987369433,0.7466588759,0.0000000000
460000,110056629609,109001868132.0695953369,835285570.8500061035,0.0000000000,102.4982236410,101.5159004667,0.7779203084,0.0000000000
465000,114862071867,113780851476.0903625488,861185116.3300092220,0.0000000000,106.9736404968,105.9666755387,0.8020411398,0.0000000000
470000,119729146670,118612637706.1806182861,895991905.3500080109,0.0000000000,111.5064571332,110.4666271305,0.8344574881,0.0000000000
475000,124432161090,123284116340.2010192871,927011397.5300055742,0.0000000000,115.8864806313,114.8172806392,0.8633466414,0.0000000000
480000,128891979223,127703884748.7704620361,966583882.7000063658,0.0000000000,120.0400099372,118.9335107326,0.9002013902,0.0000000000
485000,133441816854,132214857636.1203765869,1004956207.8700088263,0.0000000000,124.2773764338,123.1346816161,0.9359384029,0.0000000000
490000,137738580087,136474054465.7597351074,1042079533.1600111723,0.0000000000,128.2790490305,127.1013677733,0.9705121938,0.0000000000
495000,142776400816,141449441872.4784851074,1104042818.1200098991,0.0000000000,132.9708852023,131.7350583826,1.0282199999,0.0000000000
500000,148040580515,146644989609.4690551758,1172170116.0700125694,0.0000000000,137.8735345928,136.5737892776,1.0916684904,0.0000000000
505000,153312141919,151854612843.6784973145,1233653050.8100221157,0.0000000000,142.7830587318,141.4256290008,1.1489289355,0.0000000000
510000,158514290811,156994242652.5988769531,1295665852.1800262928,0.0000000000,147.6279374314,146.2122822670,1.2066828573,0.0000000000
515000,162977074982,161417021180.1289367676,1335204784.3600242138,0.0000000000,151.7842290755,150.3313157522,1.2435063574,0.0000000000
520000,166510839193,164897150079.6483459473,1388363413.1700279713,0.0000000000,155.0753034586,153.5724383589,1.2930141885,0.0000000000
525000,170231615605,168587371870.6278076172,1418430673.5000300407,0.0000000000,158.5405465262,157.0092252182,1.3210165068,0.0000000000
530000,174189940407,172515234801.8679809570,1448423852.7200279236,0.0000000000,162.2270237720,160.6673326361,1.3489498316,0.0000000000
535000,178475182368,176773841816.7881774902,1474617212.9900248051,0.0000000000,166.2179663479,164.6334694855,1.3733442994,0.0000000000
540000,182356631220,180629128183.2877502441,1500338423.0700230598,0.0000000000,169.8328472860,168.2239847102,1.3972990430,0.0000000000
545000,186529269521,184770820099.5187988281,1530631343.9600157738,0.0000000000,173.7189195314,172.0812358889,1.4255115240,0.0000000000
550000,191477964439,189685891847.8295898438,1563426418.6100149155,0.0000000000,178.3277508235,176.6587531640,1.4560543174,0.0000000000
555000,196841045582,194932972064.8396911621,1678647072.5800089836,0.0000000000,183.3225093614,181.5454774209,1.5633619135,0.0000000000
560000,201438264846,199488448781.8498535156,1719588474.6200065613,0.0000000000,187.6040034425,185.7880957256,1.6014915655,0.0000000000
565000,206636223936,204630028734.4101562500,1775036690.3100092411,0.0000000000,192.4449800849,190.5765652046,1.6531317405,0.0000000000
570000,211824460115,209769459574.7904052734,1823137978.9200160503,0.0000000000,197.2769015608,195.3630331669,1.6979295564,0.0000000000
575000,217811270640,215678808988.2101135254,1899490277.5000176430,0.0000000000,202.8525533527,200.8665436769,1.7690381757,0.0000000000
580000,223859013658,221630431716.6794738770,1994778375.1300187111,0.0000000000,208.4849529509,206.4094242795,1.8577821321,0.0000000000
585000,229757885241,227479606558.8394470215,2043760987.0300183296,0.0000000000,213.9787052209,211.8568928529,1.9034007443,0.0000000000
590000,234979668685,232642819599.5596923828,2101557911.9700207710,0.0000000000,218.8418700220,216.6655097153,1.9572283253,0.0000000000
595000,240054812535,237671952999.1098937988,2146834015.6000173092,0.0000000000,223.5684660589,221.3492551810,1.9993949827,0.0000000000
600000,245111398228,242683524502.6697082520,2191146330.8000340462,0.0000000000,228.2777784653,226.0166448566,2.0406640422,0.0000000000
605000,250518302099,248042151479.0201110840,2238780525.8600392342,0.0000000000,233.3133500991,231.0072551286,2.0850268433,0.0000000000
610000,255502365323,252969989545.2107238770,2294336977.3100447655,0.0000000000,237.9551206930,235.5966619637,2.1367678207,0.0000000000
615000,260306981112,257717952524.9907226562,2350315165.7100572586,0.0000000000,242.4297678396,240.0185470702,2.1889015713,0.0000000000
620000,265725763063,263084336341.8309631348,2401845950.6500501633,0.0000000000,247.4764017975,245.0163814629,2.2368933546,0.0000000000
625000,271225257157,268504000538.4703979492,2480991257.3600487709,0.0000000000,252.5982047962,250.0638370760,2.3106031654,0.0000000000
630000,276919087218,274116900523.9392089844,2561388482.8100457191,0.0000000000,257.9009972680,255.2912575416,2.3854789164,0.0000000000
635000,282952588798,280065912379.7599487305,2645373895.6200323105,0.0000000000,263.5201334935,260.8317065796,2.4636964273,0.0000000000
640000,288867363916,285917853140.4197387695,2707680159.0300340652,0.0000000000,269.0286970846,266.2817511153,2.5217236569,0.0000000000
645000,295294416147,292261548237.3601684570,2790511241.5800404549,0.0000000000,275.0143559156,272.1897775655,2.5988661140,0.0000000000
650000,301522226096,298436801208.3612670898,2842500721.5800490379,0.0000000000,280.8144559115,277.9409300614,2.6472850904,0.0000000000
655000,307759799369,304613421192.6701049805,2902980143.7700505257,0.0000000000,286.6236487115,283.6933556876,2.7036109416,0.0000000000
660000,314086300733,310865294381.2994995117,2977153598.9200530052,0.0000000000,292.5156622501,289.5158663218,2.7726903548,0.0000000000
665000,320542903886,317211943969.3087158203,3086659200.1200594902,0.0000000000,298.5288425218,295.4266443563,2.8746753932,0.0000000000
670000,327094012203,323584214534.1188354492,3265054630.4100751877,0.0000000000,304.6300375862,301.3612837848,3.0408190847,0.0000000000
675000,333711027568,328056175542.9495849609,5409659016.4800767899,0.0000000000,310.7926133722,305.5261220252,5.0381375630,0.0000000000
680000,340368518564,334248424891.4286499023,5874364768.6000823975,0.0000000000,316.9928850271,311.2931036311,5.4709285205,0.0000000000
685000,347081875865,340821825904.2766723633,6013834533.9600839615,0.0000000000,323.2451862330,317.4150603863,5.6008198615,0.0000000000
690000,353578975134,347234919270.7582397461,6097182057.1900424957,0.0000000000,329.2960814517,323.3877190116,5.6784432914,0.0000000000
695000,358559754584,352147270127.6184692383,6164990775.5800399780,0.0000000000,333.9347937927,327.9627022591,5.7415950816,0.0000000000
700000,363817204720,357336016096.8275756836,6232922720.0100488663,0.0000000000,338.8311757892,332.7950985141,5.8048616350,0.0000000000
701000,364962353856,358463104596.1179809570,6250789607.4500551224,0.0000000000,339.8976790309,333.8447814771,5.8215014706,0.0000000000
702000,366028655934,359514768141.1088256836,6265195978.2600383759,0.0000000000,340.8907502275,334.8242194775,5.8349184489,0.0000000000
703000,367098317775,360566951158.8693237305,6282410697.8800535202,0.0000000000,341.8869504472,335.8041412745,5.8509509059,0.0000000000
704000,368264241280,361716340063.3388671875,6298690880.1200685501,0.0000000000,342.9728013277,336.8745931083,5.8661130072,0.0000000000
705000,369480429649,362906311532.8695068359,6324690972.5300722122,0.0000000000,344.1054650107,337.9828404010,5.8903274802,0.0000000000
706000,370708708734,364104663138.1596679688,6354493949.0300626755,0.0000000000,345.2493890505,339.0988923033,5.9180836650,0.0000000000
707000,371827140416,365191259178.5595703125,6386209168.7200765610,0.0000000000,346.2910097241,340.1108637252,5.9476207650,0.0000000000
708000,372970654215,366302836018.5497436523,6418017331.5000772476,0.0000000000,347.3559899395,341.1461003297,5.9772444251,0.0000000000
709000,374182741435,367440125086.2108764648,6489187118.4000597000,0.0000000000,348.4848341299,342.2052833123,6.0435264543,0.0000000000
710000,375354556069,368446993001.8106079102,6524327037.5900640488,0.0000000000,349.5761715518,343.1430021318,6.0762530543,0.0000000000
711000,376564875018,369621379514.5004272461,6560102777.0200586319,0.0000000000,350.7033689115,344.2367348024,6.1095718080,0.0000000000
712000,377739378292,370751842037.7902221680,6603931635.0200653076,0.0000000000,351.7972103246,345.2895600701,6.1503906129,0.0000000000
713000,378964776340,371950190700.0707397461,6630813899.0500564575,0.0000000000,352.9384511895,346.4056092315,6.1754266723,0.0000000000
714000,380013993378,372966098314.8303222656,6663997435.1600580215,0.0000000000,353.9156107027,347.3517469269,6.2063312485,0.0000000000
715000,381203166743,374120245851.2996215820,6698868963.5700693130,0.0000000000,355.0231147027,348.4266305820,6.2388078902,0.0000000000
716000,382347210069,375214278392.7796020508,6748705196.9000711441,0.0000000000,356.0885880785,349.4455277853,6.2852214993,0.0000000000
717000,383509361139,376321651710.3699951172,6803166005.3800668716,0.0000000000,357.1709256051,350.4768495545,6.3359420797,0.0000000000
718000,384663947381,377423462006.7006835938,6855747725.1900577545,0.0000000000,358.2462178366,351.5029903564,6.3849126223,0.0000000000
719000,385717668814,378420790398.5605468750,6911963563.1200647354,0.0000000000,359.2275723945,352.4318248020,6.4372677013,0.0000000000
720000,386865093604,379485068357.8311157227,6994919705.2500619888,0.0000000000,360.2961950041,353.4230108911,6.5145266291,0.0000000000
721000,387995068553,380158467768.7011108398,7451280205.1100521088,0.0000000000,361.3485661829,354.0501629642,6.9395454648,0.0000000000
722000,389274929352,380340511287.5924682617,8548853281.7400436401,0.0000000000,362.5405294374,354.2197042029,7.9617400484,0.0000000000
723000,390600088561,380885848614.4525146484,9328445504.6900577545,0.0000000000,363.7746801237,354.7275891662,8.6877918846,0.0000000000
724000,391677032035,381947379813.3422851562,9343602933.3600597382,0.0000000000,364.7776618926,355.7162171354,8.7019083401,0.0000000000
725000,392808409677,383048706707.4516601562,9373384376.2300529480,0.0000000000,365.8313394310,356.7419077339,8.7296444701,0.0000000000
726000,394056549357,384266708395.0123901367,9403258725.6200504303,0.0000000000,366.9937600913,357.8762602015,8.7574671261,0.0000000000
727000,395246573885,385436728047.8320922852,9423014077.1500644684,0.0000000000,368.1020567985,358.9659259169,8.7758657310,0.0000000000
728000,396389505302,386562361127.5317993164,9440011616.0100498199,0.0000000000,369.1664946284,360.0142534147,8.7916959226,0.0000000000
729000,397506749804,387664026057.2716064453,9455224328.9001007080,0.0000000000,370.2070096545,361.0402588335,8.8058638656,0.0000000000
730000,398690148177,388824419967.3109130859,9477874458.8500938416,0.0000000000,371.3091352740,362.1209598773,8.8269584429,0.0000000000
731000,399882773104,389986794069.9306030273,9507836825.9801235199,0.0000000000,372.4198537916,363.2035051192,8.8548630718,0.0000000000
732000,401031998424,391100291212.0808105469,9543313765.4401206970,0.0000000000,373.4901532754,364.2405301445,8.8879035464,0.0000000000
733000,402140053243,392159312145.8208007812,9592055059.0601005554,0.0000000000,374.5221097423,365.2268202471,8.9332974135,0.0000000000
734000,403253930039,393253239772.5612792969,9611741470.0201091766,0.0000000000,375.5594883477,366.2456197409,8.9516318124,0.0000000000
735000,404393315309,394378060680.8112182617,9626105259.3100891113,0.0000000000,376.6206235709,367.2931908451,8.9650091336,0.0000000000
736000,405617032120,395585344406.9503173828,9642339075.5501117706,0.0000000000,377.7602986619,368.4175614332,8.9801280532,0.0000000000
737000,407014003041,396956875375.6400146484,9667583592.3901062012,0.0000000000,379.0613292167,369.6948991862,9.0036388416,0.0000000000
738000,408245941633,398168248127.9799804688,9687906181.8101100922,0.0000000000,380.2086614380,370.8230779767,9.0225657279,0.0000000000
739000,409473731165,399380849594.9204101562,9702914750.6900711060,0.0000000000,381.3521295460,371.9524010969,9.0365435469,0.0000000000
740000,410577699268,400468597303.5703125000,9718962917.7600555420,0.0000000000,382.3802799620,372.9654450934,9.0514895672,0.0000000000
741000,411795470884,401655741559.6295166016,9749405412.2900581360,0.0000000000,383.5144181587,374.0710593384,9.0798413495,0.0000000000
742000,413000233145,402835180401.9890136719,9774574083.0001049042,0.0000000000,384.6364404494,375.1694973577,9.1032815007,0.0000000000
743000,414209900342,404025804644.9096069336,9793445732.4401035309,0.0000000000,385.7630308177,376.2783525930,9.1208570939,0.0000000000
744000,415381260139,405179006890.8097534180,9811415628.7101154327,0.0000000000,386.8539446397,377.3523558777,9.1375928640,0.0000000000
745000,416584829184,406362167090.4987792969,9831608940.6901321411,0.0000000000,387.9748556614,378.4542596810,9.1563993513,0.0000000000
746000,417825698994,407584900276.2982788086,9849499566.2001152039,0.0000000000,389.1305057276,379.5930186997,9.1730612947,0.0000000000
747000,418931685391,408665117929.0986938477,9875018396.4201087952,0.0000000000,390.1605358263,380.5990497853,9.1968275573,0.0000000000
748000,420124753507,409842709537.5780639648,9890240012.2401199341,0.0000000000,391.2716670958,381.6957674339,9.2110037918,0.0000000000
749000,421266267307,410967130041.3875122070,9907105219.1801166534,0.0000000000,392.3347846670,382.7429656325,9.2267107397,0.0000000000
750000,422500892616,412164453718.7470092773,9944151494.5300979614,0.0000000000,393.4846190885,383.8580602023,9.2612127723,0.0000000000
751000,423573669844,413218779201.7976074219,9962333257.7101078033,0.0000000000,394.4837207384,384.8399773257,9.2781458587,0.0000000000
752000,424614763866,414235170087.7074584961,9986811878.8300914764,0.0000000000,395.4533151034,385.7865651024,9.3009433512,0.0000000000
753000,425812141771,415413538909.5067138672,10005606208.3701057434,0.0000000000,396.5684601767,386.8840065873,9.3184469346,0.0000000000
754000,427009945415,416597636850.2567138672,10019107058.6701164246,0.0000000000,397.6840017503,387.9867837301,9.3310205812,0.0000000000
755000,428209483875,417784554512.1762695312,10031491629.6100845337,0.0000000000,398.8011589972,389.0921869429,9.3425546117,0.0000000000
756000,429418321235,418978162159.0569458008,10046394023.4401035309,0.0000000000,399.9269765196,390.2038206896,9.3564335475,0.0000000000
757000,430496540497,420044356373.8068847656,10058078795.0401153564,0.0000000000,400.9311464587,391.1967914308,9.3673158391,0.0000000000
758000,431517219169,421054349944.2576904297,10068555448.7600994110,0.0000000000,401.8817275474,392.1374212431,9.3770729832,0.0000000000
759000,432684878899,422208084682.1373291016,10082239937.3500976562,0.0000000000,402.9691954134,393.2119204496,9.3898176563,0.0000000000
760000,433852835054,423360156015.8273925781,10097884924.6300964355,0.0000000000,404.0569393467,394.2848704903,9.4043881862,0.0000000000
761000,435086289696,424573967509.3967285156,10117088065.6500797272,0.0000000000,405.2056834996,395.4153205356,9.4222725049,0.0000000000
762000,436268400045,425737662870.0172729492,10134777956.3800792694,0.0000000000,406.3066095533,396.4990962949,9.4387474995,0.0000000000
763000,437509856682,426951191370.7271118164,10162506468.3600845337,0.0000000000,407.4628061447,397.6292827825,9.4645716887,0.0000000000
764000,438863680076,428267243479.2374267578,10200042200.4200744629,0.0000000000,408.7236524336,398.8549518206,9.4995295633,0.0000000000
765000,440289605273,429649007848.5175170898,10244006404.5100498199,0.0000000000,410.0516487593,400.1418201705,9.5404744190,0.0000000000
766000,441565152258,430873283773.2171020508,10295059382.3000564575,0.0000000000,411.2395944614,401.2820159767,9.5880212097,0.0000000000
767000,442697215792,431976629628.6668090820,10323575384.9600849152,0.0000000000,412.2939107865,402.3095868795,9.6145788068,0.0000000000
768000,443871803818,433109620896.9479980469,10364974221.0501079559,0.0000000000,413.3878311310,403.3647672245,9.6531344774,0.0000000000
769000,445092257591,434312629746.4777832031,10382186568.9001197815,0.0000000000,414.5244672811,404.4851565235,9.6691647255,0.0000000000
770000,446233370644,435434960664.0277099609,10400768114.3101158142,0.0000000000,415.5872116275,405.5304086432,9.6864701382,0.0000000000
771000,447320783411,436501277178.7573242188,10421676208.7001075745,0.0000000000,416.5999436853,406.5234932851,9.7059423185,0.0000000000
772000,448581912187,437737828612.9082031250,10446098734.1601085663,0.0000000000,417.7744613839,407.6751215504,9.7286875678,0.0000000000
773000,449789720458,438901882402.7877197266,10489664775.5601177216,0.0000000000,418.8993204925,408.7592311229,9.7692616056,0.0000000000
774000,450901225866,439967259181.9077148438,10535585447.5301055908,0.0000000000,419.9344905708,409.7514405678,9.8120285641,0.0000000000
775000,452260523034,441267365103.8676147461,10594555118.3501167297,0.0000000000,421.2004347090,410.9622585623,9.8669483497,0.0000000000
776000,454305082201,443020940016.3980712891,10885363096.4001064301,0.0000000000,423.1045788163,412.5954024646,10.1377843846,0.0000000000
777000,456568735136,444876929865.2382202148,11292863957.2600994110,0.0000000000,425.2127698958,414.3239277091,10.5172991355,0.0000000000
778000,458640919009,446612763754.0980224609,11629037693.5000915527,0.0000000000,427.1426415155,415.9405489956,10.8303853250,0.0000000000
779000,460584656772,448374742415.7880249023,11810644540.8100929260,0.0000000000,428.9528883733,417.5815194992,10.9995198816,0.0000000000
780000,462551586127,450116253403.3383178711,12035894820.3401355743,0.0000000000,430.7847340843,419.2034279959,11.2093005519,0.0000000000
781000,464587232840,451948769122.3679199219,12238897739.4901313782,0.0000000000,432.6805778220,420.9100912533,11.3983617532,0.0000000000
782000,466693211000,453728568318.4273681641,12564921282.8801479340,0.0000000000,434.6419228241,422.5676584229,11.7019948390,0.0000000000
783000,468862217897,455599515378.2072143555,12862807648.3601512909,0.0000000000,436.6619679118,424.3101136556,11.9794231359,0.0000000000
784000,470725969738,457211940829.0075073242,13113955661.6101398468,0.0000000000,438.3977220748,425.8118018778,12.2133229502,0.0000000000
785000,472610137081,458840101814.9274902344,13369670977.8801441193,0.0000000000,440.1524896557,427.3281449591,12.4514763969,0.0000000000
786000,474438685853,460422870552.0379028320,13614485733.2801342010,0.0000000000,441.8554584058,428.8022132144,12.6794779052,0.0000000000
787000,476131591981,461799109522.2473754883,13930539774.1701240540,0.0000000000,443.4321000995,430.0839356354,12.9738261683,0.0000000000
788000,477752483081,462973195456.5172729492,14375249464.2701320648,0.0000000000,444.9416725719,431.1773883705,13.3879943418,0.0000000000
789000,479398409862,464115849112.3673706055,14877725105.6601181030,0.0000000000,446.4745613392,432.2415675152,13.8559612498,0.0000000000
790000,481108635457,465241348501.1170654297,15461269907.8001327515,0.0000000000,448.0673330436,433.2897705036,14.3994296974,0.0000000000
791000,482836812081,466499147920.0477294922,15928906124.0701351166,0.0000000000,449.6768229464,434.4611874968,14.8349498623,0.0000000000
792000,484569130445,467896537800.5573120117,16253712043.0001220703,0.0000000000,451.2901701452,435.7626082381,15.1374489469,0.0000000000
793000,486246580486,469307285120.9882812500,16518204725.6301193237,0.0000000000,452.8524172362,437.0764690647,15.3837769531,0.0000000000
794000,488006208049,470759361580.4887084961,16822956379.3101234436,0.0000000000,454.4911981085,438.4288206515,15.6675990478,0.0000000000
795000,489751926547,472105826445.6185913086,17220400082.0701026917,0.0000000000,456.1170251546,439.6828137763,16.0377473403,0.0000000000
796000,491477324985,473543413267.0084838867,17507344211.3000869751,0.0000000000,457.7239276702,441.0216708360,16.3049848855,0.0000000000
797000,493192673684,474977663158.7481079102,17787111228.8400573730,0.0000000000,459.3214706369,442.3574201378,16.5655382246,0.0000000000
798000,494922346431,476338922664.0988159180,18154807255.7400321960,0.0000000000,460.9323539129,443.6251918451,16.9079818351,0.0000000000
799000,496593435231,477619310604.4279174805,18544909892.0599899292,0.0000000000,462.4886766365,444.8176460382,17.2712932267,0.0000000000
800000,498266302638,478873057925.2175292969,18963643262.5399742126,0.0000000000,464.0466558170,445.9852892209,17.6612690674,0.0000000000
801000,499936758220,480150496403.9284057617,19356282397.3499984741,0.0000000000,465.6023888104,447.1749965138,18.0269427573,0.0000000000
802000,501593740293,481441145654.6284790039,19722214787.0900764465,0.0000000000,467.1455736207,448.3770072969,18.3677438526,0.0000000000
803000,503225549559,482698556334.9887695312,20096178689.9600906372,0.0000000000,468.6653144276,449.5480622491,18.7160248775,0.0000000000
804000,504900327440,483982776699.5086059570,20486274440.8200531006,0.0000000000,470.2250728756,450.7440856653,19.0793298565,0.0000000000
805000,506560680075,485315783699.6181030273,20813118352.3301010132,0.0000000000,471.7713967664,451.9855451767,19.3837269697,0.0000000000
806000,508223673106,486612482551.3272705078,21178994130.6500816345,0.0000000000,473.3201797176,453.1931900897,19.7244753415,0.0000000000
807000,509850438267,487854902631.4177856445,21562998315.5000801086,0.0000000000,474.8352228357,454.3502839575,20.0821071076,0.0000000000
808000,511498109454,489160882841.6174926758,21904264889.3100624084,0.0000000000,476.3697362076,455.5665728092,20.3999363718,0.0000000000
809000,513179156272,490422443237.1680297852,22323354238.3500862122,0.0000000000,477.9353330582,456.7414924849,20.7902437433,0.0000000000
810000,514891493434,491911802418.1992187500,22545972690.6001281738,0.0000000000,479.5300713126,458.1285663119,20.9975733334,0.0000000000
811000,516570788496,493349994176.2493896484,22786791762.5601119995,0.0000000000,481.0940367132,459.4679867628,21.2218535715,0.0000000000
812000,518205710872,494633668582.6696166992,23137761221.7201042175,0.0000000000,482.6166768298,460.6635017159,21.5487193519,0.0000000000
813000,519917178424,495939904694.7811279297,23542657420.0800895691,0.0000000000,484.2106051967,461.8800288949,21.9258083218,0.0000000000
814000,521556591636,497237529569.3217773438,23884035658.8200874329,0.0000000000,485.7374277301,463.0885362339,22.2437415820,0.0000000000
815000,523213535810,498499428476.5720214844,24278784692.6300582886,0.0000000000,487.2805772442,464.2637711731,22.6113802685,0.0000000000
816000,524872911163,499633007325.3911743164,24804362340.1800498962,0.0000000000,488.8259909702,465.3194987452,23.1008625964,0.0000000000
817000,526533019416,500745746645.8818969727,25351532223.5200233459,0.0000000000,490.3720872626,466.3558179940,23.6104542609,0.0000000000
818000,528238448034,501825005532.9716796875,25977522462.3600158691,0.0000000000,491.9603914339,467.3609561594,24.1934531018,0.0000000000
819000,529981373344,502894000728.5517578125,26651247587.7099647522,0.0000000000,493.5836171210,468.3565355172,24.8209085201,0.0000000000
820000,531684874463,504141091879.3815307617,27107448969.0199584961,0.0000000000,495.1701261690,469.5179796586,25.2457791651,0.0000000000
821000,533388968215,505389408617.5413818359,27562974279.0099983215,0.0000000000,496.7571871495,470.6805652171,25.6700201696,0.0000000000
822000,535015454811,506482574970.4512939453,28096142832.9499206543,0.0000000000,498.2719708337,471.6986557194,26.1665720799,0.0000000000
823000,536767517356,507560650383.5214843750,28769934052.7299728394,0.0000000000,499.9037062339,472.7026916887,26.7940890535,0.0000000000
824000,538442774721,508795241772.8822021484,29210375347.8200416565,0.0000000000,501.4639112363,473.8524945200,27.2042819744,0.0000000000
825000,540208050480,510172502609.3922119141,29598105241.1000404358,0.0000000000,503.1079524010,475.1351686282,27.5653835769,0.0000000000
826000,541912202611,511279316573.1533813477,30195086702.8900070190,0.0000000000,504.6950677512,476.1659694586,28.1213658889,0.0000000000
827000,543594083140,512543123311.5432128906,30612702247.0599899292,0.0000000000,506.2614410557,477.3429812040,28.5103006727,0.0000000000
828000,545306356031,513491035325.5036010742,31376716413.9500007629,0.0000000000,507.8561194530,478.2257930613,29.2218443136,0.0000000000
829000,546965165583,514259737230.6542358398,32265965586.3699798584,0.0000000000,509.4010062357,478.9417024987,30.0500221424,0.0000000000
830000,548520443229,515565844337.2351074219,32514978369.6199493408,0.0000000000,510.8494714173,480.1581095320,30.2819333688,0.0000000000
831000,550450377731,517036446665.9046020508,32974189802.6699676514,0.0000000000,512.6468629865,481.5277146789,30.7096073429,0.0000000000
832000,552216895010,518389048090.3341674805,33387957835.5499610901,0.0000000000,514.2920604069,482.7874229200,31.0949588526,0.0000000000
833000,553965942746,519824199184.7246704102,33701695475.7099494934,0.0000000000,515.9209880475,484.1240115321,31.3871497993,0.0000000000
834000,555728323312,521246305062.5852050781,34041831614.0800247192,0.0000000000,517.5623328537,485.4484508397,31.7039262635,0.0000000000
835000,557443496990,522642858061.6143188477,34360284461.3300018311,0.0000000000,519.1597128194,486.7490921743,32.0005085890,0.0000000000
836000,559223116664,524064093622.7544555664,34718529288.6799392700,0.0000000000,520.8171127960,488.0727209363,32.3341500840,0.0000000000
837000,561026932656,525468796475.6049194336,35115853930.4898834229,0.0000000000,522.4970473498,489.3809524138,32.7041874924,0.0000000000
838000,562900627020,526930840267.7545776367,35527358060.7499542236,0.0000000000,524.2420612089,490.7425868025,33.0874305784,0.0000000000
839000,564719245452,528268108278.1943969727,36008465372.6199874878,0.0000000000,525.9357816093,491.9880146889,33.5354966788,0.0000000000
840000,566591674851,529605541597.8931884766,36543360154.7800598145,0.0000000000,527.6796173779,493.2335965316,34.0336562645,0.0000000000
840025,566627973011,529637631218.3131713867,36547566385.1600723267,0.0000000000,527.7134226738,493.2634823195,34.0375736218,0.0000000000
840050,566663248733,529669747803.8730468750,36550723451.7800598145,0.0000000000,527.7462757500,493.2933932206,34.0405138692,0.0000000000
840075,566699444215,529699133316.0031127930,36557530861.9700469971,0.0000000000,527.7799854195,493.3207606114,34.0468537640,0.0000000000
840100,566735546636,529730356512.3331298828,36562408009.9500427246,0.0000000000,527.8136084192,493.3498394790,34.0513959620,0.0000000000
840125,566772035050,529760410353.7732543945,36568838685.1700515747,0.0000000000,527.8475909028,493.3778293000,34.0573849950,0.0000000000
840150,566809459772,529791049631.9932250977,36575622059.3000640869,0.0000000000,527.8824453913,493.4063643515,34.0637025044,0.0000000000
840175,566845237548,529820295319.2232055664,36582151704.2200622559,0.0000000000,527.9157660417,493.4336015202,34.0697837101,0.0000000000
840200,566881815856,529847863769.3433227539,36591159495.0800399780,0.0000000000,527.9498322457,493.4592766402,34.0781728691,0.0000000000
840225,566919334161,529876066620.3933715820,36600472876.2400512695,0.0000000000,527.9847738901,493.4855425920,34.0868466312,0.0000000000
840250,566955650780,529907304872.9334106445,36605548684.9300460815,0.0000000000,528.0185963772,493.5146354818,34.0915738465,0.0000000000
840275,566994283391,529937933204.1834106445,36613550291.9700469971,0.0000000000,528.0545758000,493.5431603381,34.0990259237,0.0000000000
840300,567034064828,529969660295.9935302734,36621602326.4000549316,0.0000000000,528.0916251503,493.5727084950,34.1065249652,0.0000000000
840325,567072155482,529998231130.3536987305,36631120065.5500564575,0.0000000000,528.1270998362,493.5993171580,34.1153890505,0.0000000000
840350,567108070157,530029651148.6735839844,36635612636.8900527954,0.0000000000,528.1605479838,493.6285793303,34.1195730836,0.0000000000
840375,567147943210,530060912645.4037475586,36644221550.7700576782,0.0000000000,528.1976826582,493.6576938679,34.1275907594,0.0000000000
840400,567185016129,530089952328.3136596680,36652252105.8500595093,0.0000000000,528.2322095046,493.6847391802,34.1350697967,0.0000000000
840425,567220286161,530119142842.0036010742,36658329513.6200637817,0.0000000000,528.2650572816,493.7119249646,34.1407298237,0.0000000000
840450,567255616671,530150429918.4736938477,36662370881.1200714111,0.0000000000,528.2979613831,493.7410633252,34.1444936405,0.0000000000
840475,567291309683,530180339645.8336791992,36668152085.6100769043,0.0000000000,528.3312030910,493.7689189295,34.1498778068,0.0000000000
840500,567326897259,530212344463.3337402344,36671732761.2900695801,0.0000000000,528.3643466039,493.7987257385,34.1532125709,0.0000000000
840525,567362995165,530244797463.7037963867,36675375591.8500671387,0.0000000000,528.3979653986,493.8289499504,34.1566052212,0.0000000000
840550,567399652258,530278584980.2136840820,36678243088.7700729370,0.0000000000,528.4321049768,493.8604170272,34.1592757858,0.0000000000
840575,567436160410,530311567503.8637084961,36681766631.9200515747,0.0000000000,528.4661058430,493.8911343961,34.1625573411,0.0000000000
840600,567472983787,530343295096.8937988281,36686860346.2900466919,0.0000000000,528.5004002852,493.9206830197,34.1673012323,0.0000000000
840625,567508425891,530372644501.9637451172,36692950969.4900436401,0.0000000000,528.5334083168,493.9480167832,34.1729735671,0.0000000000
840650,567545673432,530402193751.8937988281,36700645115.9900283813,0.0000000000,528.5680977926,493.9755366667,34.1801392995,0.0000000000
840675,567583376181,530428904244.3239135742,36711635108.1300430298,0.0000000000,528.6032112138,494.0004127513,34.1903745272,0.0000000000
840700,567622740526,530458510198.7836914062,36721391415.0700378418,0.0000000000,528.6398721170,494.0279854450,34.1994607961,0.0000000000
840725,567669739391,530485701582.4637451172,36741194625.7300262451,0.0000000000,528.6836432209,494.0533093945,34.2179039733,0.0000000000
840750,567709153836,530516802523.1037597656,36749506050.4000167847,0.0000000000,528.7203507833,494.0822744026,34.2256445907,0.0000000000
840775,567749425120,530548236085.2938232422,36758341693.3200073242,0.0000000000,528.7578563392,494.1115491887,34.2338734244,0.0000000000
840800,567790235159,530578355016.4036865234,36769028004.0100021362,0.0000000000,528.7958636498,494.1395996291,34.2438258268,0.0000000000
840825,567826919697,530608867113.3437500000,36775196849.8399963379,0.0000000000,528.8300287882,494.1680162338,34.2495710122,0.0000000000
840850,567865251236,530642836880.3236694336,36779556124.8700103760,0.0000000000,528.8657278158,494.1996530446,34.2536309034,0.0000000000
840875,567907384109,530675995555.2039184570,36788525346.0100021362,0.0000000000,528.9049671115,494.2305344671,34.2619841416,0.0000000000
840900,567943418896,530707314735.3240966797,36793238548.3000030518,0.0000000000,528.9385271221,494.2597027266,34.2663736532,0.0000000000
840925,567982039498,530740066628.7239990234,36799105192.9600067139,0.0000000000,528.9744953606,494.2902053043,34.2718373919,0.0000000000
840950,568022386776,530773958628.5040893555,36805558363.5199966431,0.0000000000,529.0120716915,494.3217696887,34.2778473753,0.0000000000
840975,568062371226,530807294910.9640502930,36812203781.9199676514,0.0000000000,529.0493101124,494.3528165212,34.2840364034,0.0000000000
841000,568101652665,530838128560.2940063477,36820648647.2999649048,0.0000000000,529.0858938033,494.3815325948,34.2919012972,0.0000000000
841025,568141592865,530867969200.5540771484,36830745941.8499679565,0.0000000000,529.1230910132,494.4093238568,34.3013051356,0.0000000000
841050,568178855200,530898584637.2340087891,36837389657.5599670410,0.0000000000,529.1577942669,494.4378367041,34.3074925780,0.0000000000
841075,568219076764,530929261058.4739990234,36846931349.1999664307,0.0000000000,529.1952535175,494.4664063477,34.3163789708,0.0000000000
841100,568259279453,530960902794.5139160156,36855489992.2999649048,0.0000000000,529.2326951893,494.4958750107,34.3243498283,0.0000000000
841125,568297310582,530992897328.5639038086,36861524514.4799652100,0.0000000000,529.2681144383,494.5256722426,34.3299699151,0.0000000000
841150,568335818276,531022628893.2039184570,36870297953.5899810791,0.0000000000,529.3039775230,494.5533619199,34.3381408170,0.0000000000
841175,568376140652,531053166172.4338989258,36880079377.0399780273,0.0000000000,529.3415306620,494.5818019774,34.3472504774,0.0000000000
841200,568414569628,531083136190.0338745117,36888533687.4199829102,0.0000000000,529.3773204349,494.6097137314,34.3551241676,0.0000000000
841225,568454688875,531115021440.7039184570,36896765623.0199813843,0.0000000000,529.4146843953,494.6394091851,34.3627907550,0.0000000000
841250,568494184187,531145420271.7940063477,36905858028.7199935913,0.0000000000,529.4514672710,494.6677203027,34.3712587177,0.0000000000
841275,568532577110,531176911383.0640869141,36912756934.7000122070,0.0000000000,529.4872234669,494.6970486856,34.3776838246,0.0000000000
841300,568584556742,531206125947.1940917969,36935518440.6500167847,0.0000000000,529.5356332716,494.7242568687,34.3988821289,0.0000000000
841325,568626651604,531239673745.9340209961,36944061402.0600433350,0.0000000000,529.5748371668,494.7555006910,34.4068383817,0.0000000000
841350,568667377084,531272181932.4439697266,36952276063.0700454712,0.0000000000,529.6127657257,494.7857762989,34.4144888810,0.0000000000
841375,568706753769,531306030414.6540527344,36957802185.4500579834,0.0000000000,529.6494381214,494.8173001545,34.4196354835,0.0000000000
841400,568751255235,531338280596.3640747070,36970051396.6800537109,0.0000000000,529.6908833412,494.8473354768,34.4310434504,0.0000000000
841425,568791891691,531370700713.5040283203,36978265657.7100524902,0.0000000000,529.7287289901,494.8775290637,34.4386935772,0.0000000000
841450,568830015009,531403488084.4340209961,36983598274.5300674438,0.0000000000,529.7642340967,494.9080646824,34.4436599636,0.0000000000
841475,568870638820,531439414817.4340209961,36988292101.4200592041,0.0000000000,529.8020679690,494.9415240599,34.4480314305,0.0000000000
841500,568910184101,531470770492.6941528320,36996479637.7900466919,0.0000000000,529.8388973819,494.9707263081,34.4556566680,0.0000000000
841525,568950108730,531505191643.0641479492,37001980751.0200729370,0.0000000000,529.8760800902,495.0027835025,34.4607799789,0.0000000000
841550,568989538920,531539672009.4240722656,37006928505.4100799561,0.0000000000,529.9128023162,495.0348958461,34.4653879343,0.0000000000
841575,569030566373,531573913407.0640258789,37013712019.3701019287,0.0000000000,529.9510121094,495.0667856327,34.4717055740,0.0000000000
841600,569071214464,531609566851.6140136719,37018703740.6300964355,0.0000000000,529.9888685942,495.0999904905,34.4763544767,0.0000000000
841625,569110455530,531644590534.6342773438,37022918839.1501007080,0.0000000000,530.0254146848,495.1326088371,34.4802800931,0.0000000000
841650,569150424622,531681382714.0343017578,37026093678.4401016235,0.0000000000,530.0626388025,495.1668742244,34.4832368926,0.0000000000
841675,569191225736,531716395285.1442871094,37031880155.2901229858,0.0000000000,530.1006378010,495.1994822222,34.4886259691,0.0000000000
841700,569232380217,531752256821.0742187500,37037170573.4001235962,0.0000000000,530.1389658982,495.2328808802,34.4935530549,0.0000000000
841725,569273525210,531789576171.7241821289,37040993533.8401184082,0.0000000000,530.1772851590,495.2676372339,34.4971134643,0.0000000000
841750,569314590210,531827932491.3543701172,37043698514.9301376343,0.0000000000,530.2155299205,495.3033593403,34.4996326742,0.0000000000
841775,569354732458,531864079341.8745117188,37047691620.4701232910,0.0000000000,530.2529153023,495.3370237182,34.5033515435,0.0000000000
841800,569394558357,531898862227.9644775391,37052732559.9301300049,0.0000000000,530.2900060611,495.3694178052,34.5080462843,0.0000000000
841825,569435224548,531935349288.5444946289,37056908743.9801330566,0.0000000000,530.3278794028,495.4033990284,34.5119356587,0.0000000000
841850,569477189705,531972921714.1445922852,37061298511.1501617432,0.0000000000,530.3669625008,495.4383910765,34.5160239480,0.0000000000
841875,569516068812,532007617629.7045898438,37065477732.5601577759,0.0000000000,530.4031714909,495.4707041659,34.5199161512,0.0000000000
841900,569561624922,532046198777.3145141602,37072450312.4501647949,0.0000000000,530.4455989245,495.5066356597,34.5264098723,0.0000000000
841925,569601025806,532081985687.2545776367,37076061408.5901565552,0.0000000000,530.4822938573,495.5399648168,34.5297729676,0.0000000000
841950,569640781054,532118389905.7346191406,37079410360.6701812744,0.0000000000,530.5193188172,495.5738688873,34.5328919223,0.0000000000
841975,569678317750,532152121421.3945922852,37083213463.6401824951,0.0000000000,530.5542775895,495.6052838093,34.5364338380,0.0000000000
842000,569714566509,532185277308.7844848633,37086303843.3601989746,0.0000000000,530.5880368771,495.6361626357,34.5393119784,0.0000000000
842025,569753513992,532219460555.5945434570,37091065999.1302032471,0.0000000000,530.6243095472,495.6679982651,34.5437470815,0.0000000000
842050,569790684537,532249910677.1244506836,37097784321.0302200317,0.0000000000,530.6589273149,495.6963571507,34.5500040064,0.0000000000
842075,569828465968,532282945250.3845825195,37102528869.3202362061,0.0000000000,530.6941140145,495.7271229945,34.5544227113,0.0000000000
842100,569865538869,532316318151.3944702148,37106226808.5502319336,0.0000000000,530.7286408441,495.7582039306,34.5578666856,0.0000000000
842125,569902249829,532350632600.1146240234,37108621242.8202285767,0.0000000000,530.7628305899,495.7901617513,34.5600966763,0.0000000000
842150,569937865270,532383261261.5145874023,37111605949.4102096558,0.0000000000,530.7960000541,495.8205495603,34.5628764009,0.0000000000
842175,569974529715,532415450292.9044799805,37116079290.9402008057,0.0000000000,530.8301464794,495.8505279318,34.5670425249,0.0000000000
842200,570011500119,532448341822.6645507812,37120155496.6202011108,0.0000000000,530.8645778513,495.8811605560,34.5708387872,0.0000000000
842225,570046897465,532480645749.1646118164,37123246844.4502105713,0.0000000000,530.8975441987,495.9112459320,34.5737178293,0.0000000000
842250,570084122422,532514345211.8046264648,37126769999.2702102661,0.0000000000,530.9322126415,495.9426310023,34.5769990229,0.0000000000
842275,570123052728,532549853169.7943725586,37130190005.9001998901,0.0000000000,530.9684693143,495.9757003652,34.5801841523,0.0000000000
842300,570159906120,532582445803.2643432617,37134447877.8502197266,0.0000000000,531.0027917102,496.0060546205,34.5841496045,0.0000000000
842325,570199203053,532617626752.4443969727,37138561784.5002059937,0.0000000000,531.0393898310,496.0388194327,34.5879809787,0.0000000000
842350,570239271224,532654037259.4641723633,37142217372.6301803589,0.0000000000,531.0767062232,496.0727293598,34.5913855104,0.0000000000
842375,570278948786,532690762755.4741821289,37145166855.8301773071,0.0000000000,531.1136588324,496.1069326433,34.5941324307,0.0000000000
842400,570325092500,532722931101.5441284180,37159139829.1501846313,0.0000000000,531.1566335149,496.1368917502,34.6071457762,0.0000000000
842425,570373263006,532757263469.9840698242,37172975131.9901733398,0.0000000000,531.2014957946,496.1688662600,34.6200309060,0.0000000000
842450,570413963819,532790599405.1441650391,37180337065.5401763916,0.0000000000,531.2394013805,496.1999127689,34.6268872410,0.0000000000
842475,570456040536,532825581604.8641357422,37187429218.0401916504,0.0000000000,531.2785883769,496.2324924812,34.6334923227,0.0000000000
842500,570499249954,532862640719.1541137695,37193576771.1701736450,0.0000000000,531.3188302834,496.2670064710,34.6392176777,0.0000000000
842525,570542722130,532898353481.6641845703,37201333481.1601943970,0.0000000000,531.3593169022,496.3002665729,34.6464416768,0.0000000000
842550,570590498319,532935062402.2241821289,37212398460.5602035522,0.0000000000,531.4038119456,496.3344544193,34.6567467419,0.0000000000
842575,570630415521,532970072093.1143188477,37217303398.2002029419,0.0000000000,531.4409877369,496.3670597348,34.6613148211,0.0000000000
842600,570671332427,533005856166.2641601562,37222434162.3002166748,0.0000000000,531.4790945752,496.4003862499,34.6660932175,0.0000000000
842625,570712627403,533041296625.9041748047,37228286606.9302291870,0.0000000000,531.5175535185,496.4333927500,34.6715437313,0.0000000000
842650,570750573536,533075256140.3641357422,37232269772.8902435303,0.0000000000,531.5528936088,496.4650200124,34.6752533437,0.0000000000
842675,570790196140,533110880908.1242675781,37236263450.6302490234,0.0000000000,531.5897950344,496.4981981629,34.6789727459,0.0000000000
842700,570830619824,533147626956.8842163086,37239938560.5602569580,0.0000000000,531.6274425238,496.5324205876,34.6823954587,0.0000000000
842725,570874114495,533182755912.0241699219,37248302208.0302505493,0.0000000000,531.6679500928,496.5651369766,34.6901847124,0.0000000000
842750,570924599200,533215462810.6342163086,37266076878.2202606201,0.0000000000,531.7149676383,496.5955976496,34.7067386640,0.0000000000
842775,570987274519,533253049917.4741821289,37291162741.2802734375,0.0000000000,531.7733385777,496.6306033707,34.7301016946,0.0000000000
842800,571027357245,533288067813.8842163086,37296224405.5002593994,0.0000000000,531.8106685253,496.6632163281,34.7348157368,0.0000000000
842825,571065954563,533323291092.5241699219,37299595705.5202560425,0.0000000000,531.8466150789,496.6960205627,34.7379555046,0.0000000000
842850,571102949678,533356729876.3341674805,37303149289.6702651978,0.0000000000,531.8810694646,496.7271628569,34.7412650377,0.0000000000
842875,571142566470,533390997854.3543090820,37308493318.5302581787,0.0000000000,531.9179654773,496.7590773984,34.7462420524,0.0000000000
842900,571180936618,533426174346.9743041992,37311683864.6502609253,0.0000000000,531.9537004624,496.7918380601,34.7492134801,0.0000000000
842925,571217566883,533461283608.5244140625,37313202792.7002563477,0.0000000000,531.9878150551,496.8245361080,34.7506280920,0.0000000000
842950,571255152105,533497503239.0543212891,37314566089.3202514648,0.0000000000,532.0228190208,496.8582682675,34.7518977610,0.0000000000
842975,571291703687,533529229328.1943969727,37319389385.3702468872,0.0000000000,532.0568603342,496.8878154905,34.7563898055,0.0000000000
843000,571329036417,533561147399.2442626953,37324801979.3702163696,0.0000000000,532.0916291485,496.9175415107,34.7614306764,0.0000000000
843025,571369401847,533595275284.7742309570,37331036941.1802062988,0.0000000000,532.1292223847,496.9493255809,34.7672374371,0.0000000000
843050,571413056834,533626744481.1140747070,37343219099.3001937866,0.0000000000,532.1698792595,496.9786335538,34.7785829560,0.0000000000
843075,571459248282,533667236577.9340820312,37348916084.0001907349,0.0000000000,532.2128983978,497.0163447577,34.7838886864,0.0000000000
843100,571503503739,533700505925.8840942383,37359899474.2402114868,0.0000000000,532.2541145040,497.0473292525,34.7941177657,0.0000000000
843125,571548415651,533735640339.5041503906,37369673685.3802185059,0.0000000000,532.2959419815,497.0800507250,34.8032207092,0.0000000000
843149,571592203530,533771049738.7541503906,37378050037.7102203369,0.0000000000,532.3367226217,497.1130282979,34.8110217952,0.0000000000
843150,571593854698,533772343430.0841674805,37378407431.4002227783,0.0000000000,532.3382603917,497.1142331418,34.8113546440,0.0000000000
843175,571635891971,533805142930.7343139648,37387642605.4202194214,0.0000000000,532.3774106530,497.1447800572,34.8199555701,0.0000000000
843200,571676171685,533835728802.6242065430,37397332823.8302230835,0.0000000000,532.4149240600,497.1732653702,34.8289802892,0.0000000000
843225,571717281015,533872624297.6042480469,37401543999.0202331543,0.0000000000,532.4532101071,497.2076269776,34.8329022518,0.0000000000
843250,571758672794,533909750599.2244262695,37405806544.3302459717,0.0000000000,532.4917592052,497.2422035404,34.8368720564,0.0000000000
843275,571799909310,533948197487.1942749023,37408594099.1702423096,0.0000000000,532.5301637035,497.2780099951,34.8394681692,0.0000000000
843300,571840886505,533984756668.2042846680,37413009674.4902267456,0.0000000000,532.5683266902,497.3120583857,34.8435804942,0.0000000000
843325,571882106015,534022949851.1442871094,37416033562.6802062988,0.0000000000,532.6067153504,497.3476285591,34.8463967095,0.0000000000
843350,571923365341,534060748411.3942260742,37419492043.9202117920,0.0000000000,532.6451410921,497.3828312116,34.8496176711,0.0000000000
843375,571964892108,534098272398.3441772461,37423491782.4102096558,0.0000000000,532.6838159077,497.4177781477,34.8533427179,0.0000000000
843400,572004711417,534134004194.5841064453,37427577213.8102035522,0.0000000000,532.7209005291,497.4510559762,34.8571475724,0.0000000000
843425,572044973782,534169311766.3841552734,37432529301.4301910400,0.0000000000,532.7583977785,497.4839387148,34.8617595634,0.0000000000
843450,572085887826,534205337789.4840698242,37437413728.4901657104,0.0000000000,532.7965019513,497.5174905634,34.8663085406,0.0000000000
843475,572126285958,534239892177.1439819336,37443254852.9301681519,0.0000000000,532.8341256436,497.5496718447,34.8717485116,0.0000000000
843500,572165221944,534274730754.4340820312,37447348963.0301818848,0.0000000000,532.8703876063,497.5821177982,34.8755614488,0.0000000000
843525,572206889684,534309334298.2941894531,37454410564.2401809692,0.0000000000,532.9091937132,497.6143448598,34.8821380774,0.0000000000
843550,572249513624,534344920281.5642089844,37461445859.8601760864,0.0000000000,532.9488903508,497.6474868893,34.8886902070,0.0000000000
843575,572289811179,534380593550.5343017578,37466065065.8201828003,0.0000000000,532.9864203734,497.6807102100,34.8929921778,0.0000000000
843600,572329322204,534415519784.7843017578,37470647519.6401748657,0.0000000000,533.0232178830,497.7132378004,34.8972599205,0.0000000000
843625,572369220868,534451677275.0944213867,37474385872.0602035522,0.0000000000,533.0603764094,497.7469120874,34.9007415325,0.0000000000
843649,572407580599,534486442168.6143798828,37477978719.0602111816,0.0000000000,533.0961016929,497.7792894175,34.9040876320,0.0000000000
843650,572409084372,534487769149.2144165039,37478155428.0202102661,0.0000000000,533.0975021906,497.7805252645,34.9042522051,0.0000000000
843675,572450272489,534522531527.4943847656,37484579091.3302230835,0.0000000000,533.1358616138,497.8129002522,34.9102347077,0.0000000000
843700,572488879313,534555685090.3544921875,37490029298.9802322388,0.0000000000,533.1718170205,497.8437769137,34.9153106091,0.0000000000
843725,572531217495,534594502314.6243896484,37493547503.5602416992,0.0000000000,533.2112475252,497.8799282709,34.9185871925,0.0000000000
843750,572571431940,534630332457.9443359375,37497924387.8702468872,0.0000000000,533.2487001456,497.9132976923,34.9226634836,0.0000000000
843775,572613468601,534669729088.5643920898,37500562051.0502319336,0.0000000000,533.2878498370,497.9499886637,34.9251199989,0.0000000000
843800,572652010214,534705104175.4644165039,37503726505.5002288818,0.0000000000,533.3237445112,497.9829342807,34.9280671268,0.0000000000
843825,572688591713,534738504825.5942993164,37506905278.4702377319,0.0000000000,533.3578136871,498.0140410602,34.9310275898,0.0000000000
843850,572730383016,534774697444.2241821289,37512501151.1702423096,0.0000000000,533.3967348710,498.0477480630,34.9362391524,0.0000000000
843875,572768678167,534809333258.2843017578,37516157772.7002487183,0.0000000000,533.4324000096,498.0800051785,34.9396446466,0.0000000000
843899,572807044141,534845049311.3242797852,37518805135.5402450562,0.0000000000,533.4681311073,498.1132683450,34.9421101953,0.0000000000
843900,572808242369,534846204583.5842895508,37518848008.2802429199,0.0000000000,533.4692470441,498.1143442761,34.9421501237,0.0000000000
843925,572844412840,534879487672.4943847656,37521732920.5802536011,0.0000000000,533.5029334202,498.1453415682,34.9448369076,0.0000000000
843950,572879001202,534912270066.3645019531,37523534835.5202407837,0.0000000000,533.5351463426,498.1758725516,34.9465150717,0.0000000000
843975,572915740374,534943301280.2244873047,37529240353.3902511597,0.0000000000,533.5693623628,498.2047726216,34.9518287493,0.0000000000
844000,572953942636,534977226821.8144531250,37533513942.6002502441,0.0000000000,533.6049409918,498.2363682443,34.9558088394,0.0000000000
844025,572991933112,535009985906.8643798828,37538742591.5102462769,0.0000000000,533.6403223798,498.2668775198,34.9606783982,0.0000000000
844049,573023305133,535037991676.4143066406,37542104214.9102554321,0.0000000000,533.6695398511,498.2929599252,34.9638091539,0.0000000000
844050,573024429181,535038351340.9243164062,37542868099.3202590942,0.0000000000,533.6705867024,498.2932948889,34.9645205767,0.0000000000
844075,573067676732,535070563804.6644287109,37553899207.4102325439,0.0000000000,533.7108641230,498.3232950835,34.9747940967,0.0000000000
844099,573105641214,535104087660.6343994141,37558334800.1502304077,0.0000000000,533.7462213021,498.3545166074,34.9789250643,0.0000000000
844100,573107033925,535105418938.2844238281,37558396150.4402313232,0.0000000000,533.7475183653,498.3557564563,34.9789822013,0.0000000000
844124,573143694971,535138743416.7943725586,37561730514.3902282715,0.0000000000,533.7816616250,498.3867922954,34.9820875697,0.0000000000
844125,573145230227,535140127422.0844116211,37561880955.1202316284,0.0000000000,533.7830914436,498.3880812508,34.9822276785,0.0000000000
844139,573166967000,535159530680.2543945312,37564211493.5002212524,0.0000000000,533.8033353910,498.4061519431,34.9843981615,0.0000000000
844144,573173148542,535165501196.8244018555,37564422106.8402328491,0.0000000000,533.8090924006,498.4117124200,34.9845943105,0.0000000000
844148,573179308081,535171077496.2244262695,37565004738.2002334595,0.0000000000,533.8148289183,498.4169057535,34.9851369282,0.0000000000
844149,573180842807,535172410755.0044555664,37565004738.2002334595,201384.2900000000,533.8162582433,498.4181474475,34.9851369282,0.0001875537
844150,573182364481,535173831256.8944702148,37565004738.2002334595,302473.1500000000,533.8176754126,498.4194703930,34.9851369282,0.0002817001
844154,573188824671,535179737555.2244873047,37565004738.2002334595,856033.8999999999,533.8236919334,498.4249710620,34.9851369282,0.0007972437
844159,573196998963,535187180108.5844726562,37565004738.2002334595,1586542.4299999997,533.8313048361,498.4319024799,34.9851369282,0.0014775828
844174,573220686334,535208931090.1945190430,37565004738.2002334595,3521687.3900000001,533.8533654194,498.4521596601,34.9851369282,0.0032798270
844175,573222224881,535210430279.7344970703,37565004738.2002334595,3560961.8300000001,533.8547983030,498.4535558892,34.9851369282,0.0033164041
844199,573259823690,535244256462.5244750977,37565004738.2002334595,7331088.1899999985,533.8898149226,498.4850589768,34.9851369282,0.0068276079
844200,573261522409,535245940809.9444580078,37565004738.2002334595,7345376.4299999997,533.8913969779,498.4866276476,34.9851369282,0.0068409149
844225,573304225201,535285286857.5944824219,37565004738.2002334595,10699835.0800000019,533.9311670521,498.5232715100,34.9851369282,0.0099649980
844249,573346274068,535318385600.3444213867,37565004738.2002334595,19646830.8500000015,533.9703281112,498.5540971163,34.9851369282,0.0182975371
844250,573348186599,535319715790.7744140625,37565004738.2002334595,20229087.5500000007,533.9721092945,498.5553359527,34.9851369282,0.0188398059
844275,573392245385,535353809466.6644287109,37565004738.2002334595,30192125.5000000037,534.0131422365,498.5870881627,34.9851369282,0.0281186081
844300,573434933653,535387780959.6245727539,37565004738.2002334595,38905395.1800000146,534.0528987842,498.6187265810,34.9851369282,0.0362334728
844325,573480679180,535423757435.1743774414,37565004738.2002334595,48672115.4400000125,534.0955026262,498.6522322848,34.9851369282,0.0453294399
844350,573525328491,535459941349.2443847656,37565004738.2002334595,57135165.4100000113,534.1370855374,498.6859311808,34.9851369282,0.0532112694
844375,573568191983,535495497379.4642944336,37565004738.2002334595,64438760.0400000215,534.1770052752,498.7190453144,34.9851369282,0.0600132719
844399,573609450379,535531760304.2244262695,37565004738.2002334595,69431722.3100000173,534.2154301507,498.7528177949,34.9851369282,0.0646633304
844400,573610922317,535533160093.9644165039,37565004738.2002334595,69503787.5700000226,534.2168009998,498.7541214507,34.9851369282,0.0647304464
844425,573652766492,535569718234.0144042969,37565004738.2002334595,74784357.5200000554,534.2557714246,498.7881688718,34.9851369282,0.0696483604
844450,573692118010,535605779573.7343139648,37565004738.2002334595,78072160.5900000483,534.2924203817,498.8217536115,34.9851369282,0.0727103656
844475,573734092415,535643624380.9041748047,37565004738.2002334595,82199097.0700000077,534.3315120926,498.8569993348,34.9851369282,0.0765538747
844500,573776658368,535679565923.6542358398,37565004738.2002334595,88820448.7599999905,534.3711547256,498.8904725049,34.9851369282,0.0827204890
844525,573818232338,535711854108.3242187500,37565004738.2002334595,98104166.0799999833,534.4098735023,498.9205432202,34.9851369282,0.0913666245
844550,573858764528,535749606778.1941528320,37565004738.2002334595,100881596.7999999672,534.4476220459,498.9557031339,34.9851369282,0.0939533085
844575,573899625957,535787227664.2741699219,37565004738.2002334595,104119851.7000000030,534.4856772171,498.9907403144,34.9851369282,0.0969691684
844600,573941071412,535825677889.7640991211,37565004738.2002334595,107113007.3400000036,534.5242763050,499.0265498774,34.9851369282,0.0997567618
844625,573981795392,535859169804.8341674805,37565004738.2002334595,114342632.4599999934,534.5622034669,499.0577416540,34.9851369282,0.1064898749
844649,574022140081,535896498656.8543090820,37565004738.2002334595,117356479.7000000030,534.5997773865,499.0925068565,34.9851369282,0.1092967388
844650,574023866507,535898162273.3543090820,37565004738.2002334595,117419207.4800000042,534.6013852460,499.0940562201,34.9851369282,0.1093551586
844675,574063949944,535934911062.7445068359,37565004738.2002334595,120751784.3899999559,534.6387158558,499.1282811973,34.9851369282,0.1124588627
844700,574100646103,535969012298.0744628906,37565004738.2002334595,123344633.6299999803,534.6728918171,499.1600404476,34.9851369282,0.1148736418
844725,574138204172,536004350944.7343750000,37565004738.2002334595,125561977.0499999970,534.7078704946,499.1929521269,34.9851369282,0.1169387037
844750,574177826609,536039442252.6343994141,37565004738.2002334595,130090819.0100000203,534.7447717646,499.2256334542,34.9851369282,0.1211565165
844775,574217501343,536073849993.7844238281,37565004738.2002334595,135355522.3100000322,534.7817217400,499.2576781602,34.9851369282,0.1260596535
844800,574259599399,536110149617.7744140625,37565004738.2002334595,141151868.3200000525,534.8209286099,499.2914848195,34.9851369282,0.1314579214
844825,574301483590,536143135078.3341674805,37565004738.2002334595,150047897.2200001478,534.8599363025,499.3222049236,34.9851369282,0.1397429940
844850,574345215941,536176385116.3540649414,37565004738.2002334595,160527779.9000002444,534.9006652283,499.3531714346,34.9851369282,0.1495031453
844875,574387963949,536206754942.4940795898,37565004738.2002334595,172903888.7400002778,534.9404774131,499.3814555393,34.9851369282,0.1610292948
844900,574428480160,536241910197.3543090820,37565004738.2002334595,178261763.1800003052,534.9782110751,499.4141964217,34.9851369282,0.1660192042
844925,574470611022,536279202465.6644287109,37565004738.2002334595,183098282.6500003636,535.0174484979,499.4489275531,34.9851369282,0.1705235640
844950,574510550023,536316670074.6043090820,37565004738.2002334595,185567599.9200003147,535.0546445912,499.4838219831,34.9851369282,0.1728232949
844975,574549885454,536352131650.6442871094,37565004738.2002334595,189439380.5100002289,535.0912785660,499.5168481494,34.9851369282,0.1764291716
845000,574588388696,536388106173.9042968750,37565004763.9602432251,191965776.3400003016,535.1271375045,499.5503520350,34.9851369522,0.1787820611
845025,574627851329,536423960938.9942016602,37565004763.9602432251,195571556.4900003076,535.1638899455,499.5837443871,34.9851369522,0.1821402055
845050,574667627204,536459525558.4841918945,37565004763.9602432251,199780708.3800002337,535.2009341158,499.6168665201,34.9851369522,0.1860602837
845075,574708187386,536494827043.5141601562,37565004763.9602432251,205037335.7900002301,535.2387087289,499.6497435901,34.9851369522,0.1909558995
845100,574746905514,536531254289.1342163086,37565004763.9602432251,207324072.0100002289,535.2747677956,499.6836691062,34.9851369522,0.1930855885
845125,574785249826,536566737678.1741943359,37565004789.7802429199,210182890.9300002456,535.3104787190,499.7167155875,34.9851369763,0.1957480711
845149,574821440557,536599999624.0841064453,37565004789.7802429199,213109687.4900003076,535.3441839637,499.7476931886,34.9851369763,0.1984738628
845150,574822966955,536601389765.3840942383,37565004789.7802429199,213245861.1600002944,535.3456055326,499.7489878585,34.9851369763,0.1986006844
845175,574862410023,536634544304.6041870117,37565004789.7802429199,219532040.4300003946,535.3823397523,499.7798654294,34.9851369763,0.2044551451
845200,574903360100,536669486374.7142944336,37565004789.7802429199,225537974.8100003600,535.4204774834,499.8124077681,34.9851369763,0.2100486074
845225,574944560514,536702706935.6542968750,37565004789.7802429199,233515757.8000003994,535.4588483591,499.8433468264,34.9851369763,0.2174784968
845250,574988276673,536738445306.1143188477,37565004789.7802429199,241489759.9000003934,535.4995622048,499.8766307776,34.9851369763,0.2249048649
845275,575030001897,536773714475.9544067383,37565004789.7802429199,247943099.0500003994,535.5384218479,499.9094777517,34.9851369763,0.2309150054
845300,575072429678,536806462337.9943847656,37565004789.7802429199,257619968.2100003958,535.5779357981,499.9399765748,34.9851369763,0.2399272921
845325,575113793054,536840378661.0344238281,37565004789.7802429199,265064945.4200003147,535.6164584439,499.9715636121,34.9851369763,0.2468609674
845350,575156133085,536875040472.4844970703,37565004789.7802429199,272740450.1000003219,535.6558906706,500.0038449396,34.9851369763,0.2540093382
845375,575194599839,536910635393.6743774414,37565004789.7802429199,275609994.7000004053,535.6917156270,500.0369952933,34.9851369763,0.2566818099
845400,575233707470,536947250893.8844604492,37565004789.7802429199,278099545.4300004244,535.7281374466,500.0710961352,34.9851369763,0.2590003846
845425,575272495461,536982095589.8845214844,37565004789.7802429199,282038237.3900004029,535.7642615782,500.1035477872,34.9851369763,0.2626685774
845450,575312723947,537015810979.2846069336,37565004789.7802429199,288548680.9100002646,535.8017272754,500.1349476904,34.9851369763,0.2687319004
845475,575351199755,537051875280.7844848633,37565004789.7802429199,290951732.7500001788,535.8375606639,500.1685351886,34.9851369763,0.2709699168
845500,575391949803,537086103841.3046264648,37565004789.7802429199,297470919.1500000954,535.8755121036,500.2004130197,34.9851369763,0.2770413823
845525,575431680419,537120396090.5847167969,37565004789.7802429199,302903316.5100000501,535.9125141231,500.2323501656,34.9851369763,0.2821006966
845550,575470943079,537157703291.3745727539,37565004789.7802429199,304856700.5699999332,535.9490803247,500.2670952039,34.9851369763,0.2839199273
845575,575510103007,537194165901.5346069336,37565004789.7802429199,307551713.6100001335,535.9855508497,500.3010536558,34.9851369763,0.2864298537
845600,575547473545,537229054541.8745727539,37565004789.7802429199,310031538.1300001740,536.0203548754,500.3335462342,34.9851369763,0.2887393703
845625,575584605761,537263971617.1846923828,37565004789.7802429199,312244080.5000000596,536.0549369464,500.3660652947,34.9851369763,0.2907999610
845650,575622030469,537299188518.4047241211,37565004789.7802429199,314448784.2800000906,536.0897914218,500.3988635898,34.9851369763,0.2928532514
845675,575659691335,537333975988.4848022461,37565004789.7802429199,317319965.8500000834,536.1248658365,500.4312619460,34.9851369763,0.2955272476
845700,575697565670,537367406450.8746948242,37565004789.7802429199,321761448.6200000048,536.1601390596,500.4623964903,34.9851369763,0.2996637007
845725,575736963401,537402176422.1246948242,37565004789.7802429199,326385904.6900001168,536.1968310559,500.4947785494,34.9851369763,0.3039705611
845750,575774504426,537435224454.1447143555,37565004789.7802429199,330876824.6200001240,536.2317938600,500.5255569277,34.9851369763,0.3081530562
845775,575812435788,537469809200.4446411133,37565004789.7802429199,334221364.7700000405,536.2671201937,500.5577664826,34.9851369763,0.3112679019
845800,575850449350,537505365090.3344726562,37565004789.7802429199,336676961.8000000119,536.3025230821,500.5908804856,34.9851369763,0.3135548549
845825,575888796687,537540829091.6444702148,37565004789.7802429199,339557962.3100000620,536.3382368227,500.6239089106,34.9851369763,0.3162379957
845850,575925556295,537574778374.9745483398,37565004789.7802429199,342363009.7900000215,536.3724718755,500.6555266445,34.9851369763,0.3188503997
845875,575962512317,537609463680.3446044922,37565004789.7802429199,344631076.8000000119,536.4068898531,500.6878298524,34.9851369763,0.3209627017
845900,575999751068,537644517824.3946533203,37565004789.7802429199,346813612.0100000501,536.4415711425,500.7204765681,34.9851369763,0.3229953460
845925,576036806424,537679581250.1447143555,37565004789.7802429199,348802791.3400000930,536.4760816321,500.7531319281,34.9851369763,0.3248479137
845950,576073027874,537713498980.2047119141,37565004813.6502380371,351103443.1899999976,536.5098154861,500.7847202757,34.9851369985,0.3269905627
845975,576112765370,537750195712.0348510742,37565004813.6502380371,354141919.6200000644,536.5468239132,500.8188967705,34.9851369985,0.3298203644
846000,576149708037,537786008124.6350097656,37565004813.6502380371,355270097.5200002193,536.5812294530,500.8522496788,34.9851369985,0.3308710619
846025,576187141974,537821466880.2449951172,37565004813.6502380371,357242987.9800002575,536.6160925236,500.8852732184,34.9851369985,0.3327084593
846050,576225928207,537857172408.3350219727,37565004813.6502380371,360321609.9600002766,536.6522150179,500.9185265827,34.9851369985,0.3355756495
846075,576263530072,537892544715.4649047852,37565004813.6502380371,362548802.1800002456,536.6872344837,500.9514696109,34.9851369985,0.3376498839
846100,576301473464,537927744252.5150146484,37565004813.6502380371,365290581.0600000620,536.7225720212,500.9842517343,34.9851369985,0.3402033644
846125,576337750040,537962181999.2249755859,37565004813.6502380371,367127051.7799999714,536.7563572153,501.0163243853,34.9851369985,0.3419137111
846150,576375563931,537997512897.7451171875,37565004813.6502380371,369607745.9699996710,536.7915741457,501.0492288487,34.9851369985,0.3442240376
846175,576412718924,538032812323.1251220703,37565004813.6502380371,371461257.9599996805,536.8261774294,501.0821040004,34.9851369985,0.3459502551
846200,576451077706,538068499201.2351074219,37565004813.6502380371,374130885.3699997067,536.8619018290,501.1153399956,34.9851369985,0.3484365394
846225,576490485068,538105399106.9449462891,37565004813.6502380371,376636284.5599995852,536.8986027949,501.1497057108,34.9851369985,0.3507698742
846250,576526674447,538139414759.3850708008,37565004813.6502380371,378807573.6099997163,536.9323067805,501.1813852558,34.9851369985,0.3527920447
846275,576566489673,538176445492.2551269531,37565004813.6502380371,381589510.5199996829,536.9693875993,501.2158728133,34.9851369985,0.3553829254
846300,576604404928,538210604183.8751220703,37565004813.6502380371,385343712.0599997044,537.0046989322,501.2476855739,34.9851369985,0.3588792980
846325,576642199019,538246492687.4150390625,37565004813.6502380371,387247216.8299996853,537.0398974223,501.2811093474,34.9851369985,0.3606520750
846350,576680752588,538283300932.9750976562,37565004813.6502380371,388990451.8699998260,537.0758032314,501.3153896974,34.9851369985,0.3622755891
846375,576720715134,538320816991.7651367188,37565005019.6502380371,391433523.9899998307,537.1130212527,501.3503292499,34.9851371903,0.3645508774
846400,576759749275,538357563836.9450683594,37565005019.6502380371,393717014.9799996614,537.1493746294,501.3845524163,34.9851371903,0.3666775441
846425,576797404090,538392855471.3350830078,37565005019.6502380371,396077859.4499996901,537.1844434086,501.4174203121,34.9851371903,0.3688762518
846450,576837276552,538428743626.1751098633,37565005019.6502380371,400060084.9399997592,537.2215775326,501.4508437609,34.9851371903,0.3725849883
846475,576875363901,538464472339.4851074219,37565005019.6502380371,402415167.1499996781,537.2570491405,501.4841187182,34.9851371903,0.3747783295
846500,576915266542,538501177978.3850708008,37565005019.6502380371,405607129.4099996686,537.2942113709,501.5183035083,34.9851371903,0.3777510760
846525,576955377870,538539012471.2950439453,37565005019.6502380371,407881894.7299996018,537.3315679561,501.5535396256,34.9851371903,0.3798696163
846550,576994100836,538574188705.7750854492,37565005274.6502380371,411426301.5399995446,537.3676315285,501.5863000469,34.9851374278,0.3831706024
846575,577032646111,538608527696.5850219727,37565005274.6502380371,415630212.9999997020,537.4035296133,501.6182807242,34.9851374278,0.3870858001
846600,577072267711,538645890593.0050048828,37565005274.6502380371,417886839.8899997473,537.4404301038,501.6530776331,34.9851374278,0.3891874476
846625,577111791712,538683332527.9450073242,37565005274.6502380371,419966140.4299997091,537.4772396982,501.6879481524,34.9851374278,0.3911239472
846650,577148629706,538718163310.8850097656,37565005274.6502380371,421971275.3499997258,537.5115477536,501.7203868468,34.9851374278,0.3929913746
846675,577187143913,538754486246.8851928711,37565005274.6502380371,424159397.8499997258,537.5474169040,501.7542152171,34.9851374278,0.3950292225
846700,577225091910,538790694705.9052124023,37565005274.6502380371,425896855.1699997187,537.5827587303,501.7879369724,34.9851374278,0.3966473557
846725,577263246743,538826829779.1550903320,37565005480.6502380371,427914323.2899996638,537.6182931876,501.8215903818,34.9851376197,0.3985262693
846750,577308208485,538869276548.2949829102,37565005480.6502380371,430427221.7799996734,537.6601670729,501.8611220161,34.9851376197,0.4008665884
846775,577347419430,538905840913.3850097656,37565005480.6502380371,433071728.9099996090,537.6966851112,501.8951752348,34.9851376197,0.4033294776
846800,577386347033,538942430354.1149291992,37565005480.6502380371,435404832.8099997044,537.7329392666,501.9292518069,34.9851376197,0.4055023499
846825,577426831065,538977453173.1849975586,37565005480.6502380371,440863994.3299996853,537.7706429595,501.9618693489,34.9851376197,0.4105865903
846850,577465594515,539013356995.8051147461,37565005480.6502380371,443721193.3199995756,537.8067442356,501.9953073895,34.9851376197,0.4132475642
846875,577501559348,539047116883.6751098633,37565005480.6502380371,445924049.2399995923,537.8402390964,502.0267487352,34.9851376197,0.4152991336
846900,577528716550,539073936964.8250732422,37565005480.6502380371,446259108.6099994779,537.8655312117,502.0517268822,34.9851376197,0.4156111820
846925,577557256444,539102029365.5050659180,37565005736.6502380371,446704274.2499992847,537.8921110593,502.0778899691,34.9851378581,0.4160257748
846950,577587229683,539131331822.1151123047,37565005736.6502380371,447372980.8999992013,537.9200258134,502.1051800084,34.9851378581,0.4166485564
846975,577614605549,539158201497.5650024414,37565005736.6502380371,447876800.9299991131,537.9455215754,502.1302043438,34.9851378581,0.4171177754
847000,577645879921,539188189582.7249145508,37565005736.6502380371,449160808.1599991918,537.9746481040,502.1581329244,34.9851378581,0.4183136003
847025,577681118358,539220982188.9047851562,37565005736.6502380371,451604551.1299992204,538.0074664559,502.1886734189,34.9851378581,0.4205895133
847050,577720880588,539256879728.0847778320,37565005736.6502380371,455466979.7399991751,538.0444979183,502.2221056075,34.9851378581,0.4241866802
847075,577759824038,539292213775.4549560547,37565005736.6502380371,459074281.7599992156,538.0807668325,502.2550130034,34.9851378581,0.4275462420
847100,577798078945,539325009227.7348632812,37565005736.6502380371,464531688.3999993205,538.1163944909,502.2855561485,34.9851378581,0.4326288480
847125,577836562251,539360193915.1248168945,37565005736.6502380371,467827773.1399992704,538.1522348626,502.3183244421,34.9851378581,0.4356985662
847150,577877285686,539396434965.9547729492,37565005736.6502380371,472308082.9799993038,538.1901615169,502.3520765509,34.9851378581,0.4398711799
847175,577915851005,539429912487.6749267578,37565006501.6502380371,477393044.2099993229,538.2260782691,502.3832549226,34.9851385706,0.4446069190
847200,577954453895,539463760284.5649414062,37565006893.6502380371,482145670.0199992657,538.2620300120,502.4147781400,34.9851389356,0.4490331467
847225,577992409560,539498043750.8649902344,37565006893.6502380371,485815577.3099992871,538.2973789796,502.4467071061,34.9851389356,0.4524510142
847250,578029265402,539532727204.7352294922,37565006893.6502380371,487985896.5099992156,538.3317036573,502.4790085896,34.9851389356,0.4544722815
847275,578066654122,539567864064.8252563477,37565006893.6502380371,490235478.2999991775,538.3665246163,502.5117323406,34.9851389356,0.4565673678
847300,578102185618,539601327031.3353271484,37565006893.6502380371,492301504.4799991846,538.3996159006,502.5428971568,34.9851389356,0.4584915046
847325,578140832737,539636923538.3353881836,37565006893.6502380371,495349846.4799991250,538.4356088350,502.5760489873,34.9851389356,0.4613304944
847350,578179509407,539673575783.7553710938,37565006893.6502380371,497372189.0799990296,538.4716292908,502.6101840509,34.9851389356,0.4632139477
847375,578220497604,539710104556.8453979492,37565006893.6502380371,501827925.1499990225,538.5098025240,502.6442041219,34.9851389356,0.4673636753
847400,578261480004,539747797761.9154052734,37565007149.6502380371,505114168.0999990106,538.5479703583,502.6793086547,34.9851391741,0.4704242275
847425,578299398528,539780732998.5954589844,37565007149.6502380371,510095184.5299990773,538.5832847357,502.7099819841,34.9851391741,0.4750631606
847450,578337729935,539814167950.4254150391,37565007355.6502380371,514988643.4999991059,538.6189836403,502.7411207095,34.9851393659,0.4796205494
847475,578378122620,539849643837.1353759766,37565007355.6502380371,519902468.6699991226,538.6566022597,502.7741602037,34.9851393659,0.4841969057
847500,578416890398,539882879728.0953369141,37565007355.6502380371,525431854.1199991703,538.6927075665,502.8051135392,34.9851393659,0.4893465472
847525,578457816405,539919345843.7852783203,37565007355.6502380371,529889450.2699992061,538.7308228808,502.8390752559,34.9851393659,0.4934980071
847550,578497183346,539954162605.0453491211,37565007355.6502380371,534437561.7199991941,538.7674862016,502.8715008917,34.9851393659,0.4977337660
847575,578535901646,539990657616.9152221680,37565007355.6502380371,536658768.4399991035,538.8035454284,502.9054895201,34.9851393659,0.4998024259
847600,578575141795,540027545979.1251831055,37565007355.6502380371,539008480.5299990177,538.8400906650,502.9398444846,34.9851393659,0.5019907658
847625,578612815402,540063139546.9451293945,37565007355.6502380371,541085825.7399989367,538.8751769457,502.9729935778,34.9851393659,0.5039254443
847650,578651859929,540099429785.9351806641,37565007749.6502380371,543837047.2899988890,538.9115399951,503.0067914966,34.9851397329,0.5064877191
847675,578691301402,540135883913.4351806641,37565007749.6502380371,546822318.8899990320,538.9482727293,503.0407420485,34.9851397329,0.5092679699
847700,578730044856,540170709311.2252197266,37565007749.6502380371,550738292.3999989033,538.9843553826,503.0731757276,34.9851397329,0.5129150044
847725,578768501880,540206750527.7651367188,37565007749.6502380371,553151393.0699987411,539.0201712772,503.1067417262,34.9851397329,0.5151623795
847750,578807162102,540243191126.9150390625,37565007749.6502380371,555367371.1199984550,539.0561764147,503.1406796788,34.9851397329,0.5172261699
847775,578844326001,540277588958.8950195312,37565007749.6502380371,558129058.4099986553,539.0907879928,503.1727151562,34.9851397329,0.5197981916
847800,578884100965,540314598366.1250000000,37565007749.6502380371,560891239.4799983501,539.1278313147,503.2071828527,34.9851397329,0.5223706732
847825,578923868372,540351733714.7349853516,37565007749.6502380371,563520933.7499982119,539.1648675986,503.2417678411,34.9851397329,0.5248197669
847850,578960090127,540386344388.7250976562,37565007749.6502380371,565129431.0599982738,539.1986017367,503.2740015432,34.9851397329,0.5263177967
847875,578997029698,540420476242.1751098633,37565007749.6502380371,567935073.4799981117,539.2330043931,503.3057893088,34.9851397329,0.5289307548
847900,579034888066,540455403211.6549682617,37565007749.6502380371,570864041.8799980879,539.2682627458,503.3383175839,34.9851397329,0.5316585692
847925,579070923680,540489105675.8950805664,37565007749.6502380371,573193938.9099978209,539.3018235266,503.3697054497,34.9851397329,0.5338284549
847950,579107423757,540522972312.8352050781,37565007749.6502380371,575824992.7899976969,539.3358168723,503.4012462132,34.9851397329,0.5362788148
847975,579145926713,540558354126.3850708008,37565007749.6502380371,578944066.4799979925,539.3716755444,503.4341980949,34.9851397329,0.5391836786
848000,579180879610,540591649235.5350952148,37565007749.6502380371,580596386.8999980688,539.4042279664,503.4652065817,34.9851397329,0.5407225219
848025,579213215362,540622326837.5350952148,37565007749.6502380371,582251872.4399980307,539.4343429822,503.4937773249,34.9851397329,0.5422643129
848050,579248969182,540655642659.6649780273,37565007749.6502380371,584687793.8999980688,539.4676413219,503.5248051022,34.9851397329,0.5445329416
848075,579287884513,540690248159.5449829102,37565008006.6502380371,588993974.0599981546,539.5038840482,503.5570339854,34.9851399722,0.5485433844
848100,579329513239,540727197718.0150756836,37565008006.6502380371,593669536.5899980068,539.5426538205,503.5914459434,34.9851399722,0.5528978413
848125,579364207914,540756290548.1652221680,37565008030.7302398682,599268132.8899978399,539.5749657545,503.6185407528,34.9851399946,0.5581119404
848150,579400890530,540787893365.3751831055,37565008488.7302398682,604344501.5899978876,539.6091291029,503.6479731699,34.9851404212,0.5628396772
848175,579440701177,540823694029.3751831055,37565008488.7302398682,608352408.2999976873,539.6462056572,503.6813151365,34.9851404212,0.5665723312
848200,579477235983,540855749672.1352539062,37565008488.7302398682,612828874.3499977589,539.6802313467,503.7111692802,34.9851404212,0.5707413651
848225,579518147975,540886292673.1154174805,37565008883.7302398682,623194124.1099977493,539.7183336085,503.7396146665,34.9851407890,0.5803947562
848250,579566197247,540917564288.1754150391,37565008883.7302398682,639968546.6899979115,539.7630829802,503.7687386276,34.9851407890,0.5960171546
848275,579602989041,540947511493.8854980469,37565008883.7302398682,646810692.6499979496,539.7973480085,503.7966291363,34.9851407890,0.6023893996
848300,579642629007,540976037540.4454345703,37565008883.7302398682,657921594.2899979353,539.8342656037,503.8231960874,34.9851407890,0.6127372331
848325,579681740745,541007415872.6856079102,37565008883.7302398682,665642906.8199980259,539.8706912482,503.8524194366,34.9851407890,0.6199282658
848350,579725121958,541044107050.5654907227,37565008883.7302398682,672330868.2599980831,539.9110931512,503.8865907589,34.9851407890,0.6261569152
848375,579765218434,541076738595.2955322266,37565008883.7302398682,679793722.6799978018,539.9484359045,503.9169812531,34.9851407890,0.6331072400
848400,579803176996,541111609674.9354248047,37565008883.7302398682,682878474.0699977875,539.9837875701,503.9494574768,34.9851407890,0.6359801386
848425,579842663646,541146790932.1954956055,37565008883.7302398682,687181547.8099979162,540.0205623787,503.9822225759,34.9851407890,0.6399876883
848450,579884201602,541181059138.1754150391,37565008883.7302398682,694449222.7199982405,540.0592476148,504.0141373297,34.9851407890,0.6467562380
848475,579924406292,541217768288.2454223633,37565008883.7302398682,697942690.0999981165,540.0966911502,504.0483253899,34.9851407890,0.6500097831
848500,579960466585,541251366019.0054931641,37565008883.7302398682,700403179.7699979544,540.1302749151,504.0796157150,34.9851407890,0.6523012927
848525,580001812699,541287826520.7954101562,37565008883.7302398682,705286717.9199979305,540.1687814845,504.1135722034,34.9851407890,0.6568494420
848550,580041210743,541322118041.2852783203,37565008883.7302398682,710390379.2299981117,540.2054737723,504.1455086705,34.9851407890,0.6616025970
848575,580086543572,541356635802.7852783203,37565008883.7302398682,721201555.0999981165,540.2476932593,504.1776558410,34.9851407890,0.6716712891
848600,580127379851,541390479645.2352905273,37565008883.7302398682,728191565.6599981785,540.2857250078,504.2091753755,34.9851407890,0.6781812437
848625,580165677010,541426652415.2352905273,37565008883.7302398682,730311571.4299983978,540.3213920165,504.2428638928,34.9851407890,0.6801556530
848650,580204604305,541463460644.1352539062,37565008883.7302398682,732428266.6699985266,540.3576458851,504.2771442273,34.9851407890,0.6821269790
848675,580243556282,541499619775.8552856445,37565008883.7302398682,735215311.3399983644,540.3939227406,504.3108200430,34.9851407890,0.6847226167
848700,580283413435,541537253691.0852050781,37565008883.7302398682,737435283.5399984121,540.4310426069,504.3458693578,34.9851407890,0.6867901269
848725,580321372011,541571758534.0852050781,37565008883.7302398682,740885667.2999987602,540.4663942857,504.3780044970,34.9851407890,0.6900035472
848750,580362532939,541606446503.1253662109,37565008883.7302398682,747355908.8499987125,540.5047283871,504.4103101856,34.9851407890,0.6960294292
848775,580406754656,541642906967.9353027344,37565008883.7302398682,755115083.4099988937,540.5459130704,504.4442666396,34.9851407890,0.7032557236
848800,580446555406,541679040572.2753295898,37565008883.7302398682,758779614.0799990892,540.5829804074,504.4779186810,34.9851407890,0.7066685838
848825,580487114452,541712790663.4053955078,37565008883.7302398682,765585490.1699990034,540.6207539625,504.5093509028,34.9851407890,0.7130070498
848850,580531722756,541747617556.8954467773,37565008883.7302398682,775364816.7599989176,540.6622986831,504.5417859749,34.9851407890,0.7221147574
848875,580570980384,541782321788.4954223633,37565008883.7302398682,779915786.0699986219,540.6988601983,504.5741068092,34.9851407890,0.7263531779
848900,580610956445,541818895450.4555053711,37565008883.7302398682,783316116.3299983740,540.7360908063,504.6081686862,34.9851407890,0.7295199822
848925,580648725023,541853279566.9553833008,37565008883.7302398682,786698289.3999990225,540.7712655356,504.6401913901,34.9851407890,0.7326698763
848950,580688051370,541888655381.7553710938,37565008883.7302398682,790646739.1699993610,540.8078910504,504.6731376851,34.9851407890,0.7363471567
848975,580727106702,541921407437.1453857422,37565009089.7302398682,796947195.4499993324,540.8442641627,504.7036404136,34.9851409809,0.7422149139
849000,580769502895,541954761161.7053833008,37565009089.7302398682,805987082.3299994469,540.8837486943,504.7347034902,34.9851409809,0.7506339646
849025,580809419910,541985791181.4353027344,37565009105.1202392578,814871706.9499995708,540.9209243115,504.7636024481,34.9851409952,0.7589084161
849050,580849584341,542022272093.4652709961,37565009105.1202392578,818552884.6799995899,540.9583303528,504.7975779450,34.9851409952,0.7623367800
849075,580888272926,542057898754.1753540039,37565009141.8202362061,821612440.5499994755,540.9943619054,504.8307578584,34.9851410294,0.7651862135
849100,580928615467,542095694847.4853515625,37565009141.8202362061,824156209.6099995375,541.0319338245,504.8659582133,34.9851410294,0.7675552830
849125,580970729732,542132242474.9652709961,37565009141.8202362061,829719125.2899996042,541.0711557902,504.8999958438,34.9851410294,0.7727361520
849150,581011973211,542167026656.7053833008,37565009141.8202362061,836175909.8799996376,541.1095667733,504.9323911375,34.9851410294,0.7787495012
849175,581053869873,542199264402.9752197266,37565009533.8202362061,845826137.5299993753,541.1485860804,504.9624148784,34.9851413945,0.7877369761
849200,581094863340,542235186645.5352172852,37565009546.2502365112,850894156.0299993753,541.1867642216,504.9958700738,34.9851414061,0.7924569361
849225,581137590129,542274208907.8251342773,37565009546.2502365112,854595699.9999989271,541.2265566448,505.0322123876,34.9851414061,0.7959042676
849250,581179895288,542310305255.6751708984,37565009546.2502365112,860797382.2499990463,541.2659563944,505.0658297312,34.9851414061,0.8016800343
849275,581216045843,542343687746.2453002930,37565009546.2502365112,863562492.3999991417,541.2996242223,505.0969195983,34.9851414061,0.8042552438
849300,581250372193,542375291064.7852783203,37565009546.2502365112,866283230.8099992275,541.3315931270,505.1263524823,34.9851414061,0.8067891289
849325,581292521189,542414260429.5053100586,37565009546.2502365112,869457459.4499993324,541.3708474385,505.1626455314,34.9851414061,0.8097453597
849350,581333731224,542453462780.9752807617,37565009546.2502365112,871462863.0699996948,541.4092272744,505.1991555663,34.9851414061,0.8116130373
849375,581377349196,542494946974.9552612305,37565009546.2502365112,873593816.3099997044,541.4498496763,505.2377907326,34.9851414061,0.8135976422
849400,581415051736,542530878072.4450683594,37565009546.2502365112,875363188.2499995232,541.4849629030,505.2712541748,34.9851414061,0.8152454982
849425,581453539150,542567395010.2449951172,37565009546.2502365112,877331589.1499994993,541.5208071005,505.3052632234,34.9851414061,0.8170787144
849450,581494657157,542605578940.0050048828,37565009546.2502365112,880263594.4099993706,541.5591012286,505.3408247791,34.9851414061,0.8198093571
849475,581534753185,542642515554.1749267578,37565009546.2502365112,883417878.9999995232,541.5964435646,505.3752246817,34.9851414061,0.8227470135
849500,581572732509,542678648286.1647338867,37565009561.8202362061,885262075.0699995756,541.6318145664,505.4088759107,34.9851414206,0.8244645550
849525,581611118235,542714150353.2648925781,37565009561.8202362061,888143021.8699994087,541.6675640596,505.4419397873,34.9851414206,0.8271476458
849550,581651710720,542751488623.9548950195,37565009561.8202362061,891394801.6499993801,541.7053687572,505.4767137616,34.9851414206,0.8301761017
849575,581691069137,542788403371.8648681641,37565009561.8202362061,893836396.7499992847,541.7420241395,505.5110932997,34.9851414206,0.8324500143
849600,581735168752,542827098601.1546020508,37565009561.8202362061,899238706.3299994469,541.7830951065,505.5471310403,34.9851414206,0.8374813072
849625,581777158361,542863966103.2845458984,37565009561.8202362061,904358428.1699993610,541.8222009772,505.5814665773,34.9851414206,0.8422494197
849650,581819312758,542895487677.2645874023,37565009561.8202362061,914989177.4099993706,541.8614603188,505.6108233307,34.9851414206,0.8521500765
849675,581861222483,542927112090.0344848633,37565009561.8202362061,925271986.5599992275,541.9004917918,505.6402758602,34.9851414206,0.8617266887
849700,581904768384,542960686270.6644897461,37565009561.8202362061,935241360.6099994183,541.9410470724,505.6715442526,34.9851414206,0.8710113919
849725,581944966707,542997230360.6743774414,37565009817.8202362061,938893259.8299994469,541.9784846781,505.7055785886,34.9851416590,0.8744124880
849750,581984204947,543033252720.9644775391,37565009817.8202362061,942104850.7699996233,542.0150281368,505.7391270259,34.9851416590,0.8774035152
849775,582024652925,543064454444.0344848633,37565009817.8202362061,951349019.8099995852,542.0526982518,505.7681858950,34.9851416590,0.8860128185
849800,582065385820,543098215072.6344604492,37565009817.8202362061,958319208.3899996281,542.0906337164,505.7996279305,34.9851416590,0.8925043125
849825,582106857935,543134830370.6743164062,37565009817.8202362061,963173348.1699995995,542.1292576334,505.8337285842,34.9851416590,0.8970250824
849850,582148199857,543170687763.7443237305,37565009817.8202362061,968654928.7199994326,542.1677602986,505.8671233838,34.9851416590,0.9021302021
849875,582188180940,543206194595.8744506836,37565009817.8202362061,973126380.5099991560,542.2049955837,505.9001916981,34.9851416590,0.9062945661
849900,582228518638,543243178889.7545776367,37565009817.8202362061,976477176.9699988365,542.2425629925,505.9346360059,34.9851416590,0.9094152385
849925,582268637132,543278564315.3145751953,37565009817.8202362061,981207586.1599987745,542.2799262516,505.9675912515,34.9851416590,0.9138207754
849950,582309578638,543314429885.3444824219,37565009817.8202362061,986279598.3499989510,542.3180560004,506.0009936666,34.9851416590,0.9185444548
849975,582349823504,543349775850.3045043945,37565009817.8202362061,991172006.2199991941,542.3555369526,506.0339121616,34.9851416590,0.9231008647
850000,582391632423,543384831652.9446411133,37565009831.3502426147,997919680.0499989986,542.3944745427,506.0665604220,34.9851416716,0.9293851257
850025,582434363754,543424179728.0345458984,37565009831.3502426147,1001300390.5599987507,542.4342711959,506.1032061726,34.9851416716,0.9325336577
850050,582474291566,543461175651.8245239258,37565009831.3502426147,1004229723.1399987936,542.4714568686,506.1376613116,34.9851416716,0.9352618113
850075,582512630668,543496575042.0044555664,37565009831.3502426147,1007166995.9999988079,542.5071629398,506.1706295628,34.9851416716,0.9379973598
850100,582552731845,543531534746.7644653320,37565009831.3502426147,1012305942.5399987698,542.5445100712,506.2031883251,34.9851416716,0.9427833767
850125,582593191706,543563488009.3244018555,37565009831.3502426147,1020810171.5899988413,542.5821912531,506.2329471198,34.9851416716,0.9507035572
850150,582633130534,543598995104.9343872070,37565009831.3502426147,1025237888.3199983835,542.6193871852,506.2660156795,34.9851416716,0.9548271897
850175,582672649066,543635219576.8843994141,37565009831.3502426147,1028529873.1299988031,542.6561916862,506.2997523480,34.9851416716,0.9578930895
850200,582712893775,543670902201.1843261719,37565009831.3502426147,1033089516.7899984121,542.6936724922,506.3329843815,34.9851416716,0.9621395886
850225,582754107640,543704827297.1342773438,37565009831.3502426147,1040375068.3699984550,542.7320558950,506.3645795892,34.9851416716,0.9689247872
850250,582795059679,543737464919.8543090820,37565009831.3502426147,1048686972.5099987984,542.7701954534,506.3949757441,34.9851416716,0.9766658512
850275,582837428109,543771696578.6642456055,37565009831.3502426147,1056818227.9599986076,542.8096541287,506.4268564607,34.9851416716,0.9842386730
850300,582880178456,543808266086.9143066406,37565009831.3502426147,1062996514.4799988270,542.8494684920,506.4609144692,34.9851416716,0.9899926507
850325,582922752891,543844203007.4243164062,37565009831.3502426147,1069629757.3599989414,542.8891190244,506.4943833346,34.9851416716,0.9961703395
850350,582962675929,543882315308.0342407227,37565009840.3702316284,1071438412.9699989557,542.9263002509,506.5298781805,34.9851416800,0.9978547813
850375,583004459219,543916547698.4641113281,37565009840.3702316284,1078986101.3099992275,542.9652139721,506.5617595785,34.9851416800,1.0048841138
850400,583044908377,543949410238.6842041016,37565009840.3702316284,1086569556.0099990368,543.0028851861,506.5923652041,34.9851416800,1.0119467564
850425,583086010307,543987379880.0441284180,37565009840.3702316284,1089584173.9299993515,543.0411643414,506.6277271882,34.9851416800,1.0147543381
850450,583125820431,544023945752.7741088867,37565009840.3702316284,1092825416.6999990940,543.0782404086,506.6617818109,34.9851416800,1.0177729807
850475,583165815077,544057801711.8742065430,37565009840.3702316284,1098954275.8399991989,543.1154883252,506.6933126299,34.9851416800,1.0234809256
850500,583206349402,544094043916.7142944336,37565009840.3702316284,1103244044.5399994850,543.1532388572,506.7270658135,34.9851416800,1.0274760840
850525,583248553102,544133449987.2742919922,37565009840.3702316284,1106039597.6599998474,543.1925441157,506.7637655766,34.9851416800,1.0300796457
850550,583292111932,544172372673.4241943359,37565009840.3702316284,1110670107.8499999046,543.2331114374,506.8000151528,34.9851416800,1.0343921444
850575,583333745106,544210702597.8140869141,37565009840.3702316284,1113968295.9199995995,543.2718853522,506.8357126767,34.9851416800,1.0374638214
850600,583373019645,544247483460.3042602539,37565009840.3702316284,1116459235.2000000477,543.3084626170,506.8699675242,34.9851416800,1.0397836894
850625,583410784191,544282822483.0941772461,37565009840.3702316284,1118881634.7200005054,543.3436335912,506.9028795539,34.9851416800,1.0420397247
850650,583449671827,544319447829.7641601562,37565009840.3702316284,1121141853.3500003815,543.3798505245,506.9369895661,34.9851416800,1.0441447174
850675,583486641457,544351095351.8342285156,37565010097.3702316284,1126460754.2600004673,543.4142811755,506.9664636178,34.9851419193,1.0490983299
850700,583524176097,544385060124.4641723633,37565010354.3702316284,1130027148.5200006962,543.4492380330,506.9980957773,34.9851421587,1.0524197933
850725,583564224819,544422782393.5142822266,37565010354.3702316284,1132350732.5599999428,543.4865363119,507.0332273781,34.9851421587,1.0545837996
850750,583603664977,544459611636.3643188477,37565010354.3702316284,1134958773.4899995327,543.5232678214,507.0675272833,34.9851421587,1.0570127270
850775,583643739866,544496640821.5441894531,37565010354.3702316284,1138002162.8999993801,543.5605904702,507.1020133994,34.9851421587,1.0598471043
850800,583684464459,544530257071.1842041016,37565010354.3702316284,1145108140.5399994850,543.5985182030,507.1333209716,34.9851421587,1.0664650617
850825,583723734732,544563142364.2940673828,37565010354.3702316284,1151490830.2699995041,543.6350914948,507.1639477874,34.9851421587,1.0724094047
850850,583763800378,544599000855.5941162109,37565010354.3702316284,1155695906.6899998188,543.6724055354,507.1973436098,34.9851421587,1.0763256873
850875,583803093111,544633174359.8041992188,37565010367.0602416992,1160811654.4900004864,543.7089997446,507.2291701658,34.9851421705,1.0810900987
850900,583841308618,544668530822.0042114258,37565010367.0602416992,1163668619.1900002956,543.7445907090,507.2620984372,34.9851421705,1.0837508544
850925,583877801489,544702452228.2241210938,37565010367.0602416992,1166238007.7000000477,543.7785773436,507.2936902086,34.9851421705,1.0861437839
850950,583914119090,544736686836.4840698242,37565010367.0602416992,1168318685.6599993706,543.8124007452,507.3255736721,34.9851421705,1.0880815663
850975,583952054836,544772393942.6840209961,37565010367.0602416992,1170544955.2099995613,543.8477311619,507.3588285061,34.9851421705,1.0901549414
851000,583988822289,544806689892.1640014648,37565010367.0602416992,1173013581.5299994946,543.8819735209,507.3907690981,34.9851421705,1.0924540288
851025,584030291861,544840231276.5440063477,37565010367.0602416992,1180939331.5699987411,543.9205950694,507.4220069466,34.9851421705,1.0998354587
851050,584069365481,544876903434.4340820312,37565010367.0602416992,1183338466.9699988365,543.9569852138,507.4561605551,34.9851421705,1.1020698277
851075,584109889381,544914168196.3641357422,37565010367.0602416992,1186595304.2499988079,543.9947260367,507.4908660691,34.9851421705,1.1051029938
851100,584149620191,544947695402.0341796875,37565010367.0602416992,1192796135.6899991035,544.0317282369,507.5220907126,34.9851421705,1.1108779681
851125,584189004807,544982091487.4741821289,37565010367.0602416992,1197781179.3799993992,544.0684080189,507.5541245634,34.9851421705,1.1155206518
851150,584227533864,545016066697.2241821289,37565010367.0602416992,1202332223.0699989796,544.1042909995,507.5857664433,34.9851421705,1.1197591415
851175,584264515780,545051264844.3942871094,37565010367.0602416992,1204113917.5899987221,544.1387330927,507.6185472723,34.9851421705,1.1214184739
851200,584303395465,545087716543.3041992188,37565010367.0602416992,1206539826.8399982452,544.1749426210,507.6524955624,34.9851421705,1.1236777779
851225,584342612465,545121701305.3444213867,37565010367.0602416992,1211769984.1599977016,544.2114662984,507.6841463385,34.9851421705,1.1285487415
851250,584381994236,545158415814.4744262695,37565010367.0602416992,1214434539.8499975204,544.2481434308,507.7183393896,34.9851421705,1.1310303024
851275,584425140487,545196848830.2142944336,37565010367.0602416992,1219145336.7099971771,544.2883265084,507.7541329248,34.9851421705,1.1354175738
851300,584467198235,545235642485.5343017578,37565010367.0602416992,1222405235.2399971485,544.3274958385,507.7902623318,34.9851421705,1.1384535909
851325,584508169560,545271998067.5244140625,37565010624.0602416992,1227018650.9099977016,544.3656533584,507.8241211060,34.9851424099,1.1427501691
851350,584547084469,545308039813.5744018555,37565011138.0602416992,1229888994.4399964809,544.4018956916,507.8576875977,34.9851428886,1.1454233848
851375,584584547045,545343403402.1744995117,37565011138.0602416992,1231984638.3299968243,544.4367854344,507.8906225061,34.9851428886,1.1473751053
851400,584624037459,545378667477.0942993164,37565011138.0602416992,1236207796.3899972439,544.4735637484,507.9234647351,34.9851428886,1.1513082277
851425,584661267110,545412489145.9343872070,37565011534.0602416992,1239613305.2499971390,544.5082365628,507.9549636188,34.9851432574,1.1544798550
851450,584701759863,545444450929.2943115234,37565012185.0602416992,1248140657.7099976540,544.5459483778,507.9847303492,34.9851438637,1.1624215708
851475,584742628672,545477147319.1243286133,37565012895.0602416992,1256309268.8299980164,544.5840104222,508.0151812352,34.9851445249,1.1700291828
851500,584780900653,545511430485.4644165039,37565013214.0602416992,1260294473.4299979210,544.6196539821,508.0471099219,34.9851448220,1.1737406938
851525,584821169132,545545974202.2642822266,37565013990.0602416992,1266015023.8099985123,544.6571569256,508.0792812652,34.9851455447,1.1790683715
851550,584859405474,545580465424.4942016602,37565013990.0602416992,1269755594.4599978924,544.6927672941,508.1114037191,34.9851455447,1.1825520494
851575,584897425330,545616282970.5642089844,37565013990.0602416992,1271955553.8499982357,544.7281760443,508.1447614083,34.9851455447,1.1846009212
851600,584936606064,545652169015.5942382812,37565013990.0602416992,1275247439.8599975109,544.7646659464,508.1781828921,34.9851455447,1.1876667290
851625,584974613292,545684100378.7542114258,37565013990.0602416992,1281319949.6399974823,544.8000629358,508.2079212915,34.9851455447,1.1933221944
851650,585013329708,545719767701.3643188477,37565013990.0602416992,1284366726.3599972725,544.8361204080,508.2411390742,34.9851455447,1.1961597263
851675,585053355666,545754675153.4641723633,37565013990.0602416992,1289483156.2399973869,544.8733974863,508.2736491724,34.9851455447,1.2009247730
851700,585093981907,545790141370.1143798828,37565013996.5502319336,1294640091.1899971962,544.9112336216,508.3066796606,34.9851455507,1.2057275429
851725,585135315318,545823194057.5244750977,37565013996.5502319336,1302918488.2399976254,544.9497283604,508.3374623745,34.9851455507,1.2134374010
851750,585174285892,545859257982.5644531250,37565013996.5502319336,1305821222.8799974918,544.9860225357,508.3710495220,34.9851455507,1.2161407833
851775,585211066830,545894185415.3045654297,37565013996.5502319336,1307672192.7199978828,545.0202774536,508.4035782286,34.9851455507,1.2178646333
851800,585250133162,545930563326.1645507812,37565013996.5502319336,1310358539.9299981594,545.0566608105,508.4374577982,34.9851455507,1.2203664891
851825,585289916421,545968105994.0145874023,37565013996.5502319336,1312596259.3699982166,545.0937118577,508.4724221323,34.9851455507,1.2224505277
851850,585331236064,546006564322.5646972656,37565013996.5502319336,1315454507.8199980259,545.1321937740,508.5082392418,34.9851455507,1.2251124790
851875,585371057027,546043155841.5947875977,37565013996.5502319336,1318680296.2399983406,545.1692799358,508.5423177496,34.9851455507,1.2281167286
851900,585410113697,546080129549.3946533203,37565013996.5502319336,1320760388.1899986267,545.2056542942,508.5767521983,34.9851455507,1.2300539652
851925,585447317374,546115492361.4345703125,37565013996.5502319336,1322599177.5299990177,545.2403029185,508.6096863835,34.9851455507,1.2317664712
851950,585485098245,546151651506.5247192383,37565013996.5502319336,1324218304.3099997044,545.2754890965,508.6433622116,34.9851455507,1.2332744005
851975,585522578011,546187388266.4948120117,37565013996.5502319336,1325959236.0999996662,545.3103948487,508.6766446629,34.9851455507,1.2348957696
852000,585562629401,546224423317.4248046875,37565013996.5502319336,1328972657.6599991322,545.3476956123,508.7111362418,34.9851455507,1.2377022371
852025,585601990332,546261107297.8748168945,37565013996.5502319336,1331647070.0099992752,545.3843533359,508.7453008610,34.9851455507,1.2401929777
852050,585643451804,546300003232.1649169922,37565013996.5502319336,1334209897.3799991608,545.4229673408,508.7815255226,34.9851455507,1.2425797967
852075,585682834304,546335496679.4647827148,37565013996.5502319336,1338096629.9300003052,545.4596451521,508.8145813713,34.9851455507,1.2461995985
852100,585722134202,546369816512.7849121094,37565013996.5502319336,1343074623.1700000763,545.4962460343,508.8465442069,34.9851455507,1.2508357160
852125,585761645902,546404131651.2550048828,37565013996.5502319336,1348268476.4500002861,545.5330441725,508.8785026700,34.9851455507,1.2556728688
852150,585802279965,546438735886.6850585938,37565013996.5502319336,1354295033.3199996948,545.5708875926,508.9107303756,34.9851455507,1.2612855372
852175,585844159597,546468624901.0549926758,37565013996.5502319336,1366282921.1500000954,545.6098910393,508.9385666894,34.9851455507,1.2724501278
852200,585889521120,546504878272.4149780273,37565013996.5502319336,1375387250.3300001621,545.6521372497,508.9723302726,34.9851455507,1.2809291951
852225,585932817628,546539882010.7249145508,37565013996.5502319336,1383677158.9200000763,545.6924602650,509.0049300443,34.9851455507,1.2886497741
852250,585976469912,546576658284.5049438477,37565013996.5502319336,1390550843.3800001144,545.7331146225,509.0391806182,34.9851455507,1.2950513916
852275,586015847219,546613366002.9848022461,37565013996.5502319336,1393216493.4700000286,545.7697875975,509.0733673451,34.9851455507,1.2975339717
852300,586058761089,546652219700.7647094727,37565013996.5502319336,1397273840.4499998093,545.8097542534,509.1095526710,34.9851455507,1.3013126705
852325,586098967407,546689892628.8648071289,37565013996.5502319336,1399802993.9500000477,545.8471993050,509.1446383194,34.9851455507,1.3036681283
852350,586138765052,546726433584.0247802734,37565013996.5502319336,1403056852.9200003147,545.8842637502,509.1786697358,34.9851455507,1.3066985206
852375,586178069128,546761795233.5847778320,37565013996.5502319336,1406996618.7900004387,545.9208685234,509.2116028383,34.9851455507,1.3103677135
852400,586217490308,546796916031.1848144531,37565013996.5502319336,1411294205.7200009823,545.9575823583,509.2443116300,34.9851455507,1.3143701532
852425,586259423955,546835757420.9047241211,37565013996.5502319336,1414383915.2300007343,545.9966361104,509.2804854930,34.9851455507,1.3172476694
852450,586295730399,546868669201.3746948242,37565013996.5502319336,1417775445.0600008965,546.0304491213,509.3111369772,34.9851455507,1.3204062777
852475,586334148009,546900687859.3545532227,37565014004.3802337646,1424170700.1500000954,546.0662283087,509.3409566762,34.9851455580,1.3263623232
852500,586373744637,546933101551.3145751953,37565014004.3802337646,1431348873.1700005531,546.1031055422,509.3711442792,34.9851455580,1.3330475177
852525,586415382769,546970926726.7247314453,37565014004.3802337646,1435158951.4800004959,546.1418840745,509.4063717189,34.9851455580,1.3365959297
852550,586456382013,547008474999.4747924805,37565014004.3802337646,1438607346.1200003624,546.1800675960,509.4413412730,34.9851455580,1.3398074974
852575,586496527516,547045339329.1748046875,37565014004.3802337646,1441886446.7400007248,546.2174560092,509.4756738554,34.9851455580,1.3428613979
852600,586534928568,547081220596.4748535156,37565014004.3802337646,1444403590.4900009632,546.2532197759,509.5090908897,34.9851455580,1.3452056707
852625,586571678328,547115742736.5048828125,37565014004.3802337646,1446628904.8700015545,546.2874456570,509.5412421380,34.9851455580,1.3472781562
852650,586614808778,547155129835.6049194336,37565014004.3802337646,1450368980.5600020885,546.3276140187,509.5779242326,34.9851455580,1.3507613731
852675,586655880950,547191261486.2849121094,37565014004.3802337646,1455305905.9600009918,546.3658654597,509.6115744545,34.9851455580,1.3553592432
852700,586695606449,547225655417.6348266602,37565014004.3802337646,1460635133.3000009060,546.4028627137,509.6436062992,34.9851455580,1.3603224729
852725,586735570523,547261705811.0048828125,37565014004.3802337646,1464543157.0200014114,546.4400821580,509.6771808444,34.9851455580,1.3639621036
852750,586778303135,547298587047.8348999023,37565014004.3802337646,1470384667.0500016212,546.4798800042,509.7115291728,34.9851455580,1.3694024338
852775,586820421951,547336797646.7548828125,37565014004.3802337646,1474289359.0000019073,546.5191062083,509.7471155662,34.9851455580,1.3730389616
852800,586861666647,547375244338.8750000000,37565014004.3802337646,1477084831.8200025558,546.5575183248,509.7829218385,34.9851455580,1.3756424485
852825,586898195321,547408338760.1649780273,37565014305.3802337646,1480516505.8700025082,546.5915383035,509.8137434201,34.9851458384,1.3788384440
852850,586932453069,547439772976.1751098633,37565014305.3802337646,1483336778.6200025082,546.6234433176,509.8430188151,34.9851458384,1.3814650277
852875,586973999276,547471057717.6151733398,37565014305.3802337646,1493594082.8300023079,546.6621362381,509.8721550010,34.9851458384,1.3910178867
852900,587014469172,547502600631.9951782227,37565016654.3802337646,1502514834.7100017071,546.6998267658,509.9015316293,34.9851480260,1.3993259843
852925,587054081424,547537946293.1652221680,37565016654.3802337646,1506773132.8100023270,546.7367185503,509.9344498414,34.9851480260,1.4032918334
852950,587098697835,547571843550.2152099609,37565016654.3802337646,1517490212.0300025940,546.7782708211,509.9660191221,34.9851480260,1.4132728912
852975,587140148041,547602291182.5551147461,37565017046.3802337646,1528489810.9300022125,546.8168743337,509.9943756895,34.9851483911,1.4235170660
853000,587180721474,547629097459.9451904297,37565017359.3802337646,1542254563.2200021744,546.8546612877,510.0193409807,34.9851486826,1.4363364905
853025,587220079694,547665174262.6552734375,37565017359.3802337646,1545533654.7300016880,546.8913164865,510.0529401215,34.9851486826,1.4393903825
853050,587257902755,547700645093.7553100586,37565017359.3802337646,1547883810.0200011730,546.9265419571,510.0859749073,34.9851486826,1.4415791352
853075,587297542800,547734689611.5751342773,37565017359.3802337646,1553476553.7500007153,546.9634596258,510.1176813353,34.9851486826,1.4467877836
853100,587338856950,547772055323.0753173828,37565017359.3802337646,1557422263.6200013161,547.0019364264,510.1524808659,34.9851486826,1.4504625123
853125,587379744460,547809461125.8852539062,37565017359.3802337646,1560898682.8500015736,547.0400158875,510.1873177345,34.9851486826,1.4537001800
853150,587418975859,547845219187.8953247070,37565017359.3802337646,1564369494.0900011063,547.0765529750,510.2206200249,34.9851486826,1.4569326249
853175,587458913423,547878403578.5753173828,37565017359.3802337646,1571120347.0500013828,547.1137477299,510.2515253970,34.9851486826,1.4632198466
853200,587499285141,547908616022.2553710938,37565017980.3802337646,1581276700.9100012779,547.1513468223,510.2796629279,34.9851492610,1.4726786883
853225,587537093991,547943359392.0753784180,37565017987.3502426147,1584339882.0700011253,547.1865590578,510.3120202125,34.9851492675,1.4755314980
853250,587576245092,547976120449.3953247070,37565017987.3502426147,1590727364.6900007725,547.2230213620,510.3425313247,34.9851492675,1.4814803048
853275,587617525471,548009537906.5552978516,37565017987.3502426147,1598586076.9500007629,547.2614667108,510.3736537570,34.9851492675,1.4887993009
853300,587655373678,548044551746.5353393555,37565017987.3502426147,1601418368.4000008106,547.2967156004,510.4062629366,34.9851492675,1.4914370779
853325,587693279317,548078317099.6853637695,37565017987.3502426147,1605556332.7200007439,547.3320179777,510.4377093722,34.9851492675,1.4952908575
853350,587734246161,548112515746.1953125000,37565017987.3502426147,1612322216.1100008488,547.3701713243,510.4695593437,34.9851492675,1.5015920774
853375,587777291582,548149382158.4052734375,37565017987.3502426147,1618496748.0300009251,547.4102604967,510.5038938656,34.9851492675,1.5073425584
853400,587817305405,548184213995.0053100586,37565017987.3502426147,1623675978.7600009441,547.4475262733,510.5363335414,34.9851492675,1.5121660929
853425,587856682032,548220076174.8253173828,37565017987.3502426147,1627188099.9400010109,547.4841986150,510.5697327990,34.9851492675,1.5154370106
853450,587896597024,548257907685.5752563477,37565017987.3502426147,1629268266.0200004578,547.5213723481,510.6049661390,34.9851492675,1.5173743162
853475,587936106728,548295329090.6452026367,37565017987.3502426147,1631351945.2600004673,547.5581686273,510.6398175383,34.9851492675,1.5193148938
853500,587975889777,548331361848.1751708984,37565018215.3502426147,1635098284.1700000763,547.5952194789,510.6733756589,34.9851494798,1.5228039438
853525,588014355814,548367393519.7451782227,37565018443.3502426147,1637530130.3699998856,547.6310437676,510.7069327680,34.9851496921,1.5250687770
853550,588053569925,548400208168.1953125000,37565018443.3502426147,1643926763.1299993992,547.6675647544,510.7374937909,34.9851496921,1.5310261055
853575,588093769925,548435415336.0953369141,37565018443.3502426147,1648917071.2699992657,547.7050039219,510.7702830211,34.9851496921,1.5356736921
853600,588134797365,548471277437.0453491211,37565018443.3502426147,1654078151.7999987602,547.7432137029,510.8036822053,34.9851496921,1.5404803229
853625,588174755943,548509376446.0253295898,37565018443.3502426147,1655935080.9599990845,547.7804280287,510.8391646724,34.9851496921,1.5422097230
853650,588214721779,548546838882.4953002930,37565018443.3502426147,1658435883.7399992943,547.8176491139,510.8740542852,34.9851496921,1.5445387771
853675,588253878797,548581589997.7252197266,37565018443.3502426147,1662839318.4999992847,547.8541169288,510.9064187833,34.9851496921,1.5486397953
853700,588293404663,548614963922.4152221680,37565018443.3502426147,1668988787.4999992847,547.8909282601,510.9375006728,34.9851496921,1.5543669346
853725,588334911328,548651262283.5952148438,37565018443.3502426147,1674191442.8699996471,547.9295843542,510.9713061560,34.9851496921,1.5592122850
853750,588376338264,548686735516.5551757812,37565018443.3502426147,1680138936.1600000858,547.9681661949,511.0043431786,34.9851496921,1.5647513197
853775,588415998661,548723577979.2453002930,37565018671.3502426147,1682951989.3099997044,548.0051028179,511.0386553958,34.9851499045,1.5673711796
853800,588455045255,548757792324.0452880859,37565018671.3502426147,1687780946.6199994087,548.0414677924,511.0705199875,34.9851499045,1.5718684966
853825,588494958811,548793976465.8651733398,37565018671.3502426147,1691497280.3899993896,548.0786401881,511.1042190957,34.9851499045,1.5753296021
853850,588534696864,548830041620.5653076172,37565018671.3502426147,1695165236.4999992847,548.1156491339,511.1378073884,34.9851499045,1.5787456525
853875,588574370293,548866211226.5753784180,37565018671.3502426147,1698664188.4199991226,548.1525978940,511.1714929590,34.9851499045,1.5820043054
853900,588617439525,548901295368.8154296875,37565018671.3502426147,1706646494.1999995708,548.1927092420,511.2041676127,34.9851499045,1.5894384069
853925,588655480098,548936636065.7254028320,37565018671.3502426147,1709343964.4199991226,548.2281372864,511.2370812015,34.9851499045,1.5919506218
853950,588695269080,548967846923.1655273438,37565018671.3502426147,1717919760.7399992943,548.2651936635,511.2661485776,34.9851499045,1.5999374546
853975,588740794892,548990639320.8252563477,37565018671.3502426147,1740650802.1099996567,548.3075928800,511.2873756521,34.9851499045,1.6211073865
854000,588785709677,549014225730.2752075195,37565018671.3502426147,1761976811.1199994087,548.3494230332,511.3093422076,34.9851499045,1.6409687801
854025,588831924877,549044033999.5150146484,37565018671.3502426147,1778380951.5699992180,548.3924642922,511.3371033217,34.9851499045,1.6562463265
854050,588876910778,549077511345.0050048828,37565018671.3502426147,1789886950.3099987507,548.4343606774,511.3682815293,34.9851499045,1.6669621228
854075,588921386389,549109516153.6450195312,37565018671.3502426147,1802354757.6899979115,548.4757818179,511.3980883301,34.9851499045,1.6785736733
854100,588962021871,549141565212.0350341797,37565018671.3502426147,1810938348.5799984932,548.5136265596,511.4279363416,34.9851499045,1.6865677653
854125,589005842161,549177856153.7451171875,37565018671.3502426147,1818465154.3799984455,548.5544373849,511.4617349149,34.9851499045,1.6935776494
854150,589050589988,549215657580.7050781250,37565018671.3502426147,1825409513.0499975681,548.5961120464,511.4969402372,34.9851499045,1.7000450874
854175,589098261431,549255942014.4449462891,37565018671.3502426147,1832794437.7699980736,548.6405095374,511.5344580397,34.9851499045,1.7069228345
854200,589144233346,549295908491.7749633789,37565018671.3502426147,1838797293.2599976063,548.6833242197,511.5716797223,34.9851499045,1.7125134294
854225,589187801281,549334105271.5949096680,37565018671.3502426147,1844163795.2399981022,548.7239000211,511.6072532456,34.9851499045,1.7175113738
854250,589228191607,549370816956.9848632812,37565018671.3502426147,1847837777.5299983025,548.7615164435,511.6414436670,34.9851499045,1.7209330364
854275,589267578437,549405979466.8148193359,37565018671.3502426147,1852058701.8799972534,548.7981982874,511.6741913062,34.9851499045,1.7248640786
854300,589307609138,549440381668.9047241211,37565018671.3502426147,1857683915.7999975681,548.8354797829,511.7062308536,34.9851499045,1.7301029673
854325,589350013943,549476280238.9647216797,37565018899.3502426147,1864187372.2399976254,548.8749723351,511.7396640023,34.9851501168,1.7361597831
854350,589391094098,549513121469.9645996094,37565018899.3502426147,1868422656.4399967194,548.9132312108,511.7739750724,34.9851501168,1.7401041989
854375,589431193517,549550335426.3745117188,37565018899.3502426147,1871304046.6899976730,548.9505767049,511.8086332701,34.9851501168,1.7427877027
854400,589472163002,549588721292.3745727539,37565018899.3502426147,1873885164.1199975014,548.9887325112,511.8443828936,34.9851501168,1.7451915556
854425,589512166156,549626162204.1447753906,37565018899.3502426147,1876445090.7799980640,549.0259883516,511.8792524600,34.9851501168,1.7475756731
854450,589553003282,549664332567.8347778320,37565019127.3502426147,1879109103.6099987030,549.0640208889,511.9148013814,34.9851503292,1.7500567284
854475,589593760179,549700969640.1748046875,37565019127.3502426147,1883225091.0699987411,549.1019787071,511.9489223139,34.9851503292,1.7538900404
854500,589635162607,549737696777.7149047852,37565019127.3502426147,1887894428.0899989605,549.1405377230,511.9831271262,34.9851503292,1.7582386994
854525,589674809758,549774032212.9447021484,37565019127.3502426147,1891203853.8499991894,549.1774620097,512.0169671373,34.9851503292,1.7613208423
854550,589715714191,549810799507.9548339844,37565019127.3502426147,1895337926.3499987125,549.2155572316,512.0512093491,34.9851503292,1.7651709973
854575,589756216146,549849096365.7351074219,37565019127.3502426147,1897540729.8799986839,549.2532776166,512.0868760773,34.9851503292,1.7672225180
854600,589796254414,549886158669.8248291016,37565019134.2302322388,1900513839.9599990845,549.2905661594,512.1213930378,34.9851503356,1.7699914425
854625,589836654277,549923951917.3851318359,37565019134.2302322388,1903117483.7499995232,549.3281914638,512.1565907424,34.9851503356,1.7724162748
854650,589877601778,549960736248.8952636719,37565019134.2302322388,1907276948.9199995995,549.3663267959,512.1908488207,34.9851503356,1.7762900786
854675,589918289015,549997912085.9655761719,37565019134.2302322388,1910783716.2500000000,549.4042197382,512.2254715170,34.9851503356,1.7795560102
854700,589959945007,550035889025.9056396484,37565019385.2302322388,1914459670.7499995232,549.4430149039,512.2608402985,34.9851505693,1.7829795096
854725,590009058502,550082630007.3354492188,37565019636.2302322388,1916829861.3499989510,549.4887554105,512.3043712297,34.9851508031,1.7851869216
854750,590060600741,550130083926.7052001953,37565019636.2302322388,1920915868.9099988937,549.5367578613,512.3485661360,34.9851508031,1.7889923127
854775,590101787148,550165612399.0551757812,37565019636.2302322388,1926571720.8199980259,549.5751156919,512.3816546044,34.9851508031,1.7942597352
854800,590142662684,550202291440.4051513672,37565019636.2302322388,1930765194.4599978924,549.6131840013,512.4158146236,34.9851508031,1.7981652119
854825,590182533679,550237622197.9451904297,37565019636.2302322388,1935303353.9799983501,549.6503167590,512.4487189557,34.9851508031,1.8023917023
854850,590224618677,550270926739.9252929688,37565019636.2302322388,1944081268.5599985123,549.6895114677,512.4797362275,34.9851508031,1.8105667723
854875,590265391263,550304579776.5852050781,37565019636.2302322388,1951197441.3499979973,549.7274838975,512.5110780602,34.9851508031,1.8171942247
854900,590306073559,550339396358.2253417969,37565019636.2302322388,1957061079.0799975395,549.7653722381,512.5435035287,34.9851508031,1.8226551628
854925,590346810745,550375627642.6254882812,37565019636.2302322388,1961564282.6099972725,549.8033116991,512.5772465417,34.9851508031,1.8268490980
854950,590386887167,550409285496.7453613281,37565020142.2302322388,1967979772.9399976730,549.8406357756,512.6085928611,34.9851512743,1.8328239889
854975,590428939426,550445403201.6756591797,37565020142.2302322388,1973912251.3099975586,549.8797999937,512.6422300950,34.9851512743,1.8383490400
855000,590471616264,550484409815.6656494141,37565020142.2302322388,1977580154.8999977112,549.9195458964,512.6785578352,34.9851512743,1.8417650414
855025,590512307778,550521633729.6856689453,37565020142.2302322388,1981045172.5199975967,549.9574428219,512.7132253067,34.9851512743,1.8449920905
855050,590552502163,550558595197.4755859375,37565020142.2302322388,1984274933.6799979210,549.9948767601,512.7476483560,34.9851512743,1.8480000400
855075,590595370761,550597456043.2156982422,37565020142.2302322388,1988279729.5599985123,550.0348012531,512.7838403389,34.9851512743,1.8517297968
855100,590635189197,550633655233.1657714844,37565020142.2302322388,1991895866.8599979877,550.0718850615,512.8175534617,34.9851512743,1.8550975871
855125,590675074076,550668922688.7757568359,37565020440.5702285767,1996509955.2999982834,550.1090307496,512.8503988392,34.9851515522,1.8593947918
855150,590714852405,550704200037.4556884766,37565020946.5702285767,2001006840.0099983215,550.1460772054,512.8832534304,34.9851520234,1.8635828421
855175,590755680019,550738611959.7358398438,37565020946.5702285767,2007419262.7599983215,550.1841008840,512.9153020305,34.9851520234,1.8695548761
855200,590796452233,550775701320.3159179688,37565020946.5702285767,2011100034.3199985027,550.2220729673,512.9498441893,34.9851520234,1.8729828618
855225,590838956625,550812505917.5255126953,37565021199.5702285767,2016796642.0699987411,550.2616582671,512.9841211415,34.9851522591,1.8782882412
855250,590880505003,550850567034.6053466797,37565021199.5702285767,2020281826.4599988461,550.3003532095,513.0195683191,34.9851522591,1.8815340721
855275,590918755579,550883142011.9354248047,37565021199.5702285767,2025954760.6799988747,550.3359768344,513.0499061308,34.9851522591,1.8868174038
855300,590952703144,550914746452.4152832031,37565021705.5702285767,2028293397.8399984837,550.3675929680,513.0793400597,34.9851527303,1.8889954294
855325,590994457280,550950412388.0854492188,37565021958.5702285767,2034378216.1499984264,550.4064795375,513.1125565507,34.9851529659,1.8946623580
855350,591036169129,550984529029.3955078125,37565021958.5702285767,2041971140.7999982834,550.4453267241,513.1443301490,34.9851529659,1.9017338201
855375,591076374323,551017693275.6655273438,37565021958.5702285767,2049010017.1799983978,550.4827707289,513.1752167602,34.9851529659,1.9082892846
855400,591119355599,551054255302.9553222656,37565022211.5702285767,2055422809.8099987507,550.5228001615,513.2092678016,34.9851532016,1.9142616632
855425,591156458063,551087090007.3450927734,37565022464.5702285767,2059687260.0299994946,550.5573545238,513.2398475030,34.9851534372,1.9182332419
855450,591197449790,551123041872.9251708984,37565022464.5702285767,2064724795.0099995136,550.5955310445,513.2733302870,34.9851534372,1.9229248120
855475,591237552507,551157960161.2752685547,37565022970.5702285767,2069906392.4799995422,550.6328796102,513.3058504772,34.9851539084,1.9277505507
855500,591278291030,551194603403.3651123047,37565023018.5102310181,2073999543.0099990368,550.6708203163,513.3399771558,34.9851539531,1.9315625941
855525,591319107582,551231496440.6751708984,37565023018.5102310181,2077920559.6799988747,550.7088336926,513.3743364743,34.9851539531,1.9352143255
855550,591361072533,551269151900.9952392578,37565023018.5102310181,2082227981.7699987888,550.7479165988,513.4094058545,34.9851539531,1.9392259249
855575,591402216053,551306360183.6552734375,37565023271.5102310181,2086160172.3099987507,550.7862344878,513.4440587681,34.9851541887,1.9428880627
855600,591447014298,551349064990.9555664062,37565023524.5102310181,2088250752.9199988842,550.8279561047,513.4838307192,34.9851544243,1.9448350677
855625,591485535326,551384937458.8957519531,37565023524.5102310181,2090897003.8799984455,550.8638316076,513.5172395584,34.9851544243,1.9472995809
855650,591526587559,551417910808.4554443359,37565023838.5102310181,2098972989.5499989986,550.9020644790,513.5479483832,34.9851547168,1.9548209287
855675,591566013105,551453542469.5854492188,37565023838.5102310181,2102762760.6299989223,550.9387823800,513.5811329536,34.9851547168,1.9583504280
855700,591606162839,551489037579.0053710938,37565024343.5902328491,2107413876.8899989128,550.9761747336,513.6141903503,34.9851551872,1.9626821176
855725,591646886951,551518350467.1755371094,37565026418.5902328491,2118815256.3099987507,551.0141020184,513.6414901048,34.9851571197,1.9733004796
855750,591687064758,551548866570.3256835938,37565026418.5902328491,2128474074.2999987602,551.0515205171,513.6699104405,34.9851571197,1.9822959549
855775,591729114377,551581912193.6552734375,37565026418.5902328491,2137475584.9999983311,551.0906822765,513.7006865755,34.9851571197,1.9906792650
855800,591771336707,551616763142.1755371094,37565026671.5902328491,2144844348.5899989605,551.1300048856,513.7331440506,34.9851573553,1.9975419609
855825,591811232879,551650181086.2854003906,37565027177.5902328491,2151319480.3399982452,551.1671610912,513.7642669364,34.9851578265,2.0035723973
855850,591850014625,551683992205.9753417969,37565027177.5902328491,2156286592.2899990082,551.2032794068,513.7957559954,34.9851578265,2.0081983807
855875,591887813041,551717745686.7851562500,37565027441.5902328491,2160328826.1099987030,551.2384819249,513.8271913741,34.9851580724,2.0119630043
855900,591927964448,551751357368.7348632812,37565027698.5902328491,2166865988.3699989319,551.2758758366,513.8584946922,34.9851583118,2.0180512111
855925,591968824596,551785105657.1048583984,37565027698.5902328491,2173975349.4999995232,551.3139298148,513.8899252350,34.9851583118,2.0246723196
855950,592008928343,551817660096.3448486328,37565027698.5902328491,2181522094.2399978638,551.3512793398,513.9202439192,34.9851583118,2.0317007734
855975,592050019626,551853746906.5051269531,37565027698.5902328491,2186524240.9399981499,551.3895485792,513.9538523802,34.9851583118,2.0363593855
856000,592089999781,551888412427.9353027344,37565028457.5902328491,2191836046.0499968529,551.4267830001,513.9861371628,34.9851590186,2.0413063895
856025,592134728533,551919126011.3251953125,37565028457.5902328491,2205848776.9599971771,551.4684398966,514.0147414164,34.9851590186,2.0543567622
856050,592186797959,551948639985.0155029297,37565028710.5902328491,2228401908.3799962997,551.5169333285,514.0422284464,34.9851592543,2.0753610026
856075,592232194948,551980358895.8656005859,37565028710.5902328491,2242076598.5599961281,551.5592125691,514.0717689841,34.9851592543,2.0880965503
856100,592279686407,552011531417.2252197266,37565028710.5902328491,2258392196.9799957275,551.6034424370,514.1008006569,34.9851592543,2.1032916354
856125,592320521251,552043493927.0352783203,37565029991.0702362061,2267261179.9099960327,551.6414728491,514.1305680639,34.9851604468,2.1115515194
856150,592358837094,552077792455.5351562500,37565030197.0702362061,2271275901.6399950981,551.6771572586,514.1625110577,34.9851606386,2.1152905204
856175,592399241501,552113289901.1650390625,37565030197.0702362061,2276180574.0099940300,551.7147867950,514.1955706302,34.9851606386,2.1198583525
856200,592440295543,552148664317.3050537109,37565030450.0702362061,2281857882.1699948311,551.7530213511,514.2285156225,34.9851608743,2.1251457577
856225,592481387596,552184629110.1248779297,37565030450.0702362061,2286982858.0199942589,551.7912913077,514.2620104459,34.9851608743,2.1299187634
856250,592521970515,552221509489.4648437500,37565030450.0702362061,2290681953.4599938393,551.8290870963,514.2963579758,34.9851608743,2.1333638145
856275,592561473018,552255094120.6149902344,37565030450.0702362061,2296597739.2599949837,551.8658766691,514.3276361009,34.9851608743,2.1388733194
856300,592598359077,552288110160.0750732422,37565030450.0702362061,2300465671.8199949265,551.9002294885,514.3583846838,34.9851608743,2.1424756123
856325,592634950062,552320175282.2552490234,37565030450.0702362061,2304989466.5499949455,551.9343074989,514.3882476559,34.9851608743,2.1466887244
856350,592671444661,552353876306.3155517578,37565030956.0702362061,2307779558.5999941826,551.9682957428,514.4196341804,34.9851613455,2.1492872002
856375,592711186094,552388424202.4354248047,37565031209.0702362061,2312969294.1999940872,552.0053078365,514.4518094160,34.9851615811,2.1541205181
856400,592751685743,552424335424.2054443359,37565031524.0702362061,2317554231.6699943542,552.0430260738,514.4852543475,34.9851618745,2.1583905738
856425,592792627939,552457104476.4655761719,37565031781.0702362061,2325725042.2199940681,552.0811564652,514.5157729056,34.9851621139,2.1660002342
856450,592831994216,552491605990.8157958984,37565032291.0702362061,2330586432.3499946594,552.1178191677,514.5479049448,34.9851625888,2.1705277565
856475,592873257124,552527166391.6757812500,37565032805.0702362061,2336283324.9099941254,552.1562482454,514.5810231489,34.9851630675,2.1758334012
856500,592917171798,552560011694.7458496094,37565033359.0702362061,2347349058.9499936104,552.1971469726,514.6116127211,34.9851635835,2.1861391691
856525,592962020557,552592520950.6962890625,37565033673.0702362061,2359683624.0199933052,552.2389156343,514.6418893251,34.9851638759,2.1976266280
856550,593001437883,552624537033.6359863281,37565033926.0702362061,2367081726.2599930763,552.2756258799,514.6717066259,34.9851641115,2.2045166476
856575,593042262175,552657513897.0158691406,37565034179.0702362061,2374925410.2199935913,552.3136464646,514.7024187232,34.9851643472,2.2118216476
856600,593083802610,552688420641.6656494141,37565034179.0702362061,2385556716.9599947929,552.3523340095,514.7312028722,34.9851643472,2.2217228235
856625,593123985273,552714820769.5255126953,37565034432.0702362061,2399336443.2699942589,552.3897570306,514.7557899072,34.9851645828,2.2345561937
856650,593162371884,552746336505.7952880859,37565034432.0702362061,2406205229.9999952316,552.4255073480,514.7851412239,34.9851645828,2.2409532499
856675,593202240799,552781171448.2550048828,37565034685.0702362061,2411232250.2099962234,552.4626381686,514.8175837921,34.9851648184,2.2456350273
856700,593242562228,552815674933.6451416016,37565034685.0702362061,2417048122.2599959373,552.5001904257,514.8497176670,34.9851648184,2.2510514802
856725,593283446712,552845412653.7249755859,37565034685.0702362061,2428192519.5199966431,552.5382670686,514.8774130770,34.9851648184,2.2614305089
856750,593324213982,552878248591.3349609375,37565034685.0702362061,2436116548.7399973869,552.5762345474,514.9079939270,34.9851648184,2.2688103362
856775,593364468543,552912179245.2349853516,37565035191.0702362061,2442435884.5599966049,552.6137245288,514.9395943109,34.9851652897,2.2746956763
856800,593405658474,552947096810.0251464844,37565035533.6102371216,2448704459.7999958992,552.6520856414,514.9721138273,34.9851656087,2.2805337420
856825,593445083862,552983435005.8449707031,37565035533.6102371216,2451789298.8399963379,552.6888033953,515.0059564094,34.9851656087,2.2834067222
856850,593484010411,553018984970.1949462891,37565035533.6102371216,2455163569.6899957657,552.7250565691,515.0390648937,34.9851656087,2.2865492568
856875,593522421253,553053237258.9652099609,37565035927.6102371216,2459317323.6899957657,552.7608294534,515.0709648234,34.9851659756,2.2904177417
856900,593559990861,553086294250.6851806641,37565036180.6102371216,2463827175.6099939346,552.7958188774,515.1017515461,34.9851662112,2.2946178686
856925,593599935070,553120131653.9851074219,37565036889.6102371216,2469928033.2399945259,552.8330198210,515.1332650836,34.9851668716,2.3002997350
856950,593640060610,553155832095.7952880859,37565036889.6102371216,2474350498.7199940681,552.8703896422,515.1665137110,34.9851668716,2.3044184770
856975,593679905524,553192156382.2351074219,37565037142.6102371216,2477867358.2199945450,552.9074981101,515.2003433390,34.9851671072,2.3076938076
857000,593718673809,553228112203.8953857422,37565037142.6102371216,2480677009.2599940300,552.9436038891,515.2338298074,34.9851671072,2.3103104991
857025,593759489884,553262486880.4353027344,37565037399.6102371216,2487113476.1499938965,552.9816168211,515.2658437196,34.9851673465,2.3163049260
857050,593801911062,553292480123.4952392578,37565038427.6102371216,2499535998.3599939346,553.0211246219,515.2937771040,34.9851683039,2.3278743013
857075,593841320461,553325665528.5153808594,37565038427.6102371216,2505756312.2499947548,553.0578274848,515.3246834208,34.9851683039,2.3336674201
857100,593882636928,553361351622.3150634766,37565038427.6102371216,2511382269.4799938202,553.0963064432,515.3579186856,34.9851683039,2.3389070011
857125,593919645597,553394761046.4952392578,37565038680.6102371216,2514975907.4099950790,553.1307734521,515.3890336365,34.9851685396,2.3422538372
857150,593958465885,553428756155.1350097656,37565039190.6102371216,2519796854.3199963570,553.1669276627,515.4206940486,34.9851690145,2.3467436939
857175,593997377331,553461358449.9051513672,37565039899.6102371216,2526101666.3699970245,553.2031667707,515.4510573017,34.9851696748,2.3526155077
857200,594037330387,553492120632.6652832031,37565042077.6102371216,2535285953.4799966812,553.2403759537,515.4797068170,34.9851717033,2.3611690416
857225,594077714439,553525869317.9953613281,37565042334.6102371216,2541916398.1099982262,553.2779865330,515.5111377295,34.9851719426,2.3673441243
857250,594117278329,553560003126.3354492188,37565042334.6102371216,2547342303.9599986076,553.3148332769,515.5429273158,34.9851719426,2.3723973930
857275,594157881390,553595024307.4454345703,37565042918.4402389526,2552919385.6399989128,553.3526478242,515.5755433323,34.9851724863,2.3775914550
857300,594198558556,553627666533.4256591797,37565043171.4402389526,2560950890.1999998093,553.3905313872,515.6059437743,34.9851727220,2.3850713765
857325,594245674059,553662100819.7054443359,37565043428.4402389526,2573628624.9100012779,553.4344111187,515.6380132024,34.9851729613,2.3968784371
857350,594287911946,553698989921.6354980469,37565043428.4402389526,2578974092.7699999809,553.4737482164,515.6723688558,34.9851729613,2.4018567919
857375,594331699861,553731430702.2357177734,37565043428.4402389526,2590316845.3100004196,553.5145288901,515.7025816871,34.9851729613,2.4124205534
857400,594369631635,553764119088.6656494141,37565043428.4402389526,2595557704.9100003242,553.5498556076,515.7330251193,34.9851729613,2.4173014843
857425,594410085343,553798737089.4256591797,37565043428.4402389526,2601389765.8800001144,553.5875310590,515.7652656449,34.9851729613,2.4227330143
857450,594454424463,553829206421.4755859375,37565043681.4402389526,2615240350.6399998665,553.6288250824,515.7936424217,34.9851731969,2.4356323766
857475,594495850267,553863845300.1055908203,37565043681.4402389526,2621990019.9999990463,553.6674058689,515.8259023913,34.9851731969,2.4419184960
857500,594537693094,553901638853.5759277344,37565043681.4402389526,2626027151.1900000572,553.7063750383,515.8611003808,34.9851731969,2.4456783675
857525,594578426443,553938880763.9259033203,37565044076.4402389526,2629514227.2800002098,553.7443109257,515.8957846127,34.9851735648,2.4489259601
857550,594618852454,553975730921.5357666016,37565044076.4402389526,2633076966.5099997520,553.7819605824,515.9301039963,34.9851735648,2.4522440196
857575,594660470760,554009847411.0657958984,37565044076.4402389526,2640576280.9099998474,553.8207206503,515.9618774532,34.9851735648,2.4592283004
857600,594703036755,554045508617.4458007812,37565044076.4402389526,2647469983.5700001717,553.8603633223,515.9950895397,34.9851735648,2.4656485613
857625,594743159734,554081342162.0257568359,37565044329.4402389526,2651746562.7000002861,553.8977307584,516.0284621287,34.9851738004,2.4696314360
857650,594782729808,554116431471.7956542969,37565044329.4402389526,2656213491.6499991417,553.9345832616,516.0611415951,34.9851738004,2.4737915878
857675,594822184186,554152697410.8656005859,37565044329.4402389526,2659381795.5399999619,553.9713280145,516.0949168828,34.9851738004,2.4767423007
857700,594861964430,554189362034.7255859375,37565044329.4402389526,2662492089.1399989128,554.0083762538,516.1290634747,34.9851738004,2.4796389874
857725,594902231957,554225266827.5954589844,37565044329.4402389526,2666849281.6999998093,554.0458783107,516.1625024188,34.9851738004,2.4836969391
857750,594943153088,554257763175.6153564453,37565044329.4402389526,2675252125.1700000763,554.0839890838,516.1927670013,34.9851738004,2.4915226970
857775,594983398200,554292608605.6855468750,37565045008.3502426147,2680646534.0400004387,554.1214702651,516.2252193370,34.9851744327,2.4965466317
857800,595023671972,554327725467.0556640625,37565045008.3502426147,2685798599.5600018501,554.1589781381,516.2579244627,34.9851744327,2.5013448666
857825,595063009693,554363733496.3558349609,37565045316.1302413940,2689123853.9000010490,554.1956142457,516.2914595533,34.9851747194,2.5044417511
857850,595101907167,554398631066.0559082031,37565045607.0002365112,2693115207.0100011826,554.2318403414,516.3239604477,34.9851749903,2.5081589883
857875,595141302368,554435581872.6058349609,37565045860.0002365112,2695554499.4200024605,554.2685299814,516.3583735680,34.9851752259,2.5104307564
857900,595182082386,554472856801.6062011719,37565046113.0002365112,2699045237.5100030899,554.3065093327,516.3930885509,34.9851754615,2.5136817596
857925,595220029785,554502731944.8464355469,37565046627.0002365112,2707103665.2500038147,554.3418506021,516.4209119462,34.9851759402,2.5211867553
857950,595261001840,554541049279.9266357422,37565046884.0002365112,2709723724.7900037766,554.3800088018,516.4565977454,34.9851761796,2.5236268759
857975,595299477373,554577753726.6260986328,37565047178.0302429199,2711490637.1700038910,554.4158419343,516.4907814252,34.9851764534,2.5252724413
858000,595341102883,554615829286.0161132812,37565047178.0302429199,2714992797.2900042534,554.4546087114,516.5262420532,34.9851764534,2.5285340820
858025,595383219624,554655314630.0660400391,37565047452.8702392578,2717610830.2400031090,554.4938329831,516.5630156454,34.9851767094,2.5309723152
858050,595424738623,554694164498.4959716797,37565047705.8702392578,2720275659.3600039482,554.5325005641,516.5991974049,34.9851769450,2.5334541307
858075,595465798160,554731554238.1459960938,37565047705.8702392578,2723940282.6800041199,554.5707402378,516.6340193135,34.9851769450,2.5368670772
858100,595507054484,554768413898.9659423828,37565047705.8702392578,2728330734.6100034714,554.6091631837,516.6683475477,34.9851769450,2.5409560042
858125,595546709546,554804962231.0556640625,37565047705.8702392578,2731432764.6300020218,554.6460948382,516.7023858345,34.9851769450,2.5438449947
858150,595587911668,554841685754.3952636719,37565047705.8702392578,2735905637.4300003052,554.6844673045,516.7365872808,34.9851769450,2.5480106822
858175,595628217198,554878246630.1953125000,37565047705.8702392578,2739628825.3599991798,554.7220047545,516.7706372498,34.9851769450,2.5514781711
858200,595668465109,554913619023.7653808594,37565047705.8702392578,2744500098.9499998093,554.7594885426,516.8035803584,34.9851769450,2.5560148982
858225,595709110243,554945416668.5555419922,37565047705.8702392578,2753344173.4499983788,554.7973422734,516.8331942228,34.9851769450,2.5642515844
858250,595748905945,554981211175.7755126953,37565047958.8702392578,2757331833.0199995041,554.8344049091,516.8665304554,34.9851771806,2.5679653818
858275,595788612297,555015873511.7055664062,37565047958.8702392578,2762347216.1399993896,554.8713843310,516.8988122714,34.9851771806,2.5726363213
858300,595827505106,555051694093.0556640625,37565047958.8702392578,2765414170.8099994659,554.9076060820,516.9321727874,34.9851771806,2.5754926454
858325,595867819357,555088621536.3957519531,37565048464.8702392578,2768794971.7800002098,554.9451516541,516.9665641490,34.9851776519,2.5786412617
858350,595907098204,555124268009.0054931641,37565048464.8702392578,2772422323.7899990082,554.9817329310,516.9997625137,34.9851776519,2.5820194965
858375,595947140348,555160703557.5354003906,37565049223.8702392578,2776023405.7699995041,555.0190250836,517.0336957625,34.9851783587,2.5853732655
858400,595986130427,555195709031.9956054688,37565049479.8702392578,2779995959.0699992180,555.0553374244,517.0662971511,34.9851785972,2.5890729940
858425,596028556632,555230683029.3757324219,37565049479.8702392578,2787378852.9099993706,555.0948499069,517.0988692244,34.9851785972,2.5959488497
858450,596069230481,555267876682.3657226562,37565049985.8702392578,2790807735.6899991035,555.1327303806,517.1335085131,34.9851790684,2.5991422457
858475,596109946337,555306073409.8559570312,37565049985.8702392578,2793308561.9699997902,555.1706499765,517.1690819877,34.9851790684,2.6014713216
858500,596152236200,555344127701.2059326172,37565049985.8702392578,2797527802.8099999428,555.2100354806,517.2045228083,34.9851790684,2.6054007959
858525,596192352968,555381620951.5760498047,37565049985.8702392578,2800138380.6199998856,555.2473971322,517.2394411187,34.9851790684,2.6078320859
858550,596234126358,555419142094.0960693359,37565049985.8702392578,2804360077.4300003052,555.2863016333,517.2743854058,34.9851790684,2.6117638475
858575,596278507837,555454281861.7761230469,37565050491.8702392578,2813592544.0700001717,555.3276351066,517.3071118647,34.9851795396,2.6203622521
858600,596317967333,555490375499.3157958984,37565050491.8702392578,2816934742.4000005722,555.3643846260,517.3407266841,34.9851795396,2.6234749168
858625,596357046166,555523837085.2258300781,37565050491.8702392578,2822545543.9699997902,555.4007796254,517.3718902145,34.9851795396,2.6287003830
858650,596397357010,555560176901.0856933594,37565050997.8702392578,2826513464.3100004196,555.4383220244,517.4057343053,34.9851800109,2.6323957968
858675,596438553723,555598152690.1859130859,37565050997.8702392578,2829730665.9400005341,555.4766894532,517.4411020150,34.9851800109,2.6353920493
858700,596479054463,555635610812.8558349609,37565051503.8702392578,2832765835.5000014305,555.5144087067,517.4759876103,34.9851804821,2.6382187712
858725,596519868473,555674687028.3358154297,37565051756.8702392578,2834497730.4000010490,555.5524197156,517.5123801719,34.9851807178,2.6398317240
858750,596560675915,555712267222.8260498047,37565052009.8702392578,2837717115.6500010490,555.5904246075,517.5473794554,34.9851809534,2.6428300102
858775,596601494393,555748453355.7858886719,37565052009.8702392578,2842345505.7500019073,555.6284397775,517.5810804179,34.9851809534,2.6471405344
858800,596642948588,555785734811.5554199219,37565052262.8702392578,2846510325.6400017738,555.6670470051,517.6158014793,34.9851811890,2.6510193251
858825,596685889170,555825412263.0153808594,37565052262.8702392578,2849769945.0200018883,555.7070385385,517.6527539855,34.9851811890,2.6540550823
858850,596727214280,555864159753.7354736328,37565052515.8702392578,2852344409.4600009918,555.7455255464,517.6888403983,34.9851814246,2.6564527391
858875,596768588460,555900439840.0358886719,37565052515.8702392578,2857435705.9700007439,555.7840582542,517.7226288617,34.9851814246,2.6611943785
858900,596811188470,555937977106.9559326172,37565052515.8702392578,2862495758.0700011253,555.8237326052,517.7575881658,34.9851814246,2.6659069192
858925,596853033580,555975051803.5260009766,37565052515.8702392578,2867264091.4600009918,555.8627039008,517.7921166676,34.9851814246,2.6703477758
858950,596892120964,556007905185.3463134766,37565052515.8702392578,2873492633.7000007629,555.8991068639,517.8227137638,34.9851814246,2.6761485578
858975,596931255542,556040246353.5665283203,37565052515.8702392578,2880270734.1200013161,555.9355537798,517.8528338238,34.9851814246,2.6824611557
859000,596970784868,556072611191.0364990234,37565052520.8702392578,2887430860.7100005150,555.9723683335,517.8829759276,34.9851814293,2.6891295432
859025,597009286533,556104831033.1766357422,37565052773.8702392578,2893709997.6900005341,556.0082258033,517.9129829939,34.9851816649,2.6949774452
859050,597048694623,556137898901.2069091797,37565053310.7102432251,2900023713.1100001335,556.0449274471,517.9437798459,34.9851821649,2.7008575509
859075,597088985896,556169398495.6267089844,37565053310.7102432251,2908794028.9999995232,556.0824516192,517.9731161293,34.9851821649,2.7090255441
859100,597129373168,556204119321.8170166016,37565053310.7102432251,2914445073.9899997711,556.1200651973,518.0054524185,34.9851821649,2.7142884899
859125,597170546708,556239066555.4667968750,37565053310.7102432251,2920665473.7100000381,556.1584110446,518.0379995661,34.9851821649,2.7200816886
859150,597217040117,556267391313.9965820312,37565053310.7102432251,2938826855.8400001526,556.2017114060,518.0643790532,34.9851821649,2.7369957937
859175,597257802665,556304974888.9365234375,37565053310.7102432251,2941995586.8400001526,556.2396744872,518.0993814850,34.9851821649,2.7399469044
859200,597296519121,556340577583.2864990234,37565053310.7102432251,2945098635.0099987984,556.2757319966,518.1325390779,34.9851821649,2.7428368433
859225,597336528413,556376603832.2465820312,37565053310.7102432251,2949077554.8699984550,556.3129935535,518.1660911369,34.9851821649,2.7465425011
859250,597378741790,556412536213.6065673828,37565053310.7102432251,2955355247.6899981499,556.3523078244,518.1995557748,34.9851821649,2.7523890582
859275,597420375080,556450679958.0666503906,37565053563.7102432251,2958836802.6899991035,556.3910818473,518.2350799051,34.9851824005,2.7556315089
859300,597460780501,556487977475.8066406250,37565054069.7102432251,2961926085.6099982262,556.4287123280,518.2698159253,34.9851828718,2.7585086279
859325,597504103890,556526176359.9569091797,37565054322.7102432251,2967046726.8999981880,556.4690603781,518.3053914085,34.9851831074,2.7632775967
859350,597545225624,556564456108.4471435547,37565054575.7102432251,2969886022.6199984550,556.5073579773,518.3410422024,34.9851833430,2.7659218969
859375,597591018778,556606311124.8972167969,37565054575.7102432251,2973821340.9599990845,556.5500061754,518.3800227241,34.9851833430,2.7695869477
859400,597631748494,556641179355.7172851562,37565054575.7102432251,2979680301.7199997902,556.5879386794,518.4124962946,34.9851833430,2.7750435301
859425,597674047459,556679628712.2572021484,37565054575.7102432251,2983526232.8099994659,556.6273326604,518.4483050483,34.9851833430,2.7786253326
859450,597714598857,556716462466.3970947266,37565054828.7102432251,2987239928.0899982452,556.6650990928,518.4826091550,34.9851835786,2.7820839808
859475,597754492592,556752709939.8375244141,37565054828.7102432251,2990882958.4999985695,556.7022530288,518.5163672453,34.9851835786,2.7854768173
859500,597795073476,556790118279.6573486328,37565055587.7102432251,2994052244.7699990273,556.7400469221,518.5512064767,34.9851842855,2.7884284451
859525,597837141705,556825447122.3074951172,37565055840.7102432251,3000789136.8300004005,556.7792260135,518.5841090254,34.9851845211,2.7947026648
859550,597880343843,556863134815.0577392578,37565056093.7102432251,3006299966.4100012779,556.8194611399,518.6192084244,34.9851847568,2.7998350248
859575,597922618963,556900106309.3879394531,37565056346.7102432251,3011598503.8000006676,556.8588329135,518.6536408117,34.9851849924,2.8047696723
859600,597964590561,556937845640.8077392578,37565057105.7102432251,3015827750.9300007820,556.8979220102,518.6887883030,34.9851856993,2.8087084656
859625,598020624956,556966413677.1573486328,37565057358.7102432251,3043290080.8800005913,556.9501081072,518.7153943602,34.9851859349,2.8342847534
859650,598062007811,557001058131.8571777344,37565057910.2702331543,3050023564.5300011635,556.9886488942,518.7476595229,34.9851864486,2.8405557988
859675,598100996486,557033147626.6868896484,37565058163.2702331543,3056919561.1000013351,557.0249599274,518.7775451938,34.9851866842,2.8469781960
859700,598141400186,557065402324.0268554688,37565058163.2702331543,3065063599.7600011826,557.0625888053,518.8075847216,34.9851866842,2.8545629231
859725,598189279823,557105912633.0368652344,37565058163.2702331543,3072430617.0400018692,557.1071801921,518.8453128869,34.9851866842,2.8614239926
859750,598237762526,557148281278.2368164062,37565058163.2702331543,3078541664.1200017929,557.1523332279,518.8847717626,34.9851866842,2.8671153487
859775,598280659902,557188013615.1267089844,37565058922.2702331543,3081687456.5800013542,557.1922845226,518.9217753849,34.9851873911,2.8700450962
859800,598321359216,557226121507.9267578125,37565058922.2702331543,3084276400.2300019264,557.2301887125,518.9572661258,34.9851873911,2.8724562379
859825,598361925689,557259869845.6765136719,37565058922.2702331543,3091092243.2900013924,557.2679691846,518.9886967146,34.9851873911,2.8788039864
859850,598401347476,557293932711.0565185547,37565058922.2702331543,3096446912.9600000381,557.3046835847,519.0204202300,34.9851873911,2.8837909111
859875,598444010105,557330381644.7565917969,37565058922.2702331543,3102642364.8600001335,557.3444162542,519.0543659448,34.9851873911,2.8895608754
859900,598486146563,557365382439.5769042969,37565059175.2702331543,3109774003.1100010872,557.3836588887,519.0869629752,34.9851876267,2.8962027310
859925,598527937865,557402569601.2473144531,37565059428.2702331543,3114373747.6200013161,557.4225800717,519.1215962183,34.9851878623,2.9004865769
859950,598568043087,557439651427.2573242188,37565060654.0802307129,3117392238.4000000954,557.4599309703,519.1561313600,34.9851890039,2.9032977656
859975,598610038484,557478559092.0570068359,37565060654.0802307129,3120477896.3100008965,557.4990422316,519.1923669465,34.9851890039,2.9061715084
860000,598650893204,557515156490.0371093750,37565060654.0802307129,3124730715.1100006104,557.5370911546,519.2264509295,34.9851890039,2.9101322546
860025,598693606628,557554152072.1668701172,37565060654.0802307129,3128438490.8800001144,557.5768711306,519.2627683954,34.9851890039,2.9135853899
860050,598737162787,557592616768.0369873047,37565060654.0802307129,3133525948.9000005722,557.6174359648,519.2985914350,34.9851890039,2.9183234544
860075,598777604793,557628942148.9467773438,37565061504.5702285767,3137637375.4400010109,557.6551005179,519.3324220823,34.9851897960,2.9221525187
860100,598817917829,557665655242.9869384766,37565061504.5702285767,3141231773.9200010300,557.6926449584,519.3666138155,34.9851897960,2.9255000632
860125,598858430765,557703207233.5870361328,37565061757.5702285767,3144189317.2000007629,557.7303755702,519.4015868321,34.9851900316,2.9282544900
860150,598900314072,557740832405.5571289062,37565062516.5702285767,3148439395.0900006294,557.7693824396,519.4366280041,34.9851907385,2.9322126835
860175,598941917368,557778503736.8370361328,37565062516.5702285767,3152362921.9600005150,557.8081285283,519.4717121654,34.9851907385,2.9358667526
860200,598981119570,557814143083.4268798828,37565062769.5702285767,3155921452.0900006294,557.8446384240,519.5049038934,34.9851909741,2.9391808920
860225,599022244011,557851221319.8168945312,37565062769.5702285767,3159963197.7900009155,557.8829385443,519.5394356920,34.9851909741,2.9429450611
860250,599060767678,557887606015.1267089844,37565063275.5702285767,3162099125.4000020027,557.9188165050,519.5733215801,34.9851914454,2.9449342987
860275,599101887438,557925735031.5465087891,37565063528.5702285767,3165086648.5500020981,557.9571122658,519.6088319938,34.9851916810,2.9477166464
860300,599141815151,557962813227.7564697266,37565064034.5702285767,3167932459.7600007057,557.9942978462,519.6433637550,34.9851921523,2.9503670146
860325,599183979108,558002348785.6966552734,37565064034.5702285767,3170557983.0200014114,558.0335660912,519.6801841126,34.9851921523,2.9528122237
860350,599224735906,558040710927.3962402344,37565064287.5702285767,3172949481.6100015640,558.0715238173,519.7159116412,34.9851923879,2.9550394803
860375,599267009685,558080558822.3964843750,37565064287.5702285767,3175372142.7600007057,558.1108943420,519.7530228853,34.9851923879,2.9572957594
860400,599310127816,558119661960.2967529297,37565064540.5702285767,3179384208.7399997711,558.1510512307,519.7894405204,34.9851926235,2.9610322870
860425,599350964386,558157592215.6965332031,37565064793.5702285767,3182287920.4600000381,558.1890832502,519.8247658235,34.9851928591,2.9637365793
860450,599392332698,558195850701.3265380859,37565064793.5702285767,3185389628.8000006676,558.2276104931,519.8603968148,34.9851928591,2.9666252702
860475,599432855039,558232947955.3264160156,37565065046.5702285767,3188805797.5300006866,558.2653498640,519.8949463249,34.9851930948,2.9698068253
860500,599472981442,558269887902.4165039062,37565065440.5702285767,3191989403.9200000763,558.3027204890,519.9293493316,34.9851934617,2.9727717898
860525,599514991562,558305776637.5166015625,37565065440.5702285767,3198103227.6799998283,558.3418454621,519.9627733207,34.9851934617,2.9784657319
860550,599556707539,558343384426.1564941406,37565065440.5702285767,3202207740.6999998093,558.3806964932,519.9977983033,34.9851934617,2.9822883575
860575,599597404305,558380545586.9064941406,37565066224.5702285767,3205740313.3499994278,558.4185983101,520.0324073312,34.9851941919,2.9855783222
860600,599647362283,558424674068.9664306641,37565066224.5702285767,3211550736.8699989319,558.4651253028,520.0735051827,34.9851941919,2.9909897008
860625,599689637682,558461994188.5563964844,37565066477.5702285767,3216485205.9399976730,558.5044973362,520.1082622526,34.9851944275,2.9955852832
860650,599731460173,558500118728.2164306641,37565066477.5702285767,3220165743.6999964714,558.5434475662,520.1437684970,34.9851944275,2.9990130511
860675,599769582550,558534518622.1666259766,37565067899.5702285767,3223847262.1299972534,558.5789517965,520.1758058948,34.9851957518,3.0024417323
860700,599811392048,558572761762.8370361328,37565071232.5702285767,3227352775.0199980736,558.6178899258,520.2114225950,34.9851988559,3.0057064956
860725,599851633964,558609895056.8571777344,37565073288.5702285767,3230444304.4499979019,558.6553681307,520.2460056700,34.9852007707,3.0085857068
860750,599891071664,558639963329.0871582031,37565075950.5702285767,3239808713.1299986839,558.6920973510,520.2740089307,34.9852032499,3.0173069920
860775,599931869886,558675478004.1771240234,37565077113.5702285767,3245085859.1399979591,558.7300936561,520.3070845494,34.9852043330,3.0222217172
860800,599973606640,558713410828.2570800781,37565077382.5702285767,3248875977.3899984360,558.7689640373,520.3424122448,34.9852045836,3.0257515399
860825,600012942269,558746249649.4370117188,37565078567.5702285767,3255355055.0499978065,558.8055981966,520.3729957803,34.9852056872,3.0317856512
860850,600054558340,558782133812.9670410156,37565079342.5702285767,3261074685.5399985313,558.8443561830,520.4064155118,34.9852064090,3.0371124722
860875,600095100298,558818210332.7871093750,37565079342.5702285767,3265537638.6399989128,558.8821138237,520.4400143891,34.9852064090,3.0412689211
860900,600137346550,558856890229.7973632812,37565079342.5702285767,3269086615.1899991035,558.9214587118,520.4760378504,34.9852064090,3.0445741631
860925,600176836403,558891852149.5876464844,37565079736.5702285767,3273610935.1700000763,558.9582365034,520.5085986756,34.9852067759,3.0487877644
860950,600215861288,558927648122.3673095703,37565079736.5702285767,3276832364.0500001907,558.9945812598,520.5419362731,34.9852067759,3.0517879539
860975,600256490642,558964447152.9671630859,37565079989.5702285767,3280655235.1699991226,559.0324202944,520.5762080410,34.9852070115,3.0553482800
861000,600295461989,558998461152.5871582031,37565080464.4702301025,3285609086.6899986267,559.0687151896,520.6078860467,34.9852074538,3.0599619138
861025,600336725374,559033072946.4168701172,37565080717.4702301025,3292257150.1299991608,559.1071447115,520.6401207917,34.9852076894,3.0661534054
861050,600377082159,559065803434.6267089844,37565081016.4702301025,3299873162.7499990463,559.1447298964,520.6706034342,34.9852079679,3.0732463698
861075,600412624007,559096853006.7066650391,37565081269.4702301025,3304354840.5699982643,559.1778308218,520.6995206016,34.9852082035,3.0774202576
861100,600449395572,559129007657.7666015625,37565081269.4702301025,3308967873.9299983978,559.2120770104,520.7294669540,34.9852082035,3.0817164797
861125,600492448898,559164444844.0264892578,37565081522.4702301025,3316580596.4199981689,559.2521735448,520.7624704056,34.9852084391,3.0888063800
861150,600533339216,559199619672.9967041016,37565081775.4702301025,3322280588.8499984741,559.2902556211,520.7952295179,34.9852086748,3.0941149116
861175,600576010428,559236973552.6468505859,37565082514.2302322388,3327590800.0599989891,559.3299962841,520.8300180292,34.9852093628,3.0990604312
861200,600617184416,559271586843.7070312500,37565082906.2302322388,3334129663.8299999237,559.3683425486,520.8622541686,34.9852097279,3.1051502226
861225,600658182282,559307896689.0373535156,37565083808.2302322388,3338811830.2100000381,559.4065247867,520.8960703472,34.9852105679,3.1095108299
861250,600698779854,559342350999.7774658203,37565084314.2302322388,3344951707.2099990845,559.4443342220,520.9281584246,34.9852110392,3.1152290359
861275,600739854502,559378659698.3576660156,37565084567.2302322388,3349714205.3999986649,559.4825879689,520.9619735352,34.9852112748,3.1196644580
861300,600781219436,559412364226.9277343750,37565085583.2302322388,3357368127.8499984741,559.5211120658,520.9933633236,34.9852122210,3.1267927288
861325,600825851348,559451801623.0378417969,37565085836.2302322388,3362542037.5599989891,559.5626787730,521.0300922608,34.9852124566,3.1316113077
861350,600865904379,559486085662.0379638672,37565085836.2302322388,3368290605.9999995232,559.5999810649,521.0620217603,34.9852124566,3.1369650792
861375,600906386260,559521552786.0878906250,37565085836.2302322388,3373303090.7300004959,559.6376827545,521.0950530936,34.9852124566,3.1416333194
861400,600948788959,559554812249.2977294922,37565086149.2302322388,3382442540.1500000954,559.6771733453,521.1260283825,34.9852127482,3.1501450950
861425,600989699817,559589615341.7474365234,37565086402.2302322388,3388544654.2399997711,559.7152745510,521.1584412882,34.9852129838,3.1558281316
861450,601031970076,559623958974.3775634766,37565086402.2302322388,3396467623.7500000000,559.7546417974,521.1904262885,34.9852129838,3.1632069719
861475,601070177014,559655154408.1875000000,37565086655.2302322388,3403475577.4499998093,559.7902247813,521.2194793003,34.9852132194,3.1697336374
861500,601110841472,559691452245.8474121094,37565087161.2302322388,3407838337.8299994469,559.8280965090,521.2532842959,34.9852136907,3.1737967747
861525,601151650342,559725675903.8074951172,37565087161.2302322388,3414421507.0000000000,559.8661027309,521.2851575611,34.9852136907,3.1799278287
861550,601193547547,559760906464.9572753906,37565087414.2302322388,3421084315.6900010109,559.9051225437,521.3179685780,34.9852139263,3.1861330529
861575,601236214371,559793884738.8571777344,37565087414.2302322388,3430768330.1400017738,559.9448591201,521.3486819890,34.9852139263,3.1951519941
861600,601278921253,559828461972.6170654297,37565087414.2302322388,3438887921.3800024986,559.9846330034,521.3808845474,34.9852139263,3.2027139528
861625,601320790503,559865624156.2773437500,37565087774.5202331543,3443572405.2300028801,560.0236267811,521.4154945279,34.9852142618,3.2070767183
861650,601360435959,559902409491.2272949219,37565088027.5202331543,3446421979.5400037766,560.0605494892,521.4497535408,34.9852144974,3.2097305912
861675,601404346418,559939752770.9172363281,37565088786.5202331543,3452985718.9200038910,560.1014442910,521.4845321802,34.9852152043,3.2158435499
861700,601445171410,559975474166.2172851562,37565088786.5202331543,3458086833.4300045967,560.1394655276,521.5178003220,34.9852152043,3.2205943330
861725,601486277720,560010171511.6373291016,37565089039.5202331543,3464492338.6000051498,560.1777487621,521.5501147431,34.9852154399,3.2265599245
861750,601542592742,560047836460.1574707031,37565089039.5202331543,3483138194.0100059509,560.2301962133,521.5851929599,34.9852154399,3.2439252306
861775,601597270313,560081979081.6478271484,37565089039.5202331543,3503669785.9600062370,560.2811186695,521.6169907541,34.9852154399,3.2630467657
861800,601639595123,560116675444.6081542969,37565089039.5202331543,3511294861.4100060463,560.3205367206,521.6493042601,34.9852154399,3.2701481706
861825,601682837347,560152270268.0882568359,37565089039.5202331543,3518940188.7200050354,560.3608091800,521.6824545228,34.9852154399,3.2772684365
861850,601723437678,560186390906.7982177734,37565089545.5202331543,3525416785.5500059128,560.3986211848,521.7142318439,34.9852159112,3.2833002373
861875,601765629352,560222606161.2681884766,37565090051.5202331543,3531390201.1100058556,560.4379152432,521.7479599279,34.9852163824,3.2888634141
861900,601807483132,560259578833.3278808594,37565090051.5202331543,3536268169.1500062943,560.4768946134,521.7823934120,34.9852163824,3.2934063758
861925,601847667813,560295407171.6676025391,37565090051.5202331543,3540621355.6600079536,560.5143195139,521.8157611523,34.9852163824,3.2974605967
861950,601889576521,560328094372.8074951172,37565090051.5202331543,3549839815.2600078583,560.5533500398,521.8462034807,34.9852163824,3.3060459562
861975,601929957682,560362544829.4176025391,37565090051.5202331543,3555768153.2100081444,560.5909579266,521.8782879686,34.9852163824,3.3115671512
862000,601970995181,560399813572.8973388672,37565090051.5202331543,3559534127.7000083923,560.6291770758,521.9129971907,34.9852163824,3.3150744882
862025,602010466879,560433013773.7874755859,37565090051.5202331543,3565801422.2300081253,560.6659379592,521.9439172873,34.9852163824,3.3209113611
862050,602051413742,560468537326.4772949219,37565090051.5202331543,3571218338.3200082779,560.7040726971,521.9770011739,34.9852163824,3.3259562574
862075,602094611382,560501607496.8474121094,37565090051.5202331543,3581340864.8000078201,560.7443036344,522.0078001701,34.9852163824,3.3353835948
862100,602136449743,560534557254.2570800781,37565090051.5202331543,3590226995.7300081253,560.7832686445,522.0384870230,34.9852163824,3.3436594491
862125,602179622835,560573877286.0072021484,37565090051.5202331543,3594075163.0600090027,560.8234767197,522.0751066562,34.9852163824,3.3472433342
862150,602218670279,560608926989.5572509766,37565090304.5202331543,3598070339.6600093842,560.8598424857,522.1077492363,34.9852166181,3.3509641324
862175,602259185133,560644217825.1875000000,37565090304.5202331543,3603291142.7100100517,560.8975748839,522.1406163882,34.9852166181,3.3558263841
862200,602299894001,560674514488.4376220703,37565090304.5202331543,3613701080.5000104904,560.9354879716,522.1688323547,34.9852166181,3.3655213942
862225,602345890776,560707230997.5073242188,37565090557.5202331543,3626979015.9900097847,560.9783258066,522.1993019781,34.9852168537,3.3778874352
862250,602386526103,560740091932.7369384766,37565090557.5202331543,3634750885.3700094223,561.0161704039,522.2299061089,34.9852168537,3.3851255526
862275,602426828504,560771918346.9569091797,37565090557.5202331543,3643221997.0000095367,561.0537049398,522.2595467669,34.9852168537,3.3930148901
862300,602466786032,560807702356.7172851562,37565091316.5202331543,3647392678.2500090599,561.0909182876,522.2928732230,34.9852175606,3.3968991397
862325,602505887579,560842540456.3774414062,37565091569.5202331543,3651651806.8200092316,561.1273344411,522.3253187317,34.9852177962,3.4008657623
862350,602548245768,560877262603.8273925781,37565092075.5202331543,3659284631.5600090027,561.1667835787,522.3576562515,34.9852182674,3.4079743843
862375,602588812142,560910031374.8276367188,37565092328.5202331543,3667078489.5800089836,561.2045639586,522.3881745477,34.9852185031,3.4152329802
862400,602629589467,560945416878.7175292969,37565092328.5202331543,3672467392.2500090599,561.2425408019,522.4211298662,34.9852185031,3.4202517869
862425,602672144729,560982213210.5476074219,37565092834.5202331543,3678222938.5000100136,561.2821734780,522.4553991207,34.9852189743,3.4256120571
862450,602714747773,561014379057.3074951172,37565093340.5202331543,3688655893.8900098801,561.3218506547,522.4853559000,34.9852194456,3.4353285040
862475,602756387729,561052558311.8974609375,37565093340.5202331543,3692113264.4400095940,561.3606308857,522.5209131016,34.9852194456,3.4385484312
862500,602797890210,561087835697.4176025391,37565093340.5202331543,3698331323.0700101852,561.3992830832,522.5537677271,34.9852194456,3.4443394496
862525,602840287828,561121520981.8177490234,37565093340.5202331543,3707039547.3700094223,561.4387689419,522.5851395929,34.9852194456,3.4524496155
862550,602881249842,561156044365.7476806641,37565093593.5202331543,3713474205.1000108719,561.4769177902,522.6172919997,34.9852196812,3.4584423575
862575,602921622610,561192124698.7576904297,37565093593.5202331543,3717764294.6800112724,561.5145178605,522.6508944284,34.9852196812,3.4624378147
862600,602965356664,561229085364.3176269531,37565093846.5202331543,3724532258.5300121307,561.5552483723,522.6853167306,34.9852199168,3.4687409723
862625,603009717606,561266093181.7476806641,37565094099.5202331543,3731883056.3400120735,561.5965627190,522.7197829464,34.9852201524,3.4755869362
862650,603053320938,561297677008.6076660156,37565094352.5202331543,3743900043.5100121498,561.6371714864,522.7491976773,34.9852203881,3.4867786276
862675,603094787691,561331969436.4274902344,37565094352.5202331543,3751072105.0200128555,561.6757904096,522.7811349895,34.9852203881,3.4934581304
862700,603137474474,561368608676.2274169922,37565094605.5202331543,3757117314.1800131798,561.7155455742,522.8152579407,34.9852206237,3.4990881702
862725,603181370078,561407447712.1275634766,37565094605.5202331543,3762170602.6000118256,561.7564265411,522.8514296116,34.9852206237,3.5037944118
862750,603223989174,561444567848.9178466797,37565094858.5202331543,3767666252.6800122261,561.7961186673,522.8860004329,34.9852208593,3.5089126347
862775,603269207106,561482505498.1778564453,37565094858.5202331543,3774944076.7800121307,561.8382311482,522.9213326221,34.9852208593,3.5156906366
862800,603312419911,561514649566.0479736328,37565094858.5202331543,3786010739.8700108528,561.8784762090,522.9512691182,34.9852208593,3.5259972698
862825,603354586428,561548340941.5584716797,37565095503.5202331543,3794482904.3900108337,561.9177468382,522.9826466567,34.9852214600,3.5338875879
862850,603397356834,561584678953.6788330078,37565095503.5202331543,3800909902.2800102234,561.9575798828,523.0164890677,34.9852214600,3.5398731961
862875,603438640430,561621382300.5689697266,37565095503.5202331543,3805486894.1500101089,561.9960282277,523.0506717233,34.9852214600,3.5441358519
862900,603478971248,561657720258.4389648438,37565095503.5202331543,3809477103.0700092316,562.0335892290,523.0845140837,34.9852214600,3.5478520236
862925,603519403439,561689039963.4888916016,37565096150.5202331543,3818586868.7900090218,562.0712446412,523.1136828321,34.9852220626,3.5563361540
862950,603558835365,561722147509.1490478516,37565096150.5202331543,3824908899.5800080299,562.1079684841,523.1445166368,34.9852220626,3.5622240040
862975,603598868274,561756718786.1988525391,37565096542.5202331543,3830364021.3500080109,562.1452520359,523.1767136475,34.9852224277,3.5673044821
863000,603638404520,561789986691.0388183594,37565096542.5202331543,3836627151.3200073242,562.1820730343,523.2076967983,34.9852224277,3.5731374764
863025,603676446915,561822116643.9686279297,37565096798.5202331543,3842535999.1600079536,562.2175027756,523.2376201488,34.9852226661,3.5786405198
863050,603717755803,561849766948.5686035156,37565096798.5202331543,3856188738.9600086212,562.2559746755,523.2633715016,34.9852226661,3.5913556246
863075,603757740265,561882812573.9285888672,37565096798.5202331543,3863124619.8400096893,562.2932131076,523.2941476385,34.9852226661,3.5978151670
863100,603799878597,561920448337.4187011719,37565096798.5202331543,3867624312.4300098419,562.3324574875,523.3291986747,34.9852226661,3.6020058323
863125,603843841898,561959375797.1688232422,37565096798.5202331543,3872653328.8400092125,562.3734015021,523.3654526967,34.9852226661,3.6066894688
863150,603903397342,561983190520.5788574219,37565096798.5202331543,3908389740.1500082016,562.4288668316,523.3876318862,34.9852226661,3.6399715954
863175,603954425027,562009902096.6188964844,37565096798.5202331543,3932700322.4900078773,562.4763900666,523.4125089800,34.9852226661,3.6626125895
863200,603992775017,562043234166.2388916016,37565096798.5202331543,3937702819.2500090599,562.5121062780,523.4435518889,34.9852226661,3.6672715277
863225,604037588545,562076352620.9288330078,37565096798.5202331543,3949395599.6300101280,562.5538421283,523.4743958534,34.9852226661,3.6781612780
863250,604078313839,562109995471.6688232422,37565097406.5202331543,3956472420.9600105286,562.5917705139,523.5057281998,34.9852232323,3.6847520815
863275,604120086499,562144927310.1885986328,37565097406.5202331543,3963305958.8400096893,562.6306743352,523.5382610096,34.9852232323,3.6911163096
863300,604160108836,562181919818.3787841797,37565097406.5202331543,3966332458.7600088120,562.6679480411,523.5727129675,34.9852232323,3.6939349573
863325,604202185220,562218334615.3487548828,37565097659.5202331543,3971989890.9500088692,562.7071347274,523.6066268900,34.9852234679,3.6992038516
863350,604243075192,562253714258.3887939453,37565097912.5202331543,3977494464.2800078392,562.7452164814,523.6395767502,34.9852237036,3.7043303850
863375,604286217949,562291400094.4686279297,37565098165.5202331543,3982949053.6900081635,562.7853963049,523.6746744201,34.9852239392,3.7094103672
863400,604326159690,562326009419.9086914062,37565098418.5202331543,3988278499.9200081825,562.8225949500,523.7069068662,34.9852241748,3.7143738008
863425,604366110969,562360648836.2788085938,37565098418.5202331543,3993584084.9400081635,562.8598024780,523.7391673366,34.9852241748,3.7193150119
863450,604406598665,562396494507.1390380859,37565098671.5202331543,3998223566.5600080490,562.8975095833,523.7725512191,34.9852244104,3.7236358659
863475,604447624709,562430794432.2590332031,37565100268.2502365112,4004944752.0100078583,562.9357180642,523.8044955137,34.9852258975,3.7298954576
863500,604487263221,562465460864.0987548828,37565100524.2502365112,4009912271.5600080490,562.9726343052,523.8367811442,34.9852261359,3.7345218207
863525,604528464159,562502218011.9486083984,37565100780.2502365112,4014350998.0400080681,563.0110056689,523.8710139058,34.9852263744,3.7386557069
863550,604570281622,562538826258.5682373047,37565100780.2502365112,4019556707.9100079536,563.0499512162,523.9051079923,34.9852263744,3.7435039020
863575,604611733754,562575752776.6384277344,37565100780.2502365112,4024078781.3300070763,563.0885565225,523.9394984922,34.9852263744,3.7477154111
863600,604651492006,562613194325.6086425781,37565100780.2502365112,4026391668.6200079918,563.1255842801,523.9743686520,34.9852263744,3.7498694552
863625,604692967425,562647449084.8385009766,37565101012.2502365112,4033607622.3700070381,563.1642112741,524.0062708825,34.9852265904,3.7565898359
863650,604732170542,562683640299.5382080078,37565101012.2502365112,4036610327.9600071907,563.2007220220,524.0399765778,34.9852265904,3.7593863234
863675,604773335131,562720869258.6079101562,37565101265.2502365112,4040542740.4800071716,563.2390595330,524.0746487478,34.9852268260,3.7630486679
863700,604811837851,562752383348.4082031250,37565101521.2502365112,4047528412.0600070953,563.2749179853,524.1039985310,34.9852270645,3.7695545815
863725,604853345471,562790997847.9884033203,37565103033.5602416992,4050416232.2500071526,563.3135749688,524.1399610862,34.9852284729,3.7722440737
863750,604895943613,562831106465.9685058594,37565103777.5602416992,4052901350.9600062370,563.3532475801,524.1773151476,34.9852291658,3.7745585208
863775,604939930764,562866262048.0384521484,37565104030.5602416992,4061728689.7300062180,563.3942138068,524.2100563348,34.9852294014,3.7827796207
863800,604979885383,562897506667.2384033203,37565104283.5602416992,4070434384.0000057220,563.4314244455,524.2391551540,34.9852296371,3.7908874303
863825,605022688276,562935415492.0081787109,37565104515.5602416992,4075323804.4600038528,563.4712877460,524.2744604983,34.9852298531,3.7954410580
863850,605062158557,562967555196.2385253906,37565104515.5602416992,4082650397.0900049210,563.5080473097,524.3043929303,34.9852298531,3.8022644791
863875,605100491546,563002248814.6484375000,37565104515.5602416992,4086286651.8400049210,563.5437476877,524.3367038804,34.9852298531,3.8056510052
863900,605141910486,563040198439.7486572266,37565104769.7602310181,4089752345.4500031471,563.5823220816,524.3720472229,34.9852300899,3.8088786839
863925,605184078160,563066883573.7087402344,37565111165.5002288818,4105224521.6900019646,563.6215937883,524.3968996906,34.9852360464,3.8232882709
863950,605221822017,563099504430.3186035156,37565111418.5002288818,4110343685.7300033569,563.6567454943,524.4272802307,34.9852362820,3.8280558639
863975,605262903628,563134735782.2888183594,37565111650.5002288818,4116191424.1700038910,563.6950057261,524.4600919842,34.9852364981,3.8335019948
864000,605303320076,563169080479.5386962891,37565112156.5002288818,4122259394.8000040054,563.7326464765,524.4920779760,34.9852369693,3.8391532328
864025,605344744367,563206736576.1787109375,37565112156.5002288818,4126024843.7400040627,563.7712258538,524.5271479489,34.9852369693,3.8426600804
864050,605389778652,563247635079.3582763672,37565112156.5002288818,4130155277.9300031662,563.8131673001,524.5652376482,34.9852369693,3.8465068470
864075,605435249488,563287269586.9682617188,37565112156.5002288818,4135987673.5900039673,563.8555153161,524.6021501599,34.9852369693,3.8519386887
864100,605477678198,563320753531.8083496094,37565112156.5002288818,4144929845.6000018120,563.8950301316,524.6333345136,34.9852369693,3.8602667354
864125,605520266397,563358408744.4387207031,37565112156.5002288818,4149698329.0900020599,563.9346934827,524.6684036631,34.9852369693,3.8647077317
864150,605563702286,563396411026.6986083984,37565113689.7102279663,4155126847.6500015259,563.9751463067,524.7037960465,34.9852383972,3.8697634336
864175,605611597136,563439750388.1286621094,37565113942.7102279663,4159679648.3700008392,564.0197518617,524.7441589722,34.9852386328,3.8740035597
864200,605652230396,563475463719.4589843750,37565114195.7102279663,4164597243.7699999809,564.0575945340,524.7774196039,34.9852388685,3.8785834273
864225,605689995461,563509927085.5290527344,37565115769.5802307129,4167894212.0000000000,564.0927659916,524.8095161147,34.9852403343,3.8816539682
864250,605729122621,563542625872.1492919922,37565116254.5802307129,4174313199.4800000191,564.1292059990,524.8399692328,34.9852407859,3.8876321162
864275,605768579532,563575911446.9593505859,37565117224.5802307129,4180480655.1599998474,564.1659531109,524.8709688400,34.9852416893,3.8933760069
864300,605807272795,563610744180.8092041016,37565117477.5802307129,4184338854.1999988556,564.2019890202,524.9034093514,34.9852419250,3.8969692348
864325,605844727190,563645094254.1793212891,37565117477.5802307129,4187439038.1399989128,564.2368711438,524.9354003502,34.9852419250,3.8998565060
864350,605882216463,563679317393.5090332031,37565117709.5802307129,4190701783.7399992943,564.2717857501,524.9672731324,34.9852421410,3.9028951747
864375,605921688944,563712339751.7089843750,37565117709.5802307129,4197148832.4099988937,564.3085473627,524.9980276001,34.9852421410,3.9088994566
864400,605961017456,563742038439.6688232422,37565119358.0402297974,4206774719.6999993324,564.3451748937,525.0256866586,34.9852436763,3.9178642628
864425,605999886886,563775218999.2487792969,37565119358.0402297974,4212460916.6500000954,564.3813748714,525.0565884628,34.9852436763,3.9231599464
864450,606039412377,563810056690.7788085938,37565119864.0402297974,4217145036.8800001144,564.4181858534,525.0890335914,34.9852441475,3.9275223733
864475,606079438137,563838953279.6584472656,37565120637.0402297974,4228270910.0799999237,564.4554627473,525.1159456369,34.9852448674,3.9378841501
864500,606118174913,563874207079.3687744141,37565120952.0402297974,4231749083.1900010109,564.4915391812,525.1487782964,34.9852451608,3.9411234513
864525,606156608814,563909268365.7885742188,37565120952.0402297974,4235116516.7100014687,564.5273335408,525.1814316640,34.9852451608,3.9442596181
864550,606197000258,563944854979.3784179688,37565121458.0402297974,4239917717.6000008583,564.5649510045,525.2145742805,34.9852456320,3.9487310849
864575,606236469672,563979182071.6881103516,37565121752.0402297974,4245057668.8899998665,564.6017097607,525.2465438765,34.9852459059,3.9535180376
864600,606278161856,564006890797.8081054688,37565122389.0402297974,4259037447.9500007629,564.6405386329,525.2723496387,34.9852464991,3.9665377214
864625,606317060555,564038796995.5484619141,37565123623.0402297974,4266025712.9299998283,564.6767658694,525.3020646009,34.9852476484,3.9730460503
864650,606356588308,564071282372.1184082031,37565124394.0402297974,4273063700.5900011063,564.7135789581,525.3323189655,34.9852483664,3.9796006871
864675,606395365787,564104056909.3684082031,37565125373.5702285767,4279063340.3600020409,564.7496932996,525.3628426319,34.9852492787,3.9851882871
864700,606435496726,564137300836.4982910156,37565125373.5702285767,4285946373.3500018120,564.7870681491,525.3938034517,34.9852492787,3.9915986111
864725,606476663864,564169179407.3983154297,37565125373.5702285767,4295231870.8000020981,564.8254080340,525.4234926844,34.9852492787,4.0002464045
864750,606517942410,564202017608.3481445312,37565125373.5702285767,4303670135.3000059128,564.8638516758,525.4540756423,34.9852492787,4.0081051507
864775,606557744026,564233213371.4981689453,37565125373.5702285767,4312272423.5500049591,564.9009198193,525.4831289607,34.9852492787,4.0161166559
864800,606595880498,564264137570.3581542969,37565125605.5702285767,4319480610.3300056458,564.9364371765,525.5119293652,34.9852494947,4.0228298030
864825,606636233352,564299665284.4882812500,37565125837.5702285767,4324302850.4400033951,564.9740187004,525.5450171274,34.9852497108,4.0273208641
864850,606673714986,564334307506.7681884766,37565125837.5702285767,4327136735.7400026321,565.0089261923,525.5772802110,34.9852497108,4.0299601254
864875,606716004379,564366730521.7882080078,37565125837.5702285767,4336998307.5900020599,565.0483112587,525.6074764969,34.9852497108,4.0391444299
864900,606755466446,564402484317.5280761719,37565125837.5702285767,4340703357.4900026321,565.0850631725,525.6407748140,34.9852497108,4.0425950265
864925,606794011619,564438091231.0677490234,37565125837.5702285767,4343639180.9800043106,565.1209611623,525.6739363364,34.9852497108,4.0453292252
864950,606833233560,564470511316.4277343750,37565125837.5702285767,4350437497.4700031281,565.1574894413,525.7041298937,34.9852497108,4.0516606508
864975,606873370651,564506113445.0976562500,37565125837.5702285767,4354967687.9300031662,565.1948700203,525.7372869599,34.9852497108,4.0558797195
865000,606911187861,564541457734.1575927734,37565125837.5702285767,4357435825.6600074768,565.2300900416,525.7702038942,34.9852497108,4.0581783519
865025,606950557255,564574975630.9176025391,37565125837.5702285767,4363285040.7700061798,565.2667556470,525.8014198681,34.9852497108,4.0636258580
865050,606989344820,564611203975.2474365234,37565125837.5702285767,4365841931.2900047302,565.3028793819,525.8351601430,34.9852497108,4.0660071478
865075,607026783539,564645412601.1475830078,37565126229.5702285767,4369066633.8100032806,565.3377469061,525.8670194085,34.9852500759,4.0690103861
865100,607067665676,564677562367.3275146484,37565130324.5702285767,4377792575.8400039673,565.3758213632,525.8969612115,34.9852538896,4.0771370529
865125,607105334383,564713098103.8275146484,37565130786.5702285767,4379923011.4200010300,565.4109030804,525.9300564451,34.9852543199,4.0791211756
865150,607149155363,564754070374.8771972656,37565131021.5702285767,4382767884.8600044250,565.4517145483,525.9682148461,34.9852545388,4.0817706705
865175,607193693233,564794574094.9570312500,37565131021.5702285767,4386787934.7800045013,565.4931936720,526.0059368750,34.9852545388,4.0855146337
865200,607231942386,564830022347.7968750000,37565131413.5702285767,4389586368.8800048828,565.5288159717,526.0389506331,34.9852549039,4.0881208786
865225,607272900695,564868728866.4169921875,37565131413.5702285767,4391834427.9700059891,565.5669613695,526.0749988876,34.9852549039,4.0902145467
865250,607310250995,564904246094.6369628906,37565131413.5702285767,4393665425.2900056839,565.6017465470,526.1080768841,34.9852549039,4.0919197959
865275,607348963108,564941208798.1467285156,37565131413.5702285767,4395410089.4100074768,565.6378000118,526.1425010843,34.9852549039,4.0935446410
865300,607388100577,564978075338.6466064453,37565131413.5702285767,4397670108.2000074387,565.6742496202,526.1768357257,34.9852549039,4.0956494475
865325,607425912394,565013770998.7867431641,37565131668.5702285767,4399780494.6800069809,565.7094646189,526.2100798998,34.9852551413,4.0976148980
865350,607463324586,565048784524.4265136719,37565132118.8002319336,4402165707.5700054169,565.7443074379,526.2426887866,34.9852555607,4.0998363007
865375,607502854638,565086140390.2666015625,37565132118.8002319336,4404337816.3400049210,565.7811226677,526.2774791478,34.9852555607,4.1018592346
865400,607540918562,565121341099.8662109375,37565132350.8002319336,4407195976.0300045013,565.8165724594,526.3102623633,34.9852557767,4.1045211032
865425,607579236091,565156143960.4663085938,37565132556.8002319336,4410705517.7900047302,565.8522584392,526.3426750530,34.9852559686,4.1077896187
865450,607619069636,565191419686.6763916016,37565132556.8002319336,4415257459.4400033951,565.8893563189,526.3755281332,34.9852559686,4.1120289447
865475,607657561478,565224525613.7761230469,37565132997.8002319336,4420640668.3200044632,565.9252046403,526.4063604304,34.9852563793,4.1170424487
865500,607695630531,565259042688.2860107422,37565133253.8002319336,4424187828.0100040436,565.9606592087,526.4385069611,34.9852566177,4.1203459986
865525,607733433222,565293939347.8060302734,37565133253.8002319336,4427087984.5000047684,565.9958657082,526.4710070079,34.9852566177,4.1230469798
865550,607773122501,565328761709.4565429688,37565133253.8002319336,4431946079.2400045395,566.0328292297,526.5034378594,34.9852566177,4.1275714331
865575,607813407374,565364767832.4964599609,37565133253.8002319336,4436203341.9500055313,566.0703474414,526.5369711746,34.9852566177,4.1315363179
865600,607852934120,565400891972.4162597656,37565133253.8002319336,4439599899.8600044250,566.1071595922,526.5706144016,34.9852566177,4.1346996090
865625,607891878616,565436902518.2363281250,37565133253.8002319336,4442531197.1900053024,566.1434294805,526.6041518359,34.9852566177,4.1374295924
865650,607931044824,565473094516.2963867188,37565133253.8002319336,4445501570.3700046539,566.1799058542,526.6378582607,34.9852566177,4.1401959680
865675,607969118929,565508816439.9964599609,37565133253.8002319336,4447844535.8400058746,566.2153651277,526.6711268946,34.9852566177,4.1423780246
865700,608008641412,565545349300.1066894531,37565133459.8002319336,4450826238.8800029755,566.2521733083,526.7051507720,34.9852568096,4.1451549520
865725,608050374993,565576363345.0065917969,37565134621.4402313232,4461539971.6400003433,566.2910407344,526.7340348521,34.9852578914,4.1551328931
865750,608094129564,565611439533.9064941406,37565134827.4402313232,4470215228.9900016785,566.3317903541,526.7667020987,34.9852580833,4.1632123561
865775,608134107318,565647983884.9963378906,37565134827.4402313232,4473642962.5700006485,566.3690225389,526.8007366778,34.9852580833,4.1664046818
865800,608173254353,565684326596.5562744141,37565134827.4402313232,4476442788.6199989319,566.4054810563,526.8345834655,34.9852580833,4.1690122230
865825,608211453959,565720200693.3461914062,37565136173.7502288818,4478762374.4899950027,566.4410572117,526.8679938217,34.9852593371,4.1711725057
865850,608249075601,565755404532.2362060547,37565136173.7502288818,4481173248.5699968338,566.4760950962,526.9007799516,34.9852593371,4.1734178072
865875,608288676684,565791353240.0063476562,37565136173.7502288818,4484819817.1599960327,566.5129764788,526.9342597947,34.9852593371,4.1768139388
865900,608326306840,565826773605.5266113281,37565136173.7502288818,4487024569.0599966049,566.5480222926,526.9672475807,34.9852593371,4.1788672740
865925,608365344557,565863182837.0268554688,37565136173.7502288818,4489646739.5499963760,566.5843789997,527.0011563199,34.9852593371,4.1813093606
865950,608403687591,565898940511.6668701172,37565136173.7502288818,4492229393.1899967194,566.6200887328,527.0344582495,34.9852593371,4.1837146442
865975,608440681236,565933979332.5968017578,37565136173.7502288818,4494181004.1999988556,566.6545417495,527.0670906944,34.9852593371,4.1855322236
866000,608478049806,565968132379.9965820312,37565136173.7502288818,4497386312.9599981308,566.6893439423,527.0988981985,34.9852593371,4.1885174000
866025,608515759416,566002707511.0765380859,37565136585.7502288818,4500513269.5699977875,566.7244637534,527.1310987985,34.9852597208,4.1914296053
866050,608554536136,566038104255.0566406250,37565136585.7502288818,4503869285.5099973679,566.7605773881,527.1640645853,34.9852597208,4.1945551387
866075,608599333784,566078832930.5666503906,37565136977.7502288818,4507933473.6199960709,566.8022984490,527.2019961202,34.9852600859,4.1983402088
866100,608643683173,566116051519.7966308594,37565136977.7502288818,4515058319.8099946976,566.8436020361,527.2366586326,34.9852600859,4.2049757389
866125,608684502416,566150681974.3666992188,37565136977.7502288818,4521238363.6499938965,566.8816179186,527.2689107567,34.9852600859,4.2107313533
866150,608725553095,566182903496.4565429688,37565136977.7502288818,4530062460.8099927902,566.9198493427,527.2989193876,34.9852600859,4.2189494342
866175,608762366836,566214900388.3465576172,37565137209.7502288818,4534874425.6899929047,566.9541348107,527.3287188153,34.9852603020,4.2234309257
866200,608802344354,566245275183.1965332031,37565137441.7502288818,4544470328.2999935150,566.9913667757,527.3570075475,34.9852605180,4.2323678064
866225,608838783270,566276995750.9967041016,37565137735.7502288818,4549182233.8699941635,567.0253031608,527.3865496283,34.9852607918,4.2367561104
866250,608873834644,566305835997.8867187500,37565137735.7502288818,4555373450.6999940872,567.0579472966,527.4134092013,34.9852607918,4.2425221304
866275,608913720090,566335302278.9064941406,37565137967.7502288818,4565785969.8499937057,567.0950935129,527.4408518140,34.9852610079,4.2522195446
866300,608950075379,566368272102.5364990234,37565137967.7502288818,4569154646.5299911499,567.1289520143,527.4715573551,34.9852610079,4.2553568692
866325,608991865144,566395098018.6268310547,37565137967.7502288818,4584112086.2199916840,567.1678717658,527.4965409363,34.9852610079,4.2692870705
866350,609031409530,566429175752.4371337891,37565137967.7502288818,4589572727.6799917221,567.2047003452,527.5282782991,34.9852610079,4.2743726891
866375,609072841233,566461120563.9171142578,37565137967.7502288818,4599054245.7499904633,567.2432866255,527.5580292232,34.9852610079,4.2832030409
866400,609114933213,566493159060.4571533203,37565137967.7502288818,4609104541.8799877167,567.2824878367,527.5878673982,34.9852610079,4.2925631086
866425,609164822585,566532594064.2869873047,37565137967.7502288818,4619555117.4099884033,567.3289509350,527.6245941075,34.9852610079,4.3022959655
866450,609210581173,566569020490.6967773438,37565137967.7502288818,4628870969.4599866867,567.3715669410,527.6585188608,34.9852610079,4.3109720288
866475,609251596420,566602189918.6666259766,37565137967.7502288818,4636706035.4399862289,567.4097653665,527.6894102978,34.9852610079,4.3182690027
866500,609292684092,566630589133.4663085938,37565137967.7502288818,4649387339.8099899292,567.4480312429,527.7158591277,34.9852610079,4.3300793877
866525,609329593630,566661820709.5766601562,37565137967.7502288818,4655061706.8999900818,567.4824059289,527.7449457995,34.9852610079,4.3353640539
866550,609368269254,566695145821.7067871094,37565138500.3802337646,4660408579.5899887085,567.5184254106,527.7759822288,34.9852615040,4.3403437171
866575,609408441316,566731125924.2061767578,37565138945.3702239990,4664597615.7899894714,567.5558385588,527.8094913105,34.9852619184,4.3442450611
866600,609444869698,566764517816.5662841797,37565139444.3702239990,4667631172.7999887466,567.5897651333,527.8405899336,34.9852623831,4.3470702812
866625,609484386266,566799513551.8863525391,37565139444.3702239990,4672148775.2899875641,567.6265678052,527.8731822519,34.9852623831,4.3512776264
866650,609524794604,566834587259.6964111328,37565139444.3702239990,4677480296.5499849319,567.6642010026,527.9058471878,34.9852623831,4.3562429925
866675,609565498223,566865684944.4763183594,37565139676.3702239990,4687082872.5499858856,567.7021092018,527.9348091637,34.9852625992,4.3651860883
866700,609605160806,566900376824.4663085938,37565139882.3702239990,4692050887.4999856949,567.7390478607,527.9671184946,34.9852627910,4.3698129128
866725,609643787916,566935748135.1765136719,37565139882.3702239990,4695304396.2199878693,567.7750221603,528.0000605948,34.9852627910,4.3728429789
866750,609683169870,566972145207.0167236328,37565139882.3702239990,4698286768.2899847031,567.8116994631,528.0339580095,34.9852627910,4.3756205293
866775,609721137193,567008151607.2966308594,37565139882.3702239990,4700245032.8599853516,567.8470592881,528.0674915829,34.9852627910,4.3774443053
866800,609760045375,567041948959.5767822266,37565139882.3702239990,4705342955.8899850845,567.8832953563,528.0989678200,34.9852627910,4.3821921161
866825,609798886028,567077000020.1967773438,37565139882.3702239990,4709128586.4999866486,567.9194685332,528.1316116640,34.9852627910,4.3857177594
866850,609838380095,567113467696.9468994141,37565140506.3702239990,4712151691.0299854279,567.9562502494,528.1655748346,34.9852633722,4.3885332449
866875,609878447446,567147359553.8266601562,37565141730.2902221680,4718323009.7199840546,567.9935658779,528.1971390860,34.9852645120,4.3942807333
866900,609918218410,567182358204.2966308594,37565141730.2902221680,4723092697.2699842453,568.0306054745,528.2297341193,34.9852645120,4.3987228510
866925,609957303969,567218443401.7568359375,37565142921.7802200317,4726089794.9799833298,568.0670067379,528.2633410783,34.9852656217,4.4015141157
866950,609995655845,567254756906.1567382812,37565142921.7802200317,4728125727.5199832916,568.1027247058,528.2971606647,34.9852656217,4.4034102257
866975,610033548074,567290839440.6168212891,37565144064.4202194214,4729931989.0499830246,568.1380145941,528.3307651436,34.9852666859,4.4050924378
867000,610075541674,567326505402.8967285156,37565144064.4202194214,4736255087.1199808121,568.1771241818,528.3639816594,34.9852666859,4.4109812818
867025,610118636620,567360309322.2164306641,37565144064.4202194214,4745542033.9799814224,568.2172594778,528.3954640126,34.9852666859,4.4196304250
867050,610157203664,567393783505.3964843750,37565144064.4202194214,4750631063.8399810791,568.2531778365,528.4266392751,34.9852666859,4.4243699534
867075,610198676055,567426138575.5969238281,37565144404.4202194214,4759745543.4599790573,568.2918020105,528.4567722823,34.9852670025,4.4328584740
867100,610238967059,567453517734.2969970703,37565144903.4202194214,4772654242.1899776459,568.3293259321,528.4822711109,34.9852674673,4.4448806366
867125,610278789698,567482267538.2972412109,37565144908.4202194214,4783723908.1099748611,568.3664136548,528.5090464524,34.9852674719,4.4551900664
867150,610320644373,567514133720.4072265625,37565144908.4202194214,4793709444.4899749756,568.4053938584,528.5387241472,34.9852674719,4.4644898218
867175,610358688374,567549598964.1373291016,37565144908.4202194214,4796286126.3399734497,568.4408250954,528.5717537293,34.9852674719,4.4668895438
867200,610396260660,567584638085.6472167969,37565145164.4202194214,4798816960.1899766922,568.4758170135,528.6043864541,34.9852677103,4.4692465665
867225,610434248401,567619930526.5871582031,37565145164.4202194214,4801510186.1299753189,568.5111958543,528.6372551011,34.9852677103,4.4717548286
867250,610473246205,567656603607.7971191406,37565145698.6702194214,4803832302.4299764633,568.5475153895,528.6714095695,34.9852682079,4.4739174679
867275,610511449758,567690568873.3372802734,37565145698.6702194214,4808052601.6599740982,568.5830952208,528.7030421880,34.9852682079,4.4778479279
867300,610555215081,567721662444.2171630859,37565145698.6702194214,4820721164.5399742126,568.6238548541,528.7320003325,34.9852682079,4.4896464465
867325,610602992327,567752479011.7069091797,37565146140.2702178955,4837678909.0499763489,568.6683508819,528.7607004975,34.9852686192,4.5054395767
867350,610656041247,567801985341.5867919922,37565146140.2702178955,4841218959.1099758148,568.7177565387,528.8068068601,34.9852686192,4.5087365053
867375,610698722501,567834872983.9866943359,37565146140.2702178955,4851003656.1699733734,568.7575065540,528.8374358639,34.9852686192,4.5178492145
867400,610740090629,567868112698.2069091797,37565146140.2702178955,4859126808.6299724579,568.7960336255,528.8683927601,34.9852686192,4.5254144898
867425,610782840895,567898650884.5867919922,37565146140.2702178955,4871335671.7099704742,568.8358479133,528.8968336625,34.9852686192,4.5367848796
867450,610827607263,567930915520.8369140625,37565146639.2702178955,4883834551.2599678040,568.8775398424,528.9268824466,34.9852690839,4.5484253683
867475,610868702917,567964686503.9967041016,37565146639.2702178955,4891156426.8799667358,568.9158131527,528.9583341256,34.9852690839,4.5552443963
867500,610912563581,568001056365.1871337891,37565147405.2702178955,4898644141.5999670029,568.9566615792,528.9922061983,34.9852697973,4.5622178741
867525,610956969839,568035653583.8873291016,37565147878.2702178955,4908449085.1499643326,568.9980181297,529.0244273691,34.9852702378,4.5713494394
867550,611001952429,568069412240.7174072266,37565147878.2702178955,4919670723.2299652100,569.0399114313,529.0558675683,34.9852702378,4.5818004042
867575,611043616054,568099116536.0776367188,37565147878.2702178955,4931627138.7999668121,569.0787137058,529.0835318492,34.9852702378,4.5929356840
867600,611086564189,568132268552.6175537109,37565147878.2702178955,4941420727.8699693680,569.1187122734,529.1144070706,34.9852702378,4.6020566745
867625,611129016143,568165567488.9476318359,37565148668.0102157593,4950570006.1999654770,569.1582487365,529.1454191217,34.9852709733,4.6105776040
867650,611169442132,568197268675.5574951172,37565148668.0102157593,4959292742.2799654007,569.1958983727,529.1749431524,34.9852709733,4.6187012850
867675,611216750185,568235789322.6370849609,37565148668.0102157593,4968077693.8799648285,569.2399574304,529.2108183006,34.9852709733,4.6268829088
867700,611256817350,568268769198.8868408203,37565149202.0102157593,4975161913.5299644470,569.2772728857,529.2415332039,34.9852714706,4.6334806024
867725,611300333309,568302470577.2467041016,37565149434.0102157593,4984974187.2599649429,569.3178002806,529.2729200583,34.9852716867,4.6426189945
867750,611343116213,568338154194.3267822266,37565150494.0902175903,4992068880.7499647141,569.3576449649,529.3061530165,34.9852726740,4.6492264427
867775,611384874045,568373624233.3968505859,37565150997.0902175903,4998354094.4399671555,569.3965349765,529.3391870646,34.9852731424,4.6550800041
867800,611428253036,568402847087.0268554688,37565151264.0902175903,5012507152.2999677658,569.4369348101,529.3664029679,34.9852733911,4.6682610664
867825,611471375809,568437798898.1165771484,37565151496.0902175903,5020675810.8399667740,569.4770960221,529.3989543785,34.9852736072,4.6758687225
867850,611515167087,568471417258.9864501953,37565151843.0902175903,5030845896.7599668503,569.5178798279,529.4302639169,34.9852739303,4.6853403531
867875,611555344323,568506392720.4465332031,37565152757.0902175903,5036041641.3599691391,569.5552977948,529.4628373538,34.9852747816,4.6901792673
867900,611600596729,568538925117.7465820312,37565152989.0902175903,5048756789.1299667358,569.5974423820,529.4931355098,34.9852749976,4.7020211715
867925,611641912692,568569369374.1267089844,37565153195.0902175903,5059620219.0499668121,569.6359208710,529.5214889330,34.9852751895,4.7121385290
867950,611685733078,568601116379.6365966797,37565153195.0902175903,5071689660.6199645996,569.6767317858,529.5510556359,34.9852751895,4.7233790724
867975,611728569456,568630248122.8065185547,37565153195.0902175903,5085391694.5699625015,569.7166262716,529.5781866860,34.9852751895,4.7361400859
868000,611770577276,568663379423.3865966797,37565153195.0902175903,5094264883.0699615479,569.7557491027,529.6090426141,34.9852751895,4.7444038867
868025,611815394747,568695528159.0666503906,37565153401.0902175903,5106930958.2999639511,569.7974886252,529.6389834574,34.9852753813,4.7562000885
868050,611858495500,568726110257.7666015625,37565153607.0902175903,5119444374.8299608231,569.8376293294,529.6674652563,34.9852755732,4.7678541158
868075,611903977979,568759377169.2365722656,37565154141.0902175903,5131652369.3399591446,569.8799881889,529.6984474819,34.9852760705,4.7792236966
868100,611943112671,568792932066.5366210938,37565155605.9102172852,5137223451.1199569702,569.9164352110,529.7296979153,34.9852774347,4.7844121709
868125,611985674991,568826943015.0263671875,37565156139.9102172852,5145771503.2999591827,569.9560744604,529.7613730794,34.9852779321,4.7923731648
868150,612027762565,568862884206.7261962891,37565156406.9102172852,5151914180.8399581909,569.9952715682,529.7948459226,34.9852781807,4.7980939791
868175,612072671040,568893104988.5263671875,37565157413.9102172852,5166597872.8999576569,570.0370958447,529.8229912189,34.9852791186,4.8117692330
868200,612111954543,568927172618.5562744141,37565157636.9102172852,5171805143.5199565887,570.0736814579,529.8547191718,34.9852793262,4.8166188817
868225,612161429501,568954775306.5466308594,37565158204.9102172852,5193669298.0299568176,570.1197586032,529.8804261783,34.9852798552,4.8369814623
868250,612203840994,568986684587.1564941406,37565158738.9102172852,5204158693.1999568939,570.1592573840,529.9101440116,34.9852803526,4.8467504729
868275,612247462929,569018517700.4761962891,37565159272.9102172852,5215941223.3899545670,570.1998834768,529.9397909087,34.9852808499,4.8577238092
868300,612286493361,569049638744.0360107422,37565159504.9102172852,5223846970.1599550247,570.2362333992,529.9687746391,34.9852810660,4.8650866096
868325,612331897289,569085514236.9357910156,37565159977.9102172852,5233372319.4699573517,570.2785191024,530.0021862955,34.9852815065,4.8739577825
868350,612378110891,569117565750.1656494141,37565160244.9102172852,5247530292.2399559021,570.3215588732,530.0320365933,34.9852817551,4.8871434221
868375,612426948786,569147474359.2257080078,37565160511.9102172852,5266442538.1399564743,570.3670427073,530.0598911561,34.9852820038,4.9047568237
868400,612470665095,569178216443.8958740234,37565162153.9102172852,5279378595.8699579239,570.4077566927,530.0885219536,34.9852835330,4.9168044663
868425,612513745139,569210967897.0463867188,37565163172.9102172852,5289701682.5299587250,570.4478781102,530.1190241212,34.9852844820,4.9264185899
868450,612555322817,569245252583.1463623047,37565163706.9102172852,5296962441.5499572754,570.4866003403,530.1509542234,34.9852849794,4.9331806987
868475,612596561360,569277993456.7362060547,37565164240.9102172852,5305439895.9199590683,570.5250067264,530.1814465381,34.9852854767,4.9410759433
868500,612637674478,569309626652.8057861328,37565164507.9102172852,5314893423.9799585342,570.5632963013,530.2109072477,34.9852857254,4.9498802274
868525,612682759509,569335001836.0759277344,37565165874.9102172852,5334567495.0199575424,570.6052850084,530.2345397287,34.9852869985,4.9682031339
868550,612727763755,569361104141.0258789062,37565167031.2802200317,5353460499.1199560165,570.6471984787,530.2588493945,34.9852880754,4.9857986151
868575,612773426839,569393128672.4355468750,37565167817.2802200317,5367092442.5099554062,570.6897255396,530.2886745636,34.9852888075,4.9984943518
868600,612815475185,569424638944.3459472656,37565167817.2802200317,5377628442.5699529648,570.7288861135,530.3180207911,34.9852888075,5.0083067665
868625,612856432888,569458432803.6760253906,37565168618.2802200317,5384786804.5399532318,570.7670309469,530.3494937752,34.9852895534,5.0149735106
868650,612898710856,569487439543.0762939453,37565169419.2802200317,5398051693.9399538040,570.8064053729,530.3765084064,34.9852902994,5.0273274015
868675,612940756537,569515472762.3559570312,37565173113.7002334595,5412053736.5599536896,570.8455634648,530.4026163764,34.9852937401,5.0403678199
868700,612983708669,569546420855.3558349609,37565173380.7002334595,5424053906.4099512100,570.8855657550,530.4314390340,34.9852939888,5.0515438490
868725,613027517197,569573865749.4958496094,37565173914.7002334595,5440413311.5899524689,570.9263656260,530.4569990835,34.9852944861,5.0667797323
868750,613078434553,569598935288.6159667969,37565174413.7002334595,5466257162.4699535370,570.9737861091,530.4803469112,34.9852949508,5.0908486941
868775,613128140297,569623370465.9860839844,37565174645.7002334595,5491524427.1499538422,571.0200781906,530.5031039435,34.9852951669,5.1143806681
868800,613168645932,569652878906.0460205078,37565175446.7002334595,5502517003.6399564743,571.0578020029,530.5305858199,34.9852959129,5.1246183027
868825,613210752814,569684075089.6064453125,37565176075.6802291870,5513419442.8099546432,571.0970170926,530.5596395299,34.9852964987,5.1347719904
868850,613254574481,569719875862.1068115234,37565176548.6802291870,5521436428.2399549484,571.1378292004,530.5929815975,34.9852969392,5.1422383899
868875,613302499131,569752658435.4866943359,37565176754.6802291870,5536575053.5499563217,571.1824625088,530.6235127482,34.9852971311,5.1563373334
868900,613346468891,569785218636.7467041016,37565177253.6802291870,5547980561.9199571609,571.2234125389,530.6538367986,34.9852975958,5.1669595408
868925,613388281759,569814811477.0167236328,37565177787.6802291870,5560190922.1099586487,571.2623538068,530.6813972788,34.9852980931,5.1783313249
868950,613432796327,569845774721.3070068359,37565178054.6802291870,5573739145.7599582672,571.3038112288,530.7102340472,34.9852983418,5.1909490915
868975,613477351869,569878324237.0872802734,37565179425.2502288818,5585741727.9899568558,571.3453068109,530.7405481460,34.9852996182,5.2021273672
869000,613521739122,569905037703.1871337891,37565180165.2502288818,5603412481.0599555969,571.3866456617,530.7654270001,34.9853003074,5.2185845385
869025,613566153141,569936676233.9670410156,37565180699.2502288818,5616185008.7799568176,571.4280094402,530.7948926780,34.9853008047,5.2304798819
869050,613608561699,569971526062.5673828125,37565181835.0502319336,5623735809.5999555588,571.4675054876,530.8273491101,34.9853018625,5.2375121132
869075,613649854288,570003909199.9473876953,37565182842.0502319336,5632641762.9499549866,571.5059622079,530.8575082570,34.9853028004,5.2458064286
869100,613692098044,570033526354.9376220703,37565183521.9402313232,5645264620.4599571228,571.5453047715,530.8850913820,34.9853034336,5.2575623807
869125,613732456328,570065433407.2979736328,37565183788.9402313232,5653711383.2299604416,571.5828913525,530.9148071402,34.9853036822,5.2654290416
869150,613776257360,570100684599.7580566406,37565184747.4702301025,5662257589.7099609375,571.6236842424,530.9476373715,34.9853045749,5.2733883166
869175,613818851118,570136516092.1484375000,37565185281.4702301025,5669015492.8599634171,571.6633527707,530.9810080492,34.9853050722,5.2796821043
869200,613858075951,570169093264.9887695312,37565185548.4702301025,5675658668.9699611664,571.6998837432,531.0113479057,34.9853053209,5.2858690442
869225,613899727578,570205874330.9190673828,37565186047.4702301025,5680526054.6799592972,571.7386748437,531.0456029427,34.9853057856,5.2904021504
869250,613945645297,570237895465.1693115234,37565186047.4702301025,5694420371.2399606705,571.7814390520,531.0754249479,34.9853057856,5.3033422411
869275,613989482969,570271412951.9190673828,37565186314.4702301025,5704698148.4999618530,571.8222660655,531.1066405400,34.9853060343,5.3129141671
869300,614030771674,570305417726.0889892578,37565186848.4702301025,5711978928.5099601746,571.8607191686,531.1383099538,34.9853065316,5.3196949218
869325,614071360046,570338212298.9891357422,37565189261.6102294922,5719768046.8499612808,571.8985200357,531.1688522799,34.9853087790,5.3269491036
869350,614113255169,570371210943.0491943359,37565190001.6102294922,5728661709.5299615860,571.9375379095,531.1995846620,34.9853094682,5.3352319724
869375,614152891830,570405674699.3991699219,37565190802.6102294922,5733830504.2299613953,571.9744524267,531.2316815363,34.9853102142,5.3400457876
869400,614199073622,570436862739.2792968750,37565192015.6102294922,5748820034.8699598312,572.0174625721,531.2607276619,34.9853113439,5.3540058759
869425,614237541250,570466508707.3392333984,37565192453.6102294922,5757634275.4899587631,572.0532883424,531.2883376212,34.9853117518,5.3622147771
869429,614244037127,570471732652.9991455078,37565192453.6102294922,5758905872.5899581909,572.0593380993,531.2932027997,34.9853117518,5.3633990442
869450,614276685518,570497966979.9492187500,37565192453.6102294922,5765317980.9999580383,572.0897442829,531.3176354207,34.9853117518,5.3693707855
869475,614316145957,570529573497.9993896484,37565193254.6102294922,5773168203.3599586487,572.1264946805,531.3470712844,34.9853124978,5.3766818748
869500,614357012260,570560544333.7292480469,37565193460.6102294922,5783059829.2099618912,572.1645543911,531.3759151229,34.9853126897,5.3858941693
869525,614394197311,570590800190.2392578125,37565195232.2102279663,5789982502.4399595261,572.1991856685,531.4040930851,34.9853143396,5.3923414112
869550,614432619585,570622712859.7091064453,37565195767.4102325439,5796484614.5899581909,572.2349691996,531.4338140746,34.9853148380,5.3983969750
869575,614473203497,570652604129.6893310547,37565196240.4102325439,5807168736.0899600983,572.2727659130,531.4616524891,34.9853152786,5.4083473385
869600,614511957674,570685036879.5697021484,37565198538.7802276611,5813485784.8599596024,572.3088585529,531.4918578412,34.9853174191,5.4142305486
869625,614550918048,570716230558.7297363281,37565199011.7802276611,5821249711.7099609375,572.3451432288,531.5209092188,34.9853178596,5.4214612690
869650,614588341382,570749503931.8397216797,37565200330.2002334595,5825390442.8899621964,572.3799964245,531.5518974623,34.9853190875,5.4253176254
869675,614630857330,570776594882.6997070312,37565202603.0202331543,5840807330.5199623108,572.4195924867,531.5771278764,34.9853212042,5.4396757209
869700,614674093929,570803329024.0794677734,37565202870.0202331543,5857305316.7299642563,572.4598597074,531.6020259858,34.9853214529,5.4550406679
869725,614717652505,570831736319.4595947266,37565203877.0202331543,5872450655.4799642563,572.5004267925,531.6284823413,34.9853223907,5.4691458638
869750,614756721980,570862918378.3494873047,37565203877.0202331543,5880333169.5999622345,572.5368130766,531.6575228966,34.9853223907,5.4764870271
869775,614795802314,570890356024.7294921875,37565203877.0202331543,5891973781.3699617386,572.5732094739,531.6830761961,34.9853223907,5.4873281916
869800,614835418108,570920819442.8792724609,37565204144.0202331543,5901123818.1999616623,572.6101045571,531.7114474651,34.9853226394,5.4958498275
869825,614878202440,570948230932.2194824219,37565204350.0202331543,5916490474.4699611664,572.6499505714,531.7369764039,34.9853228312,5.5101611414
869850,614919288196,570977671816.9393310547,37565206142.6002273560,5928124298.7899627686,572.6882146634,531.7643953645,34.9853245007,5.5209959846
869875,614959705072,571009378256.0894775391,37565206615.6002273560,5936831636.5799608231,572.7258558124,531.7939242870,34.9853249412,5.5291053248
869900,614999306957,571040643307.1195068359,37565206882.6002273560,5945163139.2799596786,572.7627379419,531.8230421349,34.9853251899,5.5368646414
869925,615039017499,571070150316.9295654297,37565207088.6002273560,5955355096.1999588013,572.7997212661,531.8505226792,34.9853253817,5.5463566409
869929,615045158629,571074858069.5395507812,37565207355.6002273560,5956787874.5499591827,572.8054406391,531.8549071155,34.9853256304,5.5476910198
869950,615081096238,571098980275.1196289062,37565207889.6002273560,5968595821.1699590683,572.8389101457,531.8773726701,34.9853261277,5.5586880270
869975,615122177094,571129233114.2995605469,37565208156.6002273560,5979416691.5199594498,572.8771696743,531.9055478222,34.9853263764,5.5687657478
870000,615162147846,571158411191.1997070312,37565208690.6002273560,5990204639.1199598312,572.9143953379,531.9327220239,34.9853268737,5.5788128070
870025,615201267369,571189716818.7597656250,37565209491.6002273560,5998015018.3999605179,572.9508282328,531.9618776615,34.9853276197,5.5860867895
870050,615241613724,571219036401.7797851562,37565210025.6002273560,6009026608.2199592590,572.9884037040,531.9891836511,34.9853281170,5.5963421317
870075,615280918728,571245171444.3496093750,37565210498.6002273560,6022188890.4599609375,573.0250093415,532.0135238062,34.9853285575,5.6086004623
870100,615319247340,571275198415.2098388672,37565211473.6002273560,6030461411.2699613571,573.0607056431,532.0414886020,34.9853294656,5.6163048477
870125,615358601566,571304341086.0400390625,37565214398.6002273560,6040667416.7799606323,573.0973571222,532.0686298293,34.9853321897,5.6258099310
870150,615397875592,571333770781.4801025391,37565218125.6002273560,6050505951.9199600220,573.1339339092,532.0960383690,34.9853356607,5.6349727809
870175,615436906514,571362592996.5001220703,37565221909.6002273560,6060707730.2499589920,573.1702842880,532.1228811485,34.9853391849,5.6444739273
870179,615443029143,571367153098.4001464844,37565222501.6002273560,6062269335.7699594498,573.1759864306,532.1271280743,34.9853397362,5.6459282858
870200,615475373051,571391715388.9901123047,37565224068.6002273560,6070047434.8199577332,573.2061090423,532.1500034900,34.9853411956,5.6531722050
870225,615515324740,571419034796.6998291016,37565227907.6002273560,6082673377.5699586868,573.2433169521,532.1754466712,34.9853447709,5.6649310305
870250,615554466350,571448189741.9698486328,37565232081.6002273560,6092653787.5399608612,573.2797704171,532.2025993298,34.9853486583,5.6742260117
870275,615594701760,571475360996.4398193359,37565237839.6002273560,6105697497.3099632263,573.3172425628,532.2279045325,34.9853540208,5.6863739130
870300,615633178627,571503123921.0700683594,37565242679.6002273560,6116404095.8599634171,573.3530769376,532.2537607710,34.9853585284,5.6963452099
870325,615671679374,571530325416.1098632812,37565250640.6002273560,6127693119.7499637604,573.3889335524,532.2790941374,34.9853659427,5.7068589327
870329,615677989322,571534278190.0898437500,37565252010.6002273560,6130048318.4999637604,573.3948101494,532.2827754450,34.9853672186,5.7090523825
870350,615710161562,571554058237.9699707031,37565259386.6002273560,6142429370.4499635696,573.4247728828,532.3011970501,34.9853740880,5.7205831357
870375,615751794951,571571619567.4300537109,37565268469.6002273560,6166480166.4599637985,573.4635469979,532.3175523127,34.9853825472,5.7429821849
870379,615758939251,571574746762.0501708984,37565269772.6002273560,6170495636.5199642181,573.4702006457,532.3204647396,34.9853837607,5.7467218829
870400,615794044738,571592363558.4301757812,37565277125.6002273560,6187965520.4599647522,573.5028951783,532.3368716598,34.9853906088,5.7629919801
870404,615800462314,571595107105.2301025391,37565278496.6002273560,6191637652.7499647141,573.5088720117,532.3394267869,34.9853918856,5.7664119198
870419,615824827110,571606162493.8398437500,37565283992.6002273560,6204940321.6199645996,573.5315634962,532.3497229198,34.9853970042,5.7788009957
870424,615833344955,571608530673.7996826172,37565285819.6002273560,6211087745.6499652863,573.5394963576,532.3519284593,34.9853987057,5.7845262304
870425,615834987944,571609067662.6196289062,37565286211.6002273560,6212193278.5899648666,573.5410265103,532.3524285691,34.9853990708,5.7855558382
870428,615839762944,571611373613.0396728516,37565287346.6002273560,6214660944.0799646378,573.5454735756,532.3545761528,34.9854001278,5.7878540308
870429,615841171891,571612422059.7296142578,37565287692.6002273560,6215021015.1399650574,573.5467857597,532.3555525949,34.9854004500,5.7881893731
