policy,scenario,repetition,object_id,maximum_tolerated_failures,first_failure_count,surviving_replicas
Fixed-3,progressive:until-loss,1,im-object-001,2,3,0
Fixed-3,progressive:until-loss,1,im-object-002,2,3,0
Fixed-3,progressive:until-loss,1,im-object-003,2,3,0
Fixed-3,progressive:until-loss,1,im-object-004,2,3,0
Fixed-3,progressive:until-loss,1,im-object-005,2,3,0
Fixed-3,progressive:until-loss,1,im-object-006,2,3,0
Fixed-3,progressive:until-loss,1,im-object-007,2,3,0
Fixed-3,progressive:until-loss,1,im-object-008,2,3,0
Fixed-3,progressive:until-loss,1,im-object-009,2,3,0
Fixed-3,progressive:until-loss,1,im-object-010,2,3,0
Fixed-3,progressive:until-loss,1,im-object-011,2,3,0
Fixed-3,progressive:until-loss,1,im-object-012,2,3,0
Fixed-3,progressive:until-loss,1,im-object-013,2,3,0
Fixed-3,progressive:until-loss,1,im-object-014,2,3,0
Fixed-3,progressive:until-loss,1,im-object-015,2,3,0
Fixed-3,progressive:until-loss,1,im-object-016,2,3,0
Fixed-3,progressive:until-loss,1,im-object-017,2,3,0
Fixed-3,progressive:until-loss,1,im-object-018,2,3,0
Fixed-3,progressive:until-loss,1,im-object-019,2,3,0
Fixed-3,progressive:until-loss,1,im-object-020,2,3,0
Fixed-3,progressive:until-loss,1,im-object-021,2,3,0
Fixed-3,progressive:until-loss,1,im-object-022,2,3,0
Fixed-3,progressive:until-loss,1,im-object-023,2,3,0
Fixed-3,progressive:until-loss,1,im-object-024,2,3,0
Fixed-3,progressive:until-loss,1,im-object-025,2,3,0
Fixed-3,progressive:until-loss,1,im-object-026,2,3,0
Fixed-3,progressive:until-loss,1,im-object-027,2,3,0
Fixed-3,progressive:until-loss,1,im-object-028,2,3,0
Fixed-3,progressive:until-loss,1,im-object-029,2,3,0
Fixed-3,progressive:until-loss,1,im-object-030,2,3,0
Fixed-3,progressive:until-loss,1,im-object-031,2,3,0
Fixed-3,progressive:until-loss,1,im-object-032,2,3,0
Fixed-3,progressive:until-loss,1,im-object-033,2,3,0
Fixed-3,progressive:until-loss,1,im-object-034,2,3,0
Fixed-3,progressive:until-loss,1,im-object-035,2,3,0
Fixed-3,progressive:until-loss,1,im-object-036,2,3,0
Fixed-3,progressive:until-loss,1,im-object-037,2,3,0
Fixed-3,progressive:until-loss,1,im-object-038,2,3,0
Fixed-3,progressive:until-loss,1,im-object-039,2,3,0
Fixed-3,progressive:until-loss,1,im-object-040,2,3,0
Fixed-3,progressive:until-loss,1,im-object-041,2,3,0
Fixed-3,progressive:until-loss,1,im-object-042,2,3,0
Fixed-3,progressive:until-loss,1,im-object-043,2,3,0
Fixed-3,progressive:until-loss,1,im-object-044,2,3,0
Fixed-3,progressive:until-loss,1,im-object-045,2,3,0
Fixed-3,progressive:until-loss,1,im-object-046,2,3,0
Fixed-3,progressive:until-loss,1,im-object-047,2,3,0
Fixed-3,progressive:until-loss,1,im-object-048,2,3,0
Fixed-3,progressive:until-loss,1,im-object-049,2,3,0
Fixed-3,progressive:until-loss,1,im-object-050,2,3,0
Fixed-3,progressive:until-loss,1,im-object-051,2,3,0
Fixed-3,progressive:until-loss,1,im-object-052,2,3,0
Fixed-3,progressive:until-loss,1,im-object-053,2,3,0
Fixed-3,progressive:until-loss,1,im-object-054,2,3,0
Fixed-3,progressive:until-loss,1,im-object-055,2,3,0
Fixed-3,progressive:until-loss,1,im-object-056,2,3,0
Fixed-3,progressive:until-loss,1,im-object-057,2,3,0
Fixed-3,progressive:until-loss,2,im-object-001,2,3,0
Fixed-3,progressive:until-loss,2,im-object-002,2,3,0
Fixed-3,progressive:until-loss,2,im-object-003,2,3,0
Fixed-3,progressive:until-loss,2,im-object-004,2,3,0
Fixed-3,progressive:until-loss,2,im-object-005,2,3,0
Fixed-3,progressive:until-loss,2,im-object-006,2,3,0
Fixed-3,progressive:until-loss,2,im-object-007,2,3,0
Fixed-3,progressive:until-loss,2,im-object-008,2,3,0
Fixed-3,progressive:until-loss,2,im-object-009,2,3,0
Fixed-3,progressive:until-loss,2,im-object-010,2,3,0
Fixed-3,progressive:until-loss,2,im-object-011,2,3,0
Fixed-3,progressive:until-loss,2,im-object-012,2,3,0
Fixed-3,progressive:until-loss,2,im-object-013,2,3,0
Fixed-3,progressive:until-loss,2,im-object-014,2,3,0
Fixed-3,progressive:until-loss,2,im-object-015,2,3,0
Fixed-3,progressive:until-loss,2,im-object-016,2,3,0
Fixed-3,progressive:until-loss,2,im-object-017,2,3,0
Fixed-3,progressive:until-loss,2,im-object-018,2,3,0
Fixed-3,progressive:until-loss,2,im-object-019,2,3,0
Fixed-3,progressive:until-loss,2,im-object-020,2,3,0
Fixed-3,progressive:until-loss,2,im-object-021,2,3,0
Fixed-3,progressive:until-loss,2,im-object-022,2,3,0
Fixed-3,progressive:until-loss,2,im-object-023,2,3,0
Fixed-3,progressive:until-loss,2,im-object-024,2,3,0
Fixed-3,progressive:until-loss,2,im-object-025,2,3,0
Fixed-3,progressive:until-loss,2,im-object-026,2,3,0
Fixed-3,progressive:until-loss,2,im-object-027,2,3,0
Fixed-3,progressive:until-loss,2,im-object-028,2,3,0
Fixed-3,progressive:until-loss,2,im-object-029,2,3,0
Fixed-3,progressive:until-loss,2,im-object-030,2,3,0
Fixed-3,progressive:until-loss,2,im-object-031,2,3,0
Fixed-3,progressive:until-loss,2,im-object-032,2,3,0
Fixed-3,progressive:until-loss,2,im-object-033,2,3,0
Fixed-3,progressive:until-loss,2,im-object-034,2,3,0
Fixed-3,progressive:until-loss,2,im-object-035,2,3,0
Fixed-3,progressive:until-loss,2,im-object-036,2,3,0
Fixed-3,progressive:until-loss,2,im-object-037,2,3,0
Fixed-3,progressive:until-loss,2,im-object-038,2,3,0
Fixed-3,progressive:until-loss,2,im-object-039,2,3,0
Fixed-3,progressive:until-loss,2,im-object-040,2,3,0
Fixed-3,progressive:until-loss,2,im-object-041,2,3,0
Fixed-3,progressive:until-loss,2,im-object-042,2,3,0
Fixed-3,progressive:until-loss,2,im-object-043,2,3,0
Fixed-3,progressive:until-loss,2,im-object-044,2,3,0
Fixed-3,progressive:until-loss,2,im-object-045,2,3,0
Fixed-3,progressive:until-loss,2,im-object-046,2,3,0
Fixed-3,progressive:until-loss,2,im-object-047,2,3,0
Fixed-3,progressive:until-loss,2,im-object-048,2,3,0
Fixed-3,progressive:until-loss,2,im-object-049,2,3,0
Fixed-3,progressive:until-loss,2,im-object-050,2,3,0
Fixed-3,progressive:until-loss,2,im-object-051,2,3,0
Fixed-3,progressive:until-loss,2,im-object-052,2,3,0
Fixed-3,progressive:until-loss,2,im-object-053,2,3,0
Fixed-3,progressive:until-loss,2,im-object-054,2,3,0
Fixed-3,progressive:until-loss,2,im-object-055,2,3,0
Fixed-3,progressive:until-loss,2,im-object-056,2,3,0
Fixed-3,progressive:until-loss,2,im-object-057,2,3,0
Fixed-3,progressive:until-loss,3,im-object-001,2,3,0
Fixed-3,progressive:until-loss,3,im-object-002,2,3,0
Fixed-3,progressive:until-loss,3,im-object-003,2,3,0
Fixed-3,progressive:until-loss,3,im-object-004,2,3,0
Fixed-3,progressive:until-loss,3,im-object-005,2,3,0
Fixed-3,progressive:until-loss,3,im-object-006,2,3,0
Fixed-3,progressive:until-loss,3,im-object-007,2,3,0
Fixed-3,progressive:until-loss,3,im-object-008,2,3,0
Fixed-3,progressive:until-loss,3,im-object-009,2,3,0
Fixed-3,progressive:until-loss,3,im-object-010,2,3,0
Fixed-3,progressive:until-loss,3,im-object-011,2,3,0
Fixed-3,progressive:until-loss,3,im-object-012,2,3,0
Fixed-3,progressive:until-loss,3,im-object-013,2,3,0
Fixed-3,progressive:until-loss,3,im-object-014,2,3,0
Fixed-3,progressive:until-loss,3,im-object-015,2,3,0
Fixed-3,progressive:until-loss,3,im-object-016,2,3,0
Fixed-3,progressive:until-loss,3,im-object-017,2,3,0
Fixed-3,progressive:until-loss,3,im-object-018,2,3,0
Fixed-3,progressive:until-loss,3,im-object-019,2,3,0
Fixed-3,progressive:until-loss,3,im-object-020,2,3,0
Fixed-3,progressive:until-loss,3,im-object-021,2,3,0
Fixed-3,progressive:until-loss,3,im-object-022,2,3,0
Fixed-3,progressive:until-loss,3,im-object-023,2,3,0
Fixed-3,progressive:until-loss,3,im-object-024,2,3,0
Fixed-3,progressive:until-loss,3,im-object-025,2,3,0
Fixed-3,progressive:until-loss,3,im-object-026,2,3,0
Fixed-3,progressive:until-loss,3,im-object-027,2,3,0
Fixed-3,progressive:until-loss,3,im-object-028,2,3,0
Fixed-3,progressive:until-loss,3,im-object-029,2,3,0
Fixed-3,progressive:until-loss,3,im-object-030,2,3,0
Fixed-3,progressive:until-loss,3,im-object-031,2,3,0
Fixed-3,progressive:until-loss,3,im-object-032,2,3,0
Fixed-3,progressive:until-loss,3,im-object-033,2,3,0
Fixed-3,progressive:until-loss,3,im-object-034,2,3,0
Fixed-3,progressive:until-loss,3,im-object-035,2,3,0
Fixed-3,progressive:until-loss,3,im-object-036,2,3,0
Fixed-3,progressive:until-loss,3,im-object-037,2,3,0
Fixed-3,progressive:until-loss,3,im-object-038,2,3,0
Fixed-3,progressive:until-loss,3,im-object-039,2,3,0
Fixed-3,progressive:until-loss,3,im-object-040,2,3,0
Fixed-3,progressive:until-loss,3,im-object-041,2,3,0
Fixed-3,progressive:until-loss,3,im-object-042,2,3,0
Fixed-3,progressive:until-loss,3,im-object-043,2,3,0
Fixed-3,progressive:until-loss,3,im-object-044,2,3,0
Fixed-3,progressive:until-loss,3,im-object-045,2,3,0
Fixed-3,progressive:until-loss,3,im-object-046,2,3,0
Fixed-3,progressive:until-loss,3,im-object-047,2,3,0
Fixed-3,progressive:until-loss,3,im-object-048,2,3,0
Fixed-3,progressive:until-loss,3,im-object-049,2,3,0
Fixed-3,progressive:until-loss,3,im-object-050,2,3,0
Fixed-3,progressive:until-loss,3,im-object-051,2,3,0
Fixed-3,progressive:until-loss,3,im-object-052,2,3,0
Fixed-3,progressive:until-loss,3,im-object-053,2,3,0
Fixed-3,progressive:until-loss,3,im-object-054,2,3,0
Fixed-3,progressive:until-loss,3,im-object-055,2,3,0
Fixed-3,progressive:until-loss,3,im-object-056,2,3,0
Fixed-3,progressive:until-loss,3,im-object-057,2,3,0
Fixed-3,progressive:until-loss,4,im-object-001,2,3,0
Fixed-3,progressive:until-loss,4,im-object-002,2,3,0
Fixed-3,progressive:until-loss,4,im-object-003,2,3,0
Fixed-3,progressive:until-loss,4,im-object-004,2,3,0
Fixed-3,progressive:until-loss,4,im-object-005,2,3,0
Fixed-3,progressive:until-loss,4,im-object-006,2,3,0
Fixed-3,progressive:until-loss,4,im-object-007,2,3,0
Fixed-3,progressive:until-loss,4,im-object-008,2,3,0
Fixed-3,progressive:until-loss,4,im-object-009,2,3,0
Fixed-3,progressive:until-loss,4,im-object-010,2,3,0
Fixed-3,progressive:until-loss,4,im-object-011,2,3,0
Fixed-3,progressive:until-loss,4,im-object-012,2,3,0
Fixed-3,progressive:until-loss,4,im-object-013,2,3,0
Fixed-3,progressive:until-loss,4,im-object-014,2,3,0
Fixed-3,progressive:until-loss,4,im-object-015,2,3,0
Fixed-3,progressive:until-loss,4,im-object-016,2,3,0
Fixed-3,progressive:until-loss,4,im-object-017,2,3,0
Fixed-3,progressive:until-loss,4,im-object-018,2,3,0
Fixed-3,progressive:until-loss,4,im-object-019,2,3,0
Fixed-3,progressive:until-loss,4,im-object-020,2,3,0
Fixed-3,progressive:until-loss,4,im-object-021,2,3,0
Fixed-3,progressive:until-loss,4,im-object-022,2,3,0
Fixed-3,progressive:until-loss,4,im-object-023,2,3,0
Fixed-3,progressive:until-loss,4,im-object-024,2,3,0
Fixed-3,progressive:until-loss,4,im-object-025,2,3,0
Fixed-3,progressive:until-loss,4,im-object-026,2,3,0
Fixed-3,progressive:until-loss,4,im-object-027,2,3,0
Fixed-3,progressive:until-loss,4,im-object-028,2,3,0
Fixed-3,progressive:until-loss,4,im-object-029,2,3,0
Fixed-3,progressive:until-loss,4,im-object-030,2,3,0
Fixed-3,progressive:until-loss,4,im-object-031,2,3,0
Fixed-3,progressive:until-loss,4,im-object-032,2,3,0
Fixed-3,progressive:until-loss,4,im-object-033,2,3,0
Fixed-3,progressive:until-loss,4,im-object-034,2,3,0
Fixed-3,progressive:until-loss,4,im-object-035,2,3,0
Fixed-3,progressive:until-loss,4,im-object-036,2,3,0
Fixed-3,progressive:until-loss,4,im-object-037,2,3,0
Fixed-3,progressive:until-loss,4,im-object-038,2,3,0
Fixed-3,progressive:until-loss,4,im-object-039,2,3,0
Fixed-3,progressive:until-loss,4,im-object-040,2,3,0
Fixed-3,progressive:until-loss,4,im-object-041,2,3,0
Fixed-3,progressive:until-loss,4,im-object-042,2,3,0
Fixed-3,progressive:until-loss,4,im-object-043,2,3,0
Fixed-3,progressive:until-loss,4,im-object-044,2,3,0
Fixed-3,progressive:until-loss,4,im-object-045,2,3,0
Fixed-3,progressive:until-loss,4,im-object-046,2,3,0
Fixed-3,progressive:until-loss,4,im-object-047,2,3,0
Fixed-3,progressive:until-loss,4,im-object-048,2,3,0
Fixed-3,progressive:until-loss,4,im-object-049,2,3,0
Fixed-3,progressive:until-loss,4,im-object-050,2,3,0
Fixed-3,progressive:until-loss,4,im-object-051,2,3,0
Fixed-3,progressive:until-loss,4,im-object-052,2,3,0
Fixed-3,progressive:until-loss,4,im-object-053,2,3,0
Fixed-3,progressive:until-loss,4,im-object-054,2,3,0
Fixed-3,progressive:until-loss,4,im-object-055,2,3,0
Fixed-3,progressive:until-loss,4,im-object-056,2,3,0
Fixed-3,progressive:until-loss,4,im-object-057,2,3,0
Fixed-3,progressive:until-loss,5,im-object-001,2,3,0
Fixed-3,progressive:until-loss,5,im-object-002,2,3,0
Fixed-3,progressive:until-loss,5,im-object-003,2,3,0
Fixed-3,progressive:until-loss,5,im-object-004,2,3,0
Fixed-3,progressive:until-loss,5,im-object-005,2,3,0
Fixed-3,progressive:until-loss,5,im-object-006,2,3,0
Fixed-3,progressive:until-loss,5,im-object-007,2,3,0
Fixed-3,progressive:until-loss,5,im-object-008,2,3,0
Fixed-3,progressive:until-loss,5,im-object-009,2,3,0
Fixed-3,progressive:until-loss,5,im-object-010,2,3,0
Fixed-3,progressive:until-loss,5,im-object-011,2,3,0
Fixed-3,progressive:until-loss,5,im-object-012,2,3,0
Fixed-3,progressive:until-loss,5,im-object-013,2,3,0
Fixed-3,progressive:until-loss,5,im-object-014,2,3,0
Fixed-3,progressive:until-loss,5,im-object-015,2,3,0
Fixed-3,progressive:until-loss,5,im-object-016,2,3,0
Fixed-3,progressive:until-loss,5,im-object-017,2,3,0
Fixed-3,progressive:until-loss,5,im-object-018,2,3,0
Fixed-3,progressive:until-loss,5,im-object-019,2,3,0
Fixed-3,progressive:until-loss,5,im-object-020,2,3,0
Fixed-3,progressive:until-loss,5,im-object-021,2,3,0
Fixed-3,progressive:until-loss,5,im-object-022,2,3,0
Fixed-3,progressive:until-loss,5,im-object-023,2,3,0
Fixed-3,progressive:until-loss,5,im-object-024,2,3,0
Fixed-3,progressive:until-loss,5,im-object-025,2,3,0
Fixed-3,progressive:until-loss,5,im-object-026,2,3,0
Fixed-3,progressive:until-loss,5,im-object-027,2,3,0
Fixed-3,progressive:until-loss,5,im-object-028,2,3,0
Fixed-3,progressive:until-loss,5,im-object-029,2,3,0
Fixed-3,progressive:until-loss,5,im-object-030,2,3,0
Fixed-3,progressive:until-loss,5,im-object-031,2,3,0
Fixed-3,progressive:until-loss,5,im-object-032,2,3,0
Fixed-3,progressive:until-loss,5,im-object-033,2,3,0
Fixed-3,progressive:until-loss,5,im-object-034,2,3,0
Fixed-3,progressive:until-loss,5,im-object-035,2,3,0
Fixed-3,progressive:until-loss,5,im-object-036,2,3,0
Fixed-3,progressive:until-loss,5,im-object-037,2,3,0
Fixed-3,progressive:until-loss,5,im-object-038,2,3,0
Fixed-3,progressive:until-loss,5,im-object-039,2,3,0
Fixed-3,progressive:until-loss,5,im-object-040,2,3,0
Fixed-3,progressive:until-loss,5,im-object-041,2,3,0
Fixed-3,progressive:until-loss,5,im-object-042,2,3,0
Fixed-3,progressive:until-loss,5,im-object-043,2,3,0
Fixed-3,progressive:until-loss,5,im-object-044,2,3,0
Fixed-3,progressive:until-loss,5,im-object-045,2,3,0
Fixed-3,progressive:until-loss,5,im-object-046,2,3,0
Fixed-3,progressive:until-loss,5,im-object-047,2,3,0
Fixed-3,progressive:until-loss,5,im-object-048,2,3,0
Fixed-3,progressive:until-loss,5,im-object-049,2,3,0
Fixed-3,progressive:until-loss,5,im-object-050,2,3,0
Fixed-3,progressive:until-loss,5,im-object-051,2,3,0
Fixed-3,progressive:until-loss,5,im-object-052,2,3,0
Fixed-3,progressive:until-loss,5,im-object-053,2,3,0
Fixed-3,progressive:until-loss,5,im-object-054,2,3,0
Fixed-3,progressive:until-loss,5,im-object-055,2,3,0
Fixed-3,progressive:until-loss,5,im-object-056,2,3,0
Fixed-3,progressive:until-loss,5,im-object-057,2,3,0
Fixed-3,progressive:until-loss,6,im-object-001,2,3,0
Fixed-3,progressive:until-loss,6,im-object-002,2,3,0
Fixed-3,progressive:until-loss,6,im-object-003,2,3,0
Fixed-3,progressive:until-loss,6,im-object-004,2,3,0
Fixed-3,progressive:until-loss,6,im-object-005,2,3,0
Fixed-3,progressive:until-loss,6,im-object-006,2,3,0
Fixed-3,progressive:until-loss,6,im-object-007,2,3,0
Fixed-3,progressive:until-loss,6,im-object-008,2,3,0
Fixed-3,progressive:until-loss,6,im-object-009,2,3,0
Fixed-3,progressive:until-loss,6,im-object-010,2,3,0
Fixed-3,progressive:until-loss,6,im-object-011,2,3,0
Fixed-3,progressive:until-loss,6,im-object-012,2,3,0
Fixed-3,progressive:until-loss,6,im-object-013,2,3,0
Fixed-3,progressive:until-loss,6,im-object-014,2,3,0
Fixed-3,progressive:until-loss,6,im-object-015,2,3,0
Fixed-3,progressive:until-loss,6,im-object-016,2,3,0
Fixed-3,progressive:until-loss,6,im-object-017,2,3,0
Fixed-3,progressive:until-loss,6,im-object-018,2,3,0
Fixed-3,progressive:until-loss,6,im-object-019,2,3,0
Fixed-3,progressive:until-loss,6,im-object-020,2,3,0
Fixed-3,progressive:until-loss,6,im-object-021,2,3,0
Fixed-3,progressive:until-loss,6,im-object-022,2,3,0
Fixed-3,progressive:until-loss,6,im-object-023,2,3,0
Fixed-3,progressive:until-loss,6,im-object-024,2,3,0
Fixed-3,progressive:until-loss,6,im-object-025,2,3,0
Fixed-3,progressive:until-loss,6,im-object-026,2,3,0
Fixed-3,progressive:until-loss,6,im-object-027,2,3,0
Fixed-3,progressive:until-loss,6,im-object-028,2,3,0
Fixed-3,progressive:until-loss,6,im-object-029,2,3,0
Fixed-3,progressive:until-loss,6,im-object-030,2,3,0
Fixed-3,progressive:until-loss,6,im-object-031,2,3,0
Fixed-3,progressive:until-loss,6,im-object-032,2,3,0
Fixed-3,progressive:until-loss,6,im-object-033,2,3,0
Fixed-3,progressive:until-loss,6,im-object-034,2,3,0
Fixed-3,progressive:until-loss,6,im-object-035,2,3,0
Fixed-3,progressive:until-loss,6,im-object-036,2,3,0
Fixed-3,progressive:until-loss,6,im-object-037,2,3,0
Fixed-3,progressive:until-loss,6,im-object-038,2,3,0
Fixed-3,progressive:until-loss,6,im-object-039,2,3,0
Fixed-3,progressive:until-loss,6,im-object-040,2,3,0
Fixed-3,progressive:until-loss,6,im-object-041,2,3,0
Fixed-3,progressive:until-loss,6,im-object-042,2,3,0
Fixed-3,progressive:until-loss,6,im-object-043,2,3,0
Fixed-3,progressive:until-loss,6,im-object-044,2,3,0
Fixed-3,progressive:until-loss,6,im-object-045,2,3,0
Fixed-3,progressive:until-loss,6,im-object-046,2,3,0
Fixed-3,progressive:until-loss,6,im-object-047,2,3,0
Fixed-3,progressive:until-loss,6,im-object-048,2,3,0
Fixed-3,progressive:until-loss,6,im-object-049,2,3,0
Fixed-3,progressive:until-loss,6,im-object-050,2,3,0
Fixed-3,progressive:until-loss,6,im-object-051,2,3,0
Fixed-3,progressive:until-loss,6,im-object-052,2,3,0
Fixed-3,progressive:until-loss,6,im-object-053,2,3,0
Fixed-3,progressive:until-loss,6,im-object-054,2,3,0
Fixed-3,progressive:until-loss,6,im-object-055,2,3,0
Fixed-3,progressive:until-loss,6,im-object-056,2,3,0
Fixed-3,progressive:until-loss,6,im-object-057,2,3,0
Fixed-3,progressive:until-loss,7,im-object-001,2,3,0
Fixed-3,progressive:until-loss,7,im-object-002,2,3,0
Fixed-3,progressive:until-loss,7,im-object-003,2,3,0
Fixed-3,progressive:until-loss,7,im-object-004,2,3,0
Fixed-3,progressive:until-loss,7,im-object-005,2,3,0
Fixed-3,progressive:until-loss,7,im-object-006,2,3,0
Fixed-3,progressive:until-loss,7,im-object-007,2,3,0
Fixed-3,progressive:until-loss,7,im-object-008,2,3,0
Fixed-3,progressive:until-loss,7,im-object-009,2,3,0
Fixed-3,progressive:until-loss,7,im-object-010,2,3,0
Fixed-3,progressive:until-loss,7,im-object-011,2,3,0
Fixed-3,progressive:until-loss,7,im-object-012,2,3,0
Fixed-3,progressive:until-loss,7,im-object-013,2,3,0
Fixed-3,progressive:until-loss,7,im-object-014,2,3,0
Fixed-3,progressive:until-loss,7,im-object-015,2,3,0
Fixed-3,progressive:until-loss,7,im-object-016,2,3,0
Fixed-3,progressive:until-loss,7,im-object-017,2,3,0
Fixed-3,progressive:until-loss,7,im-object-018,2,3,0
Fixed-3,progressive:until-loss,7,im-object-019,2,3,0
Fixed-3,progressive:until-loss,7,im-object-020,2,3,0
Fixed-3,progressive:until-loss,7,im-object-021,2,3,0
Fixed-3,progressive:until-loss,7,im-object-022,2,3,0
Fixed-3,progressive:until-loss,7,im-object-023,2,3,0
Fixed-3,progressive:until-loss,7,im-object-024,2,3,0
Fixed-3,progressive:until-loss,7,im-object-025,2,3,0
Fixed-3,progressive:until-loss,7,im-object-026,2,3,0
Fixed-3,progressive:until-loss,7,im-object-027,2,3,0
Fixed-3,progressive:until-loss,7,im-object-028,2,3,0
Fixed-3,progressive:until-loss,7,im-object-029,2,3,0
Fixed-3,progressive:until-loss,7,im-object-030,2,3,0
Fixed-3,progressive:until-loss,7,im-object-031,2,3,0
Fixed-3,progressive:until-loss,7,im-object-032,2,3,0
Fixed-3,progressive:until-loss,7,im-object-033,2,3,0
Fixed-3,progressive:until-loss,7,im-object-034,2,3,0
Fixed-3,progressive:until-loss,7,im-object-035,2,3,0
Fixed-3,progressive:until-loss,7,im-object-036,2,3,0
Fixed-3,progressive:until-loss,7,im-object-037,2,3,0
Fixed-3,progressive:until-loss,7,im-object-038,2,3,0
Fixed-3,progressive:until-loss,7,im-object-039,2,3,0
Fixed-3,progressive:until-loss,7,im-object-040,2,3,0
Fixed-3,progressive:until-loss,7,im-object-041,2,3,0
Fixed-3,progressive:until-loss,7,im-object-042,2,3,0
Fixed-3,progressive:until-loss,7,im-object-043,2,3,0
Fixed-3,progressive:until-loss,7,im-object-044,2,3,0
Fixed-3,progressive:until-loss,7,im-object-045,2,3,0
Fixed-3,progressive:until-loss,7,im-object-046,2,3,0
Fixed-3,progressive:until-loss,7,im-object-047,2,3,0
Fixed-3,progressive:until-loss,7,im-object-048,2,3,0
Fixed-3,progressive:until-loss,7,im-object-049,2,3,0
Fixed-3,progressive:until-loss,7,im-object-050,2,3,0
Fixed-3,progressive:until-loss,7,im-object-051,2,3,0
Fixed-3,progressive:until-loss,7,im-object-052,2,3,0
Fixed-3,progressive:until-loss,7,im-object-053,2,3,0
Fixed-3,progressive:until-loss,7,im-object-054,2,3,0
Fixed-3,progressive:until-loss,7,im-object-055,2,3,0
Fixed-3,progressive:until-loss,7,im-object-056,2,3,0
Fixed-3,progressive:until-loss,7,im-object-057,2,3,0
Fixed-3,progressive:until-loss,8,im-object-001,2,3,0
Fixed-3,progressive:until-loss,8,im-object-002,2,3,0
Fixed-3,progressive:until-loss,8,im-object-003,2,3,0
Fixed-3,progressive:until-loss,8,im-object-004,2,3,0
Fixed-3,progressive:until-loss,8,im-object-005,2,3,0
Fixed-3,progressive:until-loss,8,im-object-006,2,3,0
Fixed-3,progressive:until-loss,8,im-object-007,2,3,0
Fixed-3,progressive:until-loss,8,im-object-008,2,3,0
Fixed-3,progressive:until-loss,8,im-object-009,2,3,0
Fixed-3,progressive:until-loss,8,im-object-010,2,3,0
Fixed-3,progressive:until-loss,8,im-object-011,2,3,0
Fixed-3,progressive:until-loss,8,im-object-012,2,3,0
Fixed-3,progressive:until-loss,8,im-object-013,2,3,0
Fixed-3,progressive:until-loss,8,im-object-014,2,3,0
Fixed-3,progressive:until-loss,8,im-object-015,2,3,0
Fixed-3,progressive:until-loss,8,im-object-016,2,3,0
Fixed-3,progressive:until-loss,8,im-object-017,2,3,0
Fixed-3,progressive:until-loss,8,im-object-018,2,3,0
Fixed-3,progressive:until-loss,8,im-object-019,2,3,0
Fixed-3,progressive:until-loss,8,im-object-020,2,3,0
Fixed-3,progressive:until-loss,8,im-object-021,2,3,0
Fixed-3,progressive:until-loss,8,im-object-022,2,3,0
Fixed-3,progressive:until-loss,8,im-object-023,2,3,0
Fixed-3,progressive:until-loss,8,im-object-024,2,3,0
Fixed-3,progressive:until-loss,8,im-object-025,2,3,0
Fixed-3,progressive:until-loss,8,im-object-026,2,3,0
Fixed-3,progressive:until-loss,8,im-object-027,2,3,0
Fixed-3,progressive:until-loss,8,im-object-028,2,3,0
Fixed-3,progressive:until-loss,8,im-object-029,2,3,0
Fixed-3,progressive:until-loss,8,im-object-030,2,3,0
Fixed-3,progressive:until-loss,8,im-object-031,2,3,0
Fixed-3,progressive:until-loss,8,im-object-032,2,3,0
Fixed-3,progressive:until-loss,8,im-object-033,2,3,0
Fixed-3,progressive:until-loss,8,im-object-034,2,3,0
Fixed-3,progressive:until-loss,8,im-object-035,2,3,0
Fixed-3,progressive:until-loss,8,im-object-036,2,3,0
Fixed-3,progressive:until-loss,8,im-object-037,2,3,0
Fixed-3,progressive:until-loss,8,im-object-038,2,3,0
Fixed-3,progressive:until-loss,8,im-object-039,2,3,0
Fixed-3,progressive:until-loss,8,im-object-040,2,3,0
Fixed-3,progressive:until-loss,8,im-object-041,2,3,0
Fixed-3,progressive:until-loss,8,im-object-042,2,3,0
Fixed-3,progressive:until-loss,8,im-object-043,2,3,0
Fixed-3,progressive:until-loss,8,im-object-044,2,3,0
Fixed-3,progressive:until-loss,8,im-object-045,2,3,0
Fixed-3,progressive:until-loss,8,im-object-046,2,3,0
Fixed-3,progressive:until-loss,8,im-object-047,2,3,0
Fixed-3,progressive:until-loss,8,im-object-048,2,3,0
Fixed-3,progressive:until-loss,8,im-object-049,2,3,0
Fixed-3,progressive:until-loss,8,im-object-050,2,3,0
Fixed-3,progressive:until-loss,8,im-object-051,2,3,0
Fixed-3,progressive:until-loss,8,im-object-052,2,3,0
Fixed-3,progressive:until-loss,8,im-object-053,2,3,0
Fixed-3,progressive:until-loss,8,im-object-054,2,3,0
Fixed-3,progressive:until-loss,8,im-object-055,2,3,0
Fixed-3,progressive:until-loss,8,im-object-056,2,3,0
Fixed-3,progressive:until-loss,8,im-object-057,2,3,0
Fixed-3,progressive:until-loss,9,im-object-001,2,3,0
Fixed-3,progressive:until-loss,9,im-object-002,2,3,0
Fixed-3,progressive:until-loss,9,im-object-003,2,3,0
Fixed-3,progressive:until-loss,9,im-object-004,2,3,0
Fixed-3,progressive:until-loss,9,im-object-005,2,3,0
Fixed-3,progressive:until-loss,9,im-object-006,2,3,0
Fixed-3,progressive:until-loss,9,im-object-007,2,3,0
Fixed-3,progressive:until-loss,9,im-object-008,2,3,0
Fixed-3,progressive:until-loss,9,im-object-009,2,3,0
Fixed-3,progressive:until-loss,9,im-object-010,2,3,0
Fixed-3,progressive:until-loss,9,im-object-011,2,3,0
Fixed-3,progressive:until-loss,9,im-object-012,2,3,0
Fixed-3,progressive:until-loss,9,im-object-013,2,3,0
Fixed-3,progressive:until-loss,9,im-object-014,2,3,0
Fixed-3,progressive:until-loss,9,im-object-015,2,3,0
Fixed-3,progressive:until-loss,9,im-object-016,2,3,0
Fixed-3,progressive:until-loss,9,im-object-017,2,3,0
Fixed-3,progressive:until-loss,9,im-object-018,2,3,0
Fixed-3,progressive:until-loss,9,im-object-019,2,3,0
Fixed-3,progressive:until-loss,9,im-object-020,2,3,0
Fixed-3,progressive:until-loss,9,im-object-021,2,3,0
Fixed-3,progressive:until-loss,9,im-object-022,2,3,0
Fixed-3,progressive:until-loss,9,im-object-023,2,3,0
Fixed-3,progressive:until-loss,9,im-object-024,2,3,0
Fixed-3,progressive:until-loss,9,im-object-025,2,3,0
Fixed-3,progressive:until-loss,9,im-object-026,2,3,0
Fixed-3,progressive:until-loss,9,im-object-027,2,3,0
Fixed-3,progressive:until-loss,9,im-object-028,2,3,0
Fixed-3,progressive:until-loss,9,im-object-029,2,3,0
Fixed-3,progressive:until-loss,9,im-object-030,2,3,0
Fixed-3,progressive:until-loss,9,im-object-031,2,3,0
Fixed-3,progressive:until-loss,9,im-object-032,2,3,0
Fixed-3,progressive:until-loss,9,im-object-033,2,3,0
Fixed-3,progressive:until-loss,9,im-object-034,2,3,0
Fixed-3,progressive:until-loss,9,im-object-035,2,3,0
Fixed-3,progressive:until-loss,9,im-object-036,2,3,0
Fixed-3,progressive:until-loss,9,im-object-037,2,3,0
Fixed-3,progressive:until-loss,9,im-object-038,2,3,0
Fixed-3,progressive:until-loss,9,im-object-039,2,3,0
Fixed-3,progressive:until-loss,9,im-object-040,2,3,0
Fixed-3,progressive:until-loss,9,im-object-041,2,3,0
Fixed-3,progressive:until-loss,9,im-object-042,2,3,0
Fixed-3,progressive:until-loss,9,im-object-043,2,3,0
Fixed-3,progressive:until-loss,9,im-object-044,2,3,0
Fixed-3,progressive:until-loss,9,im-object-045,2,3,0
Fixed-3,progressive:until-loss,9,im-object-046,2,3,0
Fixed-3,progressive:until-loss,9,im-object-047,2,3,0
Fixed-3,progressive:until-loss,9,im-object-048,2,3,0
Fixed-3,progressive:until-loss,9,im-object-049,2,3,0
Fixed-3,progressive:until-loss,9,im-object-050,2,3,0
Fixed-3,progressive:until-loss,9,im-object-051,2,3,0
Fixed-3,progressive:until-loss,9,im-object-052,2,3,0
Fixed-3,progressive:until-loss,9,im-object-053,2,3,0
Fixed-3,progressive:until-loss,9,im-object-054,2,3,0
Fixed-3,progressive:until-loss,9,im-object-055,2,3,0
Fixed-3,progressive:until-loss,9,im-object-056,2,3,0
Fixed-3,progressive:until-loss,9,im-object-057,2,3,0
Fixed-3,progressive:until-loss,10,im-object-001,2,3,0
Fixed-3,progressive:until-loss,10,im-object-002,2,3,0
Fixed-3,progressive:until-loss,10,im-object-003,2,3,0
Fixed-3,progressive:until-loss,10,im-object-004,2,3,0
Fixed-3,progressive:until-loss,10,im-object-005,2,3,0
Fixed-3,progressive:until-loss,10,im-object-006,2,3,0
Fixed-3,progressive:until-loss,10,im-object-007,2,3,0
Fixed-3,progressive:until-loss,10,im-object-008,2,3,0
Fixed-3,progressive:until-loss,10,im-object-009,2,3,0
Fixed-3,progressive:until-loss,10,im-object-010,2,3,0
Fixed-3,progressive:until-loss,10,im-object-011,2,3,0
Fixed-3,progressive:until-loss,10,im-object-012,2,3,0
Fixed-3,progressive:until-loss,10,im-object-013,2,3,0
Fixed-3,progressive:until-loss,10,im-object-014,2,3,0
Fixed-3,progressive:until-loss,10,im-object-015,2,3,0
Fixed-3,progressive:until-loss,10,im-object-016,2,3,0
Fixed-3,progressive:until-loss,10,im-object-017,2,3,0
Fixed-3,progressive:until-loss,10,im-object-018,2,3,0
Fixed-3,progressive:until-loss,10,im-object-019,2,3,0
Fixed-3,progressive:until-loss,10,im-object-020,2,3,0
Fixed-3,progressive:until-loss,10,im-object-021,2,3,0
Fixed-3,progressive:until-loss,10,im-object-022,2,3,0
Fixed-3,progressive:until-loss,10,im-object-023,2,3,0
Fixed-3,progressive:until-loss,10,im-object-024,2,3,0
Fixed-3,progressive:until-loss,10,im-object-025,2,3,0
Fixed-3,progressive:until-loss,10,im-object-026,2,3,0
Fixed-3,progressive:until-loss,10,im-object-027,2,3,0
Fixed-3,progressive:until-loss,10,im-object-028,2,3,0
Fixed-3,progressive:until-loss,10,im-object-029,2,3,0
Fixed-3,progressive:until-loss,10,im-object-030,2,3,0
Fixed-3,progressive:until-loss,10,im-object-031,2,3,0
Fixed-3,progressive:until-loss,10,im-object-032,2,3,0
Fixed-3,progressive:until-loss,10,im-object-033,2,3,0
Fixed-3,progressive:until-loss,10,im-object-034,2,3,0
Fixed-3,progressive:until-loss,10,im-object-035,2,3,0
Fixed-3,progressive:until-loss,10,im-object-036,2,3,0
Fixed-3,progressive:until-loss,10,im-object-037,2,3,0
Fixed-3,progressive:until-loss,10,im-object-038,2,3,0
Fixed-3,progressive:until-loss,10,im-object-039,2,3,0
Fixed-3,progressive:until-loss,10,im-object-040,2,3,0
Fixed-3,progressive:until-loss,10,im-object-041,2,3,0
Fixed-3,progressive:until-loss,10,im-object-042,2,3,0
Fixed-3,progressive:until-loss,10,im-object-043,2,3,0
Fixed-3,progressive:until-loss,10,im-object-044,2,3,0
Fixed-3,progressive:until-loss,10,im-object-045,2,3,0
Fixed-3,progressive:until-loss,10,im-object-046,2,3,0
Fixed-3,progressive:until-loss,10,im-object-047,2,3,0
Fixed-3,progressive:until-loss,10,im-object-048,2,3,0
Fixed-3,progressive:until-loss,10,im-object-049,2,3,0
Fixed-3,progressive:until-loss,10,im-object-050,2,3,0
Fixed-3,progressive:until-loss,10,im-object-051,2,3,0
Fixed-3,progressive:until-loss,10,im-object-052,2,3,0
Fixed-3,progressive:until-loss,10,im-object-053,2,3,0
Fixed-3,progressive:until-loss,10,im-object-054,2,3,0
Fixed-3,progressive:until-loss,10,im-object-055,2,3,0
Fixed-3,progressive:until-loss,10,im-object-056,2,3,0
Fixed-3,progressive:until-loss,10,im-object-057,2,3,0
Fixed-3,progressive:until-loss,11,im-object-001,2,3,0
Fixed-3,progressive:until-loss,11,im-object-002,2,3,0
Fixed-3,progressive:until-loss,11,im-object-003,2,3,0
Fixed-3,progressive:until-loss,11,im-object-004,2,3,0
Fixed-3,progressive:until-loss,11,im-object-005,2,3,0
Fixed-3,progressive:until-loss,11,im-object-006,2,3,0
Fixed-3,progressive:until-loss,11,im-object-007,2,3,0
Fixed-3,progressive:until-loss,11,im-object-008,2,3,0
Fixed-3,progressive:until-loss,11,im-object-009,2,3,0
Fixed-3,progressive:until-loss,11,im-object-010,2,3,0
Fixed-3,progressive:until-loss,11,im-object-011,2,3,0
Fixed-3,progressive:until-loss,11,im-object-012,2,3,0
Fixed-3,progressive:until-loss,11,im-object-013,2,3,0
Fixed-3,progressive:until-loss,11,im-object-014,2,3,0
Fixed-3,progressive:until-loss,11,im-object-015,2,3,0
Fixed-3,progressive:until-loss,11,im-object-016,2,3,0
Fixed-3,progressive:until-loss,11,im-object-017,2,3,0
Fixed-3,progressive:until-loss,11,im-object-018,2,3,0
Fixed-3,progressive:until-loss,11,im-object-019,2,3,0
Fixed-3,progressive:until-loss,11,im-object-020,2,3,0
Fixed-3,progressive:until-loss,11,im-object-021,2,3,0
Fixed-3,progressive:until-loss,11,im-object-022,2,3,0
Fixed-3,progressive:until-loss,11,im-object-023,2,3,0
Fixed-3,progressive:until-loss,11,im-object-024,2,3,0
Fixed-3,progressive:until-loss,11,im-object-025,2,3,0
Fixed-3,progressive:until-loss,11,im-object-026,2,3,0
Fixed-3,progressive:until-loss,11,im-object-027,2,3,0
Fixed-3,progressive:until-loss,11,im-object-028,2,3,0
Fixed-3,progressive:until-loss,11,im-object-029,2,3,0
Fixed-3,progressive:until-loss,11,im-object-030,2,3,0
Fixed-3,progressive:until-loss,11,im-object-031,2,3,0
Fixed-3,progressive:until-loss,11,im-object-032,2,3,0
Fixed-3,progressive:until-loss,11,im-object-033,2,3,0
Fixed-3,progressive:until-loss,11,im-object-034,2,3,0
Fixed-3,progressive:until-loss,11,im-object-035,2,3,0
Fixed-3,progressive:until-loss,11,im-object-036,2,3,0
Fixed-3,progressive:until-loss,11,im-object-037,2,3,0
Fixed-3,progressive:until-loss,11,im-object-038,2,3,0
Fixed-3,progressive:until-loss,11,im-object-039,2,3,0
Fixed-3,progressive:until-loss,11,im-object-040,2,3,0
Fixed-3,progressive:until-loss,11,im-object-041,2,3,0
Fixed-3,progressive:until-loss,11,im-object-042,2,3,0
Fixed-3,progressive:until-loss,11,im-object-043,2,3,0
Fixed-3,progressive:until-loss,11,im-object-044,2,3,0
Fixed-3,progressive:until-loss,11,im-object-045,2,3,0
Fixed-3,progressive:until-loss,11,im-object-046,2,3,0
Fixed-3,progressive:until-loss,11,im-object-047,2,3,0
Fixed-3,progressive:until-loss,11,im-object-048,2,3,0
Fixed-3,progressive:until-loss,11,im-object-049,2,3,0
Fixed-3,progressive:until-loss,11,im-object-050,2,3,0
Fixed-3,progressive:until-loss,11,im-object-051,2,3,0
Fixed-3,progressive:until-loss,11,im-object-052,2,3,0
Fixed-3,progressive:until-loss,11,im-object-053,2,3,0
Fixed-3,progressive:until-loss,11,im-object-054,2,3,0
Fixed-3,progressive:until-loss,11,im-object-055,2,3,0
Fixed-3,progressive:until-loss,11,im-object-056,2,3,0
Fixed-3,progressive:until-loss,11,im-object-057,2,3,0
Fixed-3,progressive:until-loss,12,im-object-001,2,3,0
Fixed-3,progressive:until-loss,12,im-object-002,2,3,0
Fixed-3,progressive:until-loss,12,im-object-003,2,3,0
Fixed-3,progressive:until-loss,12,im-object-004,2,3,0
Fixed-3,progressive:until-loss,12,im-object-005,2,3,0
Fixed-3,progressive:until-loss,12,im-object-006,2,3,0
Fixed-3,progressive:until-loss,12,im-object-007,2,3,0
Fixed-3,progressive:until-loss,12,im-object-008,2,3,0
Fixed-3,progressive:until-loss,12,im-object-009,2,3,0
Fixed-3,progressive:until-loss,12,im-object-010,2,3,0
Fixed-3,progressive:until-loss,12,im-object-011,2,3,0
Fixed-3,progressive:until-loss,12,im-object-012,2,3,0
Fixed-3,progressive:until-loss,12,im-object-013,2,3,0
Fixed-3,progressive:until-loss,12,im-object-014,2,3,0
Fixed-3,progressive:until-loss,12,im-object-015,2,3,0
Fixed-3,progressive:until-loss,12,im-object-016,2,3,0
Fixed-3,progressive:until-loss,12,im-object-017,2,3,0
Fixed-3,progressive:until-loss,12,im-object-018,2,3,0
Fixed-3,progressive:until-loss,12,im-object-019,2,3,0
Fixed-3,progressive:until-loss,12,im-object-020,2,3,0
Fixed-3,progressive:until-loss,12,im-object-021,2,3,0
Fixed-3,progressive:until-loss,12,im-object-022,2,3,0
Fixed-3,progressive:until-loss,12,im-object-023,2,3,0
Fixed-3,progressive:until-loss,12,im-object-024,2,3,0
Fixed-3,progressive:until-loss,12,im-object-025,2,3,0
Fixed-3,progressive:until-loss,12,im-object-026,2,3,0
Fixed-3,progressive:until-loss,12,im-object-027,2,3,0
Fixed-3,progressive:until-loss,12,im-object-028,2,3,0
Fixed-3,progressive:until-loss,12,im-object-029,2,3,0
Fixed-3,progressive:until-loss,12,im-object-030,2,3,0
Fixed-3,progressive:until-loss,12,im-object-031,2,3,0
Fixed-3,progressive:until-loss,12,im-object-032,2,3,0
Fixed-3,progressive:until-loss,12,im-object-033,2,3,0
Fixed-3,progressive:until-loss,12,im-object-034,2,3,0
Fixed-3,progressive:until-loss,12,im-object-035,2,3,0
Fixed-3,progressive:until-loss,12,im-object-036,2,3,0
Fixed-3,progressive:until-loss,12,im-object-037,2,3,0
Fixed-3,progressive:until-loss,12,im-object-038,2,3,0
Fixed-3,progressive:until-loss,12,im-object-039,2,3,0
Fixed-3,progressive:until-loss,12,im-object-040,2,3,0
Fixed-3,progressive:until-loss,12,im-object-041,2,3,0
Fixed-3,progressive:until-loss,12,im-object-042,2,3,0
Fixed-3,progressive:until-loss,12,im-object-043,2,3,0
Fixed-3,progressive:until-loss,12,im-object-044,2,3,0
Fixed-3,progressive:until-loss,12,im-object-045,2,3,0
Fixed-3,progressive:until-loss,12,im-object-046,2,3,0
Fixed-3,progressive:until-loss,12,im-object-047,2,3,0
Fixed-3,progressive:until-loss,12,im-object-048,2,3,0
Fixed-3,progressive:until-loss,12,im-object-049,2,3,0
Fixed-3,progressive:until-loss,12,im-object-050,2,3,0
Fixed-3,progressive:until-loss,12,im-object-051,2,3,0
Fixed-3,progressive:until-loss,12,im-object-052,2,3,0
Fixed-3,progressive:until-loss,12,im-object-053,2,3,0
Fixed-3,progressive:until-loss,12,im-object-054,2,3,0
Fixed-3,progressive:until-loss,12,im-object-055,2,3,0
Fixed-3,progressive:until-loss,12,im-object-056,2,3,0
Fixed-3,progressive:until-loss,12,im-object-057,2,3,0
Fixed-3,progressive:until-loss,13,im-object-001,2,3,0
Fixed-3,progressive:until-loss,13,im-object-002,2,3,0
Fixed-3,progressive:until-loss,13,im-object-003,2,3,0
Fixed-3,progressive:until-loss,13,im-object-004,2,3,0
Fixed-3,progressive:until-loss,13,im-object-005,2,3,0
Fixed-3,progressive:until-loss,13,im-object-006,2,3,0
Fixed-3,progressive:until-loss,13,im-object-007,2,3,0
Fixed-3,progressive:until-loss,13,im-object-008,2,3,0
Fixed-3,progressive:until-loss,13,im-object-009,2,3,0
Fixed-3,progressive:until-loss,13,im-object-010,2,3,0
Fixed-3,progressive:until-loss,13,im-object-011,2,3,0
Fixed-3,progressive:until-loss,13,im-object-012,2,3,0
Fixed-3,progressive:until-loss,13,im-object-013,2,3,0
Fixed-3,progressive:until-loss,13,im-object-014,2,3,0
Fixed-3,progressive:until-loss,13,im-object-015,2,3,0
Fixed-3,progressive:until-loss,13,im-object-016,2,3,0
Fixed-3,progressive:until-loss,13,im-object-017,2,3,0
Fixed-3,progressive:until-loss,13,im-object-018,2,3,0
Fixed-3,progressive:until-loss,13,im-object-019,2,3,0
Fixed-3,progressive:until-loss,13,im-object-020,2,3,0
Fixed-3,progressive:until-loss,13,im-object-021,2,3,0
Fixed-3,progressive:until-loss,13,im-object-022,2,3,0
Fixed-3,progressive:until-loss,13,im-object-023,2,3,0
Fixed-3,progressive:until-loss,13,im-object-024,2,3,0
Fixed-3,progressive:until-loss,13,im-object-025,2,3,0
Fixed-3,progressive:until-loss,13,im-object-026,2,3,0
Fixed-3,progressive:until-loss,13,im-object-027,2,3,0
Fixed-3,progressive:until-loss,13,im-object-028,2,3,0
Fixed-3,progressive:until-loss,13,im-object-029,2,3,0
Fixed-3,progressive:until-loss,13,im-object-030,2,3,0
Fixed-3,progressive:until-loss,13,im-object-031,2,3,0
Fixed-3,progressive:until-loss,13,im-object-032,2,3,0
Fixed-3,progressive:until-loss,13,im-object-033,2,3,0
Fixed-3,progressive:until-loss,13,im-object-034,2,3,0
Fixed-3,progressive:until-loss,13,im-object-035,2,3,0
Fixed-3,progressive:until-loss,13,im-object-036,2,3,0
Fixed-3,progressive:until-loss,13,im-object-037,2,3,0
Fixed-3,progressive:until-loss,13,im-object-038,2,3,0
Fixed-3,progressive:until-loss,13,im-object-039,2,3,0
Fixed-3,progressive:until-loss,13,im-object-040,2,3,0
Fixed-3,progressive:until-loss,13,im-object-041,2,3,0
Fixed-3,progressive:until-loss,13,im-object-042,2,3,0
Fixed-3,progressive:until-loss,13,im-object-043,2,3,0
Fixed-3,progressive:until-loss,13,im-object-044,2,3,0
Fixed-3,progressive:until-loss,13,im-object-045,2,3,0
Fixed-3,progressive:until-loss,13,im-object-046,2,3,0
Fixed-3,progressive:until-loss,13,im-object-047,2,3,0
Fixed-3,progressive:until-loss,13,im-object-048,2,3,0
Fixed-3,progressive:until-loss,13,im-object-049,2,3,0
Fixed-3,progressive:until-loss,13,im-object-050,2,3,0
Fixed-3,progressive:until-loss,13,im-object-051,2,3,0
Fixed-3,progressive:until-loss,13,im-object-052,2,3,0
Fixed-3,progressive:until-loss,13,im-object-053,2,3,0
Fixed-3,progressive:until-loss,13,im-object-054,2,3,0
Fixed-3,progressive:until-loss,13,im-object-055,2,3,0
Fixed-3,progressive:until-loss,13,im-object-056,2,3,0
Fixed-3,progressive:until-loss,13,im-object-057,2,3,0
Fixed-3,progressive:until-loss,14,im-object-001,2,3,0
Fixed-3,progressive:until-loss,14,im-object-002,2,3,0
Fixed-3,progressive:until-loss,14,im-object-003,2,3,0
Fixed-3,progressive:until-loss,14,im-object-004,2,3,0
Fixed-3,progressive:until-loss,14,im-object-005,2,3,0
Fixed-3,progressive:until-loss,14,im-object-006,2,3,0
Fixed-3,progressive:until-loss,14,im-object-007,2,3,0
Fixed-3,progressive:until-loss,14,im-object-008,2,3,0
Fixed-3,progressive:until-loss,14,im-object-009,2,3,0
Fixed-3,progressive:until-loss,14,im-object-010,2,3,0
Fixed-3,progressive:until-loss,14,im-object-011,2,3,0
Fixed-3,progressive:until-loss,14,im-object-012,2,3,0
Fixed-3,progressive:until-loss,14,im-object-013,2,3,0
Fixed-3,progressive:until-loss,14,im-object-014,2,3,0
Fixed-3,progressive:until-loss,14,im-object-015,2,3,0
Fixed-3,progressive:until-loss,14,im-object-016,2,3,0
Fixed-3,progressive:until-loss,14,im-object-017,2,3,0
Fixed-3,progressive:until-loss,14,im-object-018,2,3,0
Fixed-3,progressive:until-loss,14,im-object-019,2,3,0
Fixed-3,progressive:until-loss,14,im-object-020,2,3,0
Fixed-3,progressive:until-loss,14,im-object-021,2,3,0
Fixed-3,progressive:until-loss,14,im-object-022,2,3,0
Fixed-3,progressive:until-loss,14,im-object-023,2,3,0
Fixed-3,progressive:until-loss,14,im-object-024,2,3,0
Fixed-3,progressive:until-loss,14,im-object-025,2,3,0
Fixed-3,progressive:until-loss,14,im-object-026,2,3,0
Fixed-3,progressive:until-loss,14,im-object-027,2,3,0
Fixed-3,progressive:until-loss,14,im-object-028,2,3,0
Fixed-3,progressive:until-loss,14,im-object-029,2,3,0
Fixed-3,progressive:until-loss,14,im-object-030,2,3,0
Fixed-3,progressive:until-loss,14,im-object-031,2,3,0
Fixed-3,progressive:until-loss,14,im-object-032,2,3,0
Fixed-3,progressive:until-loss,14,im-object-033,2,3,0
Fixed-3,progressive:until-loss,14,im-object-034,2,3,0
Fixed-3,progressive:until-loss,14,im-object-035,2,3,0
Fixed-3,progressive:until-loss,14,im-object-036,2,3,0
Fixed-3,progressive:until-loss,14,im-object-037,2,3,0
Fixed-3,progressive:until-loss,14,im-object-038,2,3,0
Fixed-3,progressive:until-loss,14,im-object-039,2,3,0
Fixed-3,progressive:until-loss,14,im-object-040,2,3,0
Fixed-3,progressive:until-loss,14,im-object-041,2,3,0
Fixed-3,progressive:until-loss,14,im-object-042,2,3,0
Fixed-3,progressive:until-loss,14,im-object-043,2,3,0
Fixed-3,progressive:until-loss,14,im-object-044,2,3,0
Fixed-3,progressive:until-loss,14,im-object-045,2,3,0
Fixed-3,progressive:until-loss,14,im-object-046,2,3,0
Fixed-3,progressive:until-loss,14,im-object-047,2,3,0
Fixed-3,progressive:until-loss,14,im-object-048,2,3,0
Fixed-3,progressive:until-loss,14,im-object-049,2,3,0
Fixed-3,progressive:until-loss,14,im-object-050,2,3,0
Fixed-3,progressive:until-loss,14,im-object-051,2,3,0
Fixed-3,progressive:until-loss,14,im-object-052,2,3,0
Fixed-3,progressive:until-loss,14,im-object-053,2,3,0
Fixed-3,progressive:until-loss,14,im-object-054,2,3,0
Fixed-3,progressive:until-loss,14,im-object-055,2,3,0
Fixed-3,progressive:until-loss,14,im-object-056,2,3,0
Fixed-3,progressive:until-loss,14,im-object-057,2,3,0
Fixed-3,progressive:until-loss,15,im-object-001,2,3,0
Fixed-3,progressive:until-loss,15,im-object-002,2,3,0
Fixed-3,progressive:until-loss,15,im-object-003,2,3,0
Fixed-3,progressive:until-loss,15,im-object-004,2,3,0
Fixed-3,progressive:until-loss,15,im-object-005,2,3,0
Fixed-3,progressive:until-loss,15,im-object-006,2,3,0
Fixed-3,progressive:until-loss,15,im-object-007,2,3,0
Fixed-3,progressive:until-loss,15,im-object-008,2,3,0
Fixed-3,progressive:until-loss,15,im-object-009,2,3,0
Fixed-3,progressive:until-loss,15,im-object-010,2,3,0
Fixed-3,progressive:until-loss,15,im-object-011,2,3,0
Fixed-3,progressive:until-loss,15,im-object-012,2,3,0
Fixed-3,progressive:until-loss,15,im-object-013,2,3,0
Fixed-3,progressive:until-loss,15,im-object-014,2,3,0
Fixed-3,progressive:until-loss,15,im-object-015,2,3,0
Fixed-3,progressive:until-loss,15,im-object-016,2,3,0
Fixed-3,progressive:until-loss,15,im-object-017,2,3,0
Fixed-3,progressive:until-loss,15,im-object-018,2,3,0
Fixed-3,progressive:until-loss,15,im-object-019,2,3,0
Fixed-3,progressive:until-loss,15,im-object-020,2,3,0
Fixed-3,progressive:until-loss,15,im-object-021,2,3,0
Fixed-3,progressive:until-loss,15,im-object-022,2,3,0
Fixed-3,progressive:until-loss,15,im-object-023,2,3,0
Fixed-3,progressive:until-loss,15,im-object-024,2,3,0
Fixed-3,progressive:until-loss,15,im-object-025,2,3,0
Fixed-3,progressive:until-loss,15,im-object-026,2,3,0
Fixed-3,progressive:until-loss,15,im-object-027,2,3,0
Fixed-3,progressive:until-loss,15,im-object-028,2,3,0
Fixed-3,progressive:until-loss,15,im-object-029,2,3,0
Fixed-3,progressive:until-loss,15,im-object-030,2,3,0
Fixed-3,progressive:until-loss,15,im-object-031,2,3,0
Fixed-3,progressive:until-loss,15,im-object-032,2,3,0
Fixed-3,progressive:until-loss,15,im-object-033,2,3,0
Fixed-3,progressive:until-loss,15,im-object-034,2,3,0
Fixed-3,progressive:until-loss,15,im-object-035,2,3,0
Fixed-3,progressive:until-loss,15,im-object-036,2,3,0
Fixed-3,progressive:until-loss,15,im-object-037,2,3,0
Fixed-3,progressive:until-loss,15,im-object-038,2,3,0
Fixed-3,progressive:until-loss,15,im-object-039,2,3,0
Fixed-3,progressive:until-loss,15,im-object-040,2,3,0
Fixed-3,progressive:until-loss,15,im-object-041,2,3,0
Fixed-3,progressive:until-loss,15,im-object-042,2,3,0
Fixed-3,progressive:until-loss,15,im-object-043,2,3,0
Fixed-3,progressive:until-loss,15,im-object-044,2,3,0
Fixed-3,progressive:until-loss,15,im-object-045,2,3,0
Fixed-3,progressive:until-loss,15,im-object-046,2,3,0
Fixed-3,progressive:until-loss,15,im-object-047,2,3,0
Fixed-3,progressive:until-loss,15,im-object-048,2,3,0
Fixed-3,progressive:until-loss,15,im-object-049,2,3,0
Fixed-3,progressive:until-loss,15,im-object-050,2,3,0
Fixed-3,progressive:until-loss,15,im-object-051,2,3,0
Fixed-3,progressive:until-loss,15,im-object-052,2,3,0
Fixed-3,progressive:until-loss,15,im-object-053,2,3,0
Fixed-3,progressive:until-loss,15,im-object-054,2,3,0
Fixed-3,progressive:until-loss,15,im-object-055,2,3,0
Fixed-3,progressive:until-loss,15,im-object-056,2,3,0
Fixed-3,progressive:until-loss,15,im-object-057,2,3,0
Fixed-3,progressive:until-loss,16,im-object-001,2,3,0
Fixed-3,progressive:until-loss,16,im-object-002,2,3,0
Fixed-3,progressive:until-loss,16,im-object-003,2,3,0
Fixed-3,progressive:until-loss,16,im-object-004,2,3,0
Fixed-3,progressive:until-loss,16,im-object-005,2,3,0
Fixed-3,progressive:until-loss,16,im-object-006,2,3,0
Fixed-3,progressive:until-loss,16,im-object-007,2,3,0
Fixed-3,progressive:until-loss,16,im-object-008,2,3,0
Fixed-3,progressive:until-loss,16,im-object-009,2,3,0
Fixed-3,progressive:until-loss,16,im-object-010,2,3,0
Fixed-3,progressive:until-loss,16,im-object-011,2,3,0
Fixed-3,progressive:until-loss,16,im-object-012,2,3,0
Fixed-3,progressive:until-loss,16,im-object-013,2,3,0
Fixed-3,progressive:until-loss,16,im-object-014,2,3,0
Fixed-3,progressive:until-loss,16,im-object-015,2,3,0
Fixed-3,progressive:until-loss,16,im-object-016,2,3,0
Fixed-3,progressive:until-loss,16,im-object-017,2,3,0
Fixed-3,progressive:until-loss,16,im-object-018,2,3,0
Fixed-3,progressive:until-loss,16,im-object-019,2,3,0
Fixed-3,progressive:until-loss,16,im-object-020,2,3,0
Fixed-3,progressive:until-loss,16,im-object-021,2,3,0
Fixed-3,progressive:until-loss,16,im-object-022,2,3,0
Fixed-3,progressive:until-loss,16,im-object-023,2,3,0
Fixed-3,progressive:until-loss,16,im-object-024,2,3,0
Fixed-3,progressive:until-loss,16,im-object-025,2,3,0
Fixed-3,progressive:until-loss,16,im-object-026,2,3,0
Fixed-3,progressive:until-loss,16,im-object-027,2,3,0
Fixed-3,progressive:until-loss,16,im-object-028,2,3,0
Fixed-3,progressive:until-loss,16,im-object-029,2,3,0
Fixed-3,progressive:until-loss,16,im-object-030,2,3,0
Fixed-3,progressive:until-loss,16,im-object-031,2,3,0
Fixed-3,progressive:until-loss,16,im-object-032,2,3,0
Fixed-3,progressive:until-loss,16,im-object-033,2,3,0
Fixed-3,progressive:until-loss,16,im-object-034,2,3,0
Fixed-3,progressive:until-loss,16,im-object-035,2,3,0
Fixed-3,progressive:until-loss,16,im-object-036,2,3,0
Fixed-3,progressive:until-loss,16,im-object-037,2,3,0
Fixed-3,progressive:until-loss,16,im-object-038,2,3,0
Fixed-3,progressive:until-loss,16,im-object-039,2,3,0
Fixed-3,progressive:until-loss,16,im-object-040,2,3,0
Fixed-3,progressive:until-loss,16,im-object-041,2,3,0
Fixed-3,progressive:until-loss,16,im-object-042,2,3,0
Fixed-3,progressive:until-loss,16,im-object-043,2,3,0
Fixed-3,progressive:until-loss,16,im-object-044,2,3,0
Fixed-3,progressive:until-loss,16,im-object-045,2,3,0
Fixed-3,progressive:until-loss,16,im-object-046,2,3,0
Fixed-3,progressive:until-loss,16,im-object-047,2,3,0
Fixed-3,progressive:until-loss,16,im-object-048,2,3,0
Fixed-3,progressive:until-loss,16,im-object-049,2,3,0
Fixed-3,progressive:until-loss,16,im-object-050,2,3,0
Fixed-3,progressive:until-loss,16,im-object-051,2,3,0
Fixed-3,progressive:until-loss,16,im-object-052,2,3,0
Fixed-3,progressive:until-loss,16,im-object-053,2,3,0
Fixed-3,progressive:until-loss,16,im-object-054,2,3,0
Fixed-3,progressive:until-loss,16,im-object-055,2,3,0
Fixed-3,progressive:until-loss,16,im-object-056,2,3,0
Fixed-3,progressive:until-loss,16,im-object-057,2,3,0
Fixed-3,progressive:until-loss,17,im-object-001,2,3,0
Fixed-3,progressive:until-loss,17,im-object-002,2,3,0
Fixed-3,progressive:until-loss,17,im-object-003,2,3,0
Fixed-3,progressive:until-loss,17,im-object-004,2,3,0
Fixed-3,progressive:until-loss,17,im-object-005,2,3,0
Fixed-3,progressive:until-loss,17,im-object-006,2,3,0
Fixed-3,progressive:until-loss,17,im-object-007,2,3,0
Fixed-3,progressive:until-loss,17,im-object-008,2,3,0
Fixed-3,progressive:until-loss,17,im-object-009,2,3,0
Fixed-3,progressive:until-loss,17,im-object-010,2,3,0
Fixed-3,progressive:until-loss,17,im-object-011,2,3,0
Fixed-3,progressive:until-loss,17,im-object-012,2,3,0
Fixed-3,progressive:until-loss,17,im-object-013,2,3,0
Fixed-3,progressive:until-loss,17,im-object-014,2,3,0
Fixed-3,progressive:until-loss,17,im-object-015,2,3,0
Fixed-3,progressive:until-loss,17,im-object-016,2,3,0
Fixed-3,progressive:until-loss,17,im-object-017,2,3,0
Fixed-3,progressive:until-loss,17,im-object-018,2,3,0
Fixed-3,progressive:until-loss,17,im-object-019,2,3,0
Fixed-3,progressive:until-loss,17,im-object-020,2,3,0
Fixed-3,progressive:until-loss,17,im-object-021,2,3,0
Fixed-3,progressive:until-loss,17,im-object-022,2,3,0
Fixed-3,progressive:until-loss,17,im-object-023,2,3,0
Fixed-3,progressive:until-loss,17,im-object-024,2,3,0
Fixed-3,progressive:until-loss,17,im-object-025,2,3,0
Fixed-3,progressive:until-loss,17,im-object-026,2,3,0
Fixed-3,progressive:until-loss,17,im-object-027,2,3,0
Fixed-3,progressive:until-loss,17,im-object-028,2,3,0
Fixed-3,progressive:until-loss,17,im-object-029,2,3,0
Fixed-3,progressive:until-loss,17,im-object-030,2,3,0
Fixed-3,progressive:until-loss,17,im-object-031,2,3,0
Fixed-3,progressive:until-loss,17,im-object-032,2,3,0
Fixed-3,progressive:until-loss,17,im-object-033,2,3,0
Fixed-3,progressive:until-loss,17,im-object-034,2,3,0
Fixed-3,progressive:until-loss,17,im-object-035,2,3,0
Fixed-3,progressive:until-loss,17,im-object-036,2,3,0
Fixed-3,progressive:until-loss,17,im-object-037,2,3,0
Fixed-3,progressive:until-loss,17,im-object-038,2,3,0
Fixed-3,progressive:until-loss,17,im-object-039,2,3,0
Fixed-3,progressive:until-loss,17,im-object-040,2,3,0
Fixed-3,progressive:until-loss,17,im-object-041,2,3,0
Fixed-3,progressive:until-loss,17,im-object-042,2,3,0
Fixed-3,progressive:until-loss,17,im-object-043,2,3,0
Fixed-3,progressive:until-loss,17,im-object-044,2,3,0
Fixed-3,progressive:until-loss,17,im-object-045,2,3,0
Fixed-3,progressive:until-loss,17,im-object-046,2,3,0
Fixed-3,progressive:until-loss,17,im-object-047,2,3,0
Fixed-3,progressive:until-loss,17,im-object-048,2,3,0
Fixed-3,progressive:until-loss,17,im-object-049,2,3,0
Fixed-3,progressive:until-loss,17,im-object-050,2,3,0
Fixed-3,progressive:until-loss,17,im-object-051,2,3,0
Fixed-3,progressive:until-loss,17,im-object-052,2,3,0
Fixed-3,progressive:until-loss,17,im-object-053,2,3,0
Fixed-3,progressive:until-loss,17,im-object-054,2,3,0
Fixed-3,progressive:until-loss,17,im-object-055,2,3,0
Fixed-3,progressive:until-loss,17,im-object-056,2,3,0
Fixed-3,progressive:until-loss,17,im-object-057,2,3,0
Fixed-3,progressive:until-loss,18,im-object-001,2,3,0
Fixed-3,progressive:until-loss,18,im-object-002,2,3,0
Fixed-3,progressive:until-loss,18,im-object-003,2,3,0
Fixed-3,progressive:until-loss,18,im-object-004,2,3,0
Fixed-3,progressive:until-loss,18,im-object-005,2,3,0
Fixed-3,progressive:until-loss,18,im-object-006,2,3,0
Fixed-3,progressive:until-loss,18,im-object-007,2,3,0
Fixed-3,progressive:until-loss,18,im-object-008,2,3,0
Fixed-3,progressive:until-loss,18,im-object-009,2,3,0
Fixed-3,progressive:until-loss,18,im-object-010,2,3,0
Fixed-3,progressive:until-loss,18,im-object-011,2,3,0
Fixed-3,progressive:until-loss,18,im-object-012,2,3,0
Fixed-3,progressive:until-loss,18,im-object-013,2,3,0
Fixed-3,progressive:until-loss,18,im-object-014,2,3,0
Fixed-3,progressive:until-loss,18,im-object-015,2,3,0
Fixed-3,progressive:until-loss,18,im-object-016,2,3,0
Fixed-3,progressive:until-loss,18,im-object-017,2,3,0
Fixed-3,progressive:until-loss,18,im-object-018,2,3,0
Fixed-3,progressive:until-loss,18,im-object-019,2,3,0
Fixed-3,progressive:until-loss,18,im-object-020,2,3,0
Fixed-3,progressive:until-loss,18,im-object-021,2,3,0
Fixed-3,progressive:until-loss,18,im-object-022,2,3,0
Fixed-3,progressive:until-loss,18,im-object-023,2,3,0
Fixed-3,progressive:until-loss,18,im-object-024,2,3,0
Fixed-3,progressive:until-loss,18,im-object-025,2,3,0
Fixed-3,progressive:until-loss,18,im-object-026,2,3,0
Fixed-3,progressive:until-loss,18,im-object-027,2,3,0
Fixed-3,progressive:until-loss,18,im-object-028,2,3,0
Fixed-3,progressive:until-loss,18,im-object-029,2,3,0
Fixed-3,progressive:until-loss,18,im-object-030,2,3,0
Fixed-3,progressive:until-loss,18,im-object-031,2,3,0
Fixed-3,progressive:until-loss,18,im-object-032,2,3,0
Fixed-3,progressive:until-loss,18,im-object-033,2,3,0
Fixed-3,progressive:until-loss,18,im-object-034,2,3,0
Fixed-3,progressive:until-loss,18,im-object-035,2,3,0
Fixed-3,progressive:until-loss,18,im-object-036,2,3,0
Fixed-3,progressive:until-loss,18,im-object-037,2,3,0
Fixed-3,progressive:until-loss,18,im-object-038,2,3,0
Fixed-3,progressive:until-loss,18,im-object-039,2,3,0
Fixed-3,progressive:until-loss,18,im-object-040,2,3,0
Fixed-3,progressive:until-loss,18,im-object-041,2,3,0
Fixed-3,progressive:until-loss,18,im-object-042,2,3,0
Fixed-3,progressive:until-loss,18,im-object-043,2,3,0
Fixed-3,progressive:until-loss,18,im-object-044,2,3,0
Fixed-3,progressive:until-loss,18,im-object-045,2,3,0
Fixed-3,progressive:until-loss,18,im-object-046,2,3,0
Fixed-3,progressive:until-loss,18,im-object-047,2,3,0
Fixed-3,progressive:until-loss,18,im-object-048,2,3,0
Fixed-3,progressive:until-loss,18,im-object-049,2,3,0
Fixed-3,progressive:until-loss,18,im-object-050,2,3,0
Fixed-3,progressive:until-loss,18,im-object-051,2,3,0
Fixed-3,progressive:until-loss,18,im-object-052,2,3,0
Fixed-3,progressive:until-loss,18,im-object-053,2,3,0
Fixed-3,progressive:until-loss,18,im-object-054,2,3,0
Fixed-3,progressive:until-loss,18,im-object-055,2,3,0
Fixed-3,progressive:until-loss,18,im-object-056,2,3,0
Fixed-3,progressive:until-loss,18,im-object-057,2,3,0
Fixed-3,progressive:until-loss,19,im-object-001,2,3,0
Fixed-3,progressive:until-loss,19,im-object-002,2,3,0
Fixed-3,progressive:until-loss,19,im-object-003,2,3,0
Fixed-3,progressive:until-loss,19,im-object-004,2,3,0
Fixed-3,progressive:until-loss,19,im-object-005,2,3,0
Fixed-3,progressive:until-loss,19,im-object-006,2,3,0
Fixed-3,progressive:until-loss,19,im-object-007,2,3,0
Fixed-3,progressive:until-loss,19,im-object-008,2,3,0
Fixed-3,progressive:until-loss,19,im-object-009,2,3,0
Fixed-3,progressive:until-loss,19,im-object-010,2,3,0
Fixed-3,progressive:until-loss,19,im-object-011,2,3,0
Fixed-3,progressive:until-loss,19,im-object-012,2,3,0
Fixed-3,progressive:until-loss,19,im-object-013,2,3,0
Fixed-3,progressive:until-loss,19,im-object-014,2,3,0
Fixed-3,progressive:until-loss,19,im-object-015,2,3,0
Fixed-3,progressive:until-loss,19,im-object-016,2,3,0
Fixed-3,progressive:until-loss,19,im-object-017,2,3,0
Fixed-3,progressive:until-loss,19,im-object-018,2,3,0
Fixed-3,progressive:until-loss,19,im-object-019,2,3,0
Fixed-3,progressive:until-loss,19,im-object-020,2,3,0
Fixed-3,progressive:until-loss,19,im-object-021,2,3,0
Fixed-3,progressive:until-loss,19,im-object-022,2,3,0
Fixed-3,progressive:until-loss,19,im-object-023,2,3,0
Fixed-3,progressive:until-loss,19,im-object-024,2,3,0
Fixed-3,progressive:until-loss,19,im-object-025,2,3,0
Fixed-3,progressive:until-loss,19,im-object-026,2,3,0
Fixed-3,progressive:until-loss,19,im-object-027,2,3,0
Fixed-3,progressive:until-loss,19,im-object-028,2,3,0
Fixed-3,progressive:until-loss,19,im-object-029,2,3,0
Fixed-3,progressive:until-loss,19,im-object-030,2,3,0
Fixed-3,progressive:until-loss,19,im-object-031,2,3,0
Fixed-3,progressive:until-loss,19,im-object-032,2,3,0
Fixed-3,progressive:until-loss,19,im-object-033,2,3,0
Fixed-3,progressive:until-loss,19,im-object-034,2,3,0
Fixed-3,progressive:until-loss,19,im-object-035,2,3,0
Fixed-3,progressive:until-loss,19,im-object-036,2,3,0
Fixed-3,progressive:until-loss,19,im-object-037,2,3,0
Fixed-3,progressive:until-loss,19,im-object-038,2,3,0
Fixed-3,progressive:until-loss,19,im-object-039,2,3,0
Fixed-3,progressive:until-loss,19,im-object-040,2,3,0
Fixed-3,progressive:until-loss,19,im-object-041,2,3,0
Fixed-3,progressive:until-loss,19,im-object-042,2,3,0
Fixed-3,progressive:until-loss,19,im-object-043,2,3,0
Fixed-3,progressive:until-loss,19,im-object-044,2,3,0
Fixed-3,progressive:until-loss,19,im-object-045,2,3,0
Fixed-3,progressive:until-loss,19,im-object-046,2,3,0
Fixed-3,progressive:until-loss,19,im-object-047,2,3,0
Fixed-3,progressive:until-loss,19,im-object-048,2,3,0
Fixed-3,progressive:until-loss,19,im-object-049,2,3,0
Fixed-3,progressive:until-loss,19,im-object-050,2,3,0
Fixed-3,progressive:until-loss,19,im-object-051,2,3,0
Fixed-3,progressive:until-loss,19,im-object-052,2,3,0
Fixed-3,progressive:until-loss,19,im-object-053,2,3,0
Fixed-3,progressive:until-loss,19,im-object-054,2,3,0
Fixed-3,progressive:until-loss,19,im-object-055,2,3,0
Fixed-3,progressive:until-loss,19,im-object-056,2,3,0
Fixed-3,progressive:until-loss,19,im-object-057,2,3,0
Fixed-3,progressive:until-loss,20,im-object-001,2,3,0
Fixed-3,progressive:until-loss,20,im-object-002,2,3,0
Fixed-3,progressive:until-loss,20,im-object-003,2,3,0
Fixed-3,progressive:until-loss,20,im-object-004,2,3,0
Fixed-3,progressive:until-loss,20,im-object-005,2,3,0
Fixed-3,progressive:until-loss,20,im-object-006,2,3,0
Fixed-3,progressive:until-loss,20,im-object-007,2,3,0
Fixed-3,progressive:until-loss,20,im-object-008,2,3,0
Fixed-3,progressive:until-loss,20,im-object-009,2,3,0
Fixed-3,progressive:until-loss,20,im-object-010,2,3,0
Fixed-3,progressive:until-loss,20,im-object-011,2,3,0
Fixed-3,progressive:until-loss,20,im-object-012,2,3,0
Fixed-3,progressive:until-loss,20,im-object-013,2,3,0
Fixed-3,progressive:until-loss,20,im-object-014,2,3,0
Fixed-3,progressive:until-loss,20,im-object-015,2,3,0
Fixed-3,progressive:until-loss,20,im-object-016,2,3,0
Fixed-3,progressive:until-loss,20,im-object-017,2,3,0
Fixed-3,progressive:until-loss,20,im-object-018,2,3,0
Fixed-3,progressive:until-loss,20,im-object-019,2,3,0
Fixed-3,progressive:until-loss,20,im-object-020,2,3,0
Fixed-3,progressive:until-loss,20,im-object-021,2,3,0
Fixed-3,progressive:until-loss,20,im-object-022,2,3,0
Fixed-3,progressive:until-loss,20,im-object-023,2,3,0
Fixed-3,progressive:until-loss,20,im-object-024,2,3,0
Fixed-3,progressive:until-loss,20,im-object-025,2,3,0
Fixed-3,progressive:until-loss,20,im-object-026,2,3,0
Fixed-3,progressive:until-loss,20,im-object-027,2,3,0
Fixed-3,progressive:until-loss,20,im-object-028,2,3,0
Fixed-3,progressive:until-loss,20,im-object-029,2,3,0
Fixed-3,progressive:until-loss,20,im-object-030,2,3,0
Fixed-3,progressive:until-loss,20,im-object-031,2,3,0
Fixed-3,progressive:until-loss,20,im-object-032,2,3,0
Fixed-3,progressive:until-loss,20,im-object-033,2,3,0
Fixed-3,progressive:until-loss,20,im-object-034,2,3,0
Fixed-3,progressive:until-loss,20,im-object-035,2,3,0
Fixed-3,progressive:until-loss,20,im-object-036,2,3,0
Fixed-3,progressive:until-loss,20,im-object-037,2,3,0
Fixed-3,progressive:until-loss,20,im-object-038,2,3,0
Fixed-3,progressive:until-loss,20,im-object-039,2,3,0
Fixed-3,progressive:until-loss,20,im-object-040,2,3,0
Fixed-3,progressive:until-loss,20,im-object-041,2,3,0
Fixed-3,progressive:until-loss,20,im-object-042,2,3,0
Fixed-3,progressive:until-loss,20,im-object-043,2,3,0
Fixed-3,progressive:until-loss,20,im-object-044,2,3,0
Fixed-3,progressive:until-loss,20,im-object-045,2,3,0
Fixed-3,progressive:until-loss,20,im-object-046,2,3,0
Fixed-3,progressive:until-loss,20,im-object-047,2,3,0
Fixed-3,progressive:until-loss,20,im-object-048,2,3,0
Fixed-3,progressive:until-loss,20,im-object-049,2,3,0
Fixed-3,progressive:until-loss,20,im-object-050,2,3,0
Fixed-3,progressive:until-loss,20,im-object-051,2,3,0
Fixed-3,progressive:until-loss,20,im-object-052,2,3,0
Fixed-3,progressive:until-loss,20,im-object-053,2,3,0
Fixed-3,progressive:until-loss,20,im-object-054,2,3,0
Fixed-3,progressive:until-loss,20,im-object-055,2,3,0
Fixed-3,progressive:until-loss,20,im-object-056,2,3,0
Fixed-3,progressive:until-loss,20,im-object-057,2,3,0
Fixed-3,progressive:until-loss,21,im-object-001,2,3,0
Fixed-3,progressive:until-loss,21,im-object-002,2,3,0
Fixed-3,progressive:until-loss,21,im-object-003,2,3,0
Fixed-3,progressive:until-loss,21,im-object-004,2,3,0
Fixed-3,progressive:until-loss,21,im-object-005,2,3,0
Fixed-3,progressive:until-loss,21,im-object-006,2,3,0
Fixed-3,progressive:until-loss,21,im-object-007,2,3,0
Fixed-3,progressive:until-loss,21,im-object-008,2,3,0
Fixed-3,progressive:until-loss,21,im-object-009,2,3,0
Fixed-3,progressive:until-loss,21,im-object-010,2,3,0
Fixed-3,progressive:until-loss,21,im-object-011,2,3,0
Fixed-3,progressive:until-loss,21,im-object-012,2,3,0
Fixed-3,progressive:until-loss,21,im-object-013,2,3,0
Fixed-3,progressive:until-loss,21,im-object-014,2,3,0
Fixed-3,progressive:until-loss,21,im-object-015,2,3,0
Fixed-3,progressive:until-loss,21,im-object-016,2,3,0
Fixed-3,progressive:until-loss,21,im-object-017,2,3,0
Fixed-3,progressive:until-loss,21,im-object-018,2,3,0
Fixed-3,progressive:until-loss,21,im-object-019,2,3,0
Fixed-3,progressive:until-loss,21,im-object-020,2,3,0
Fixed-3,progressive:until-loss,21,im-object-021,2,3,0
Fixed-3,progressive:until-loss,21,im-object-022,2,3,0
Fixed-3,progressive:until-loss,21,im-object-023,2,3,0
Fixed-3,progressive:until-loss,21,im-object-024,2,3,0
Fixed-3,progressive:until-loss,21,im-object-025,2,3,0
Fixed-3,progressive:until-loss,21,im-object-026,2,3,0
Fixed-3,progressive:until-loss,21,im-object-027,2,3,0
Fixed-3,progressive:until-loss,21,im-object-028,2,3,0
Fixed-3,progressive:until-loss,21,im-object-029,2,3,0
Fixed-3,progressive:until-loss,21,im-object-030,2,3,0
Fixed-3,progressive:until-loss,21,im-object-031,2,3,0
Fixed-3,progressive:until-loss,21,im-object-032,2,3,0
Fixed-3,progressive:until-loss,21,im-object-033,2,3,0
Fixed-3,progressive:until-loss,21,im-object-034,2,3,0
Fixed-3,progressive:until-loss,21,im-object-035,2,3,0
Fixed-3,progressive:until-loss,21,im-object-036,2,3,0
Fixed-3,progressive:until-loss,21,im-object-037,2,3,0
Fixed-3,progressive:until-loss,21,im-object-038,2,3,0
Fixed-3,progressive:until-loss,21,im-object-039,2,3,0
Fixed-3,progressive:until-loss,21,im-object-040,2,3,0
Fixed-3,progressive:until-loss,21,im-object-041,2,3,0
Fixed-3,progressive:until-loss,21,im-object-042,2,3,0
Fixed-3,progressive:until-loss,21,im-object-043,2,3,0
Fixed-3,progressive:until-loss,21,im-object-044,2,3,0
Fixed-3,progressive:until-loss,21,im-object-045,2,3,0
Fixed-3,progressive:until-loss,21,im-object-046,2,3,0
Fixed-3,progressive:until-loss,21,im-object-047,2,3,0
Fixed-3,progressive:until-loss,21,im-object-048,2,3,0
Fixed-3,progressive:until-loss,21,im-object-049,2,3,0
Fixed-3,progressive:until-loss,21,im-object-050,2,3,0
Fixed-3,progressive:until-loss,21,im-object-051,2,3,0
Fixed-3,progressive:until-loss,21,im-object-052,2,3,0
Fixed-3,progressive:until-loss,21,im-object-053,2,3,0
Fixed-3,progressive:until-loss,21,im-object-054,2,3,0
Fixed-3,progressive:until-loss,21,im-object-055,2,3,0
Fixed-3,progressive:until-loss,21,im-object-056,2,3,0
Fixed-3,progressive:until-loss,21,im-object-057,2,3,0
Fixed-3,progressive:until-loss,22,im-object-001,2,3,0
Fixed-3,progressive:until-loss,22,im-object-002,2,3,0
Fixed-3,progressive:until-loss,22,im-object-003,2,3,0
Fixed-3,progressive:until-loss,22,im-object-004,2,3,0
Fixed-3,progressive:until-loss,22,im-object-005,2,3,0
Fixed-3,progressive:until-loss,22,im-object-006,2,3,0
Fixed-3,progressive:until-loss,22,im-object-007,2,3,0
Fixed-3,progressive:until-loss,22,im-object-008,2,3,0
Fixed-3,progressive:until-loss,22,im-object-009,2,3,0
Fixed-3,progressive:until-loss,22,im-object-010,2,3,0
Fixed-3,progressive:until-loss,22,im-object-011,2,3,0
Fixed-3,progressive:until-loss,22,im-object-012,2,3,0
Fixed-3,progressive:until-loss,22,im-object-013,2,3,0
Fixed-3,progressive:until-loss,22,im-object-014,2,3,0
Fixed-3,progressive:until-loss,22,im-object-015,2,3,0
Fixed-3,progressive:until-loss,22,im-object-016,2,3,0
Fixed-3,progressive:until-loss,22,im-object-017,2,3,0
Fixed-3,progressive:until-loss,22,im-object-018,2,3,0
Fixed-3,progressive:until-loss,22,im-object-019,2,3,0
Fixed-3,progressive:until-loss,22,im-object-020,2,3,0
Fixed-3,progressive:until-loss,22,im-object-021,2,3,0
Fixed-3,progressive:until-loss,22,im-object-022,2,3,0
Fixed-3,progressive:until-loss,22,im-object-023,2,3,0
Fixed-3,progressive:until-loss,22,im-object-024,2,3,0
Fixed-3,progressive:until-loss,22,im-object-025,2,3,0
Fixed-3,progressive:until-loss,22,im-object-026,2,3,0
Fixed-3,progressive:until-loss,22,im-object-027,2,3,0
Fixed-3,progressive:until-loss,22,im-object-028,2,3,0
Fixed-3,progressive:until-loss,22,im-object-029,2,3,0
Fixed-3,progressive:until-loss,22,im-object-030,2,3,0
Fixed-3,progressive:until-loss,22,im-object-031,2,3,0
Fixed-3,progressive:until-loss,22,im-object-032,2,3,0
Fixed-3,progressive:until-loss,22,im-object-033,2,3,0
Fixed-3,progressive:until-loss,22,im-object-034,2,3,0
Fixed-3,progressive:until-loss,22,im-object-035,2,3,0
Fixed-3,progressive:until-loss,22,im-object-036,2,3,0
Fixed-3,progressive:until-loss,22,im-object-037,2,3,0
Fixed-3,progressive:until-loss,22,im-object-038,2,3,0
Fixed-3,progressive:until-loss,22,im-object-039,2,3,0
Fixed-3,progressive:until-loss,22,im-object-040,2,3,0
Fixed-3,progressive:until-loss,22,im-object-041,2,3,0
Fixed-3,progressive:until-loss,22,im-object-042,2,3,0
Fixed-3,progressive:until-loss,22,im-object-043,2,3,0
Fixed-3,progressive:until-loss,22,im-object-044,2,3,0
Fixed-3,progressive:until-loss,22,im-object-045,2,3,0
Fixed-3,progressive:until-loss,22,im-object-046,2,3,0
Fixed-3,progressive:until-loss,22,im-object-047,2,3,0
Fixed-3,progressive:until-loss,22,im-object-048,2,3,0
Fixed-3,progressive:until-loss,22,im-object-049,2,3,0
Fixed-3,progressive:until-loss,22,im-object-050,2,3,0
Fixed-3,progressive:until-loss,22,im-object-051,2,3,0
Fixed-3,progressive:until-loss,22,im-object-052,2,3,0
Fixed-3,progressive:until-loss,22,im-object-053,2,3,0
Fixed-3,progressive:until-loss,22,im-object-054,2,3,0
Fixed-3,progressive:until-loss,22,im-object-055,2,3,0
Fixed-3,progressive:until-loss,22,im-object-056,2,3,0
Fixed-3,progressive:until-loss,22,im-object-057,2,3,0
Fixed-3,progressive:until-loss,23,im-object-001,2,3,0
Fixed-3,progressive:until-loss,23,im-object-002,2,3,0
Fixed-3,progressive:until-loss,23,im-object-003,2,3,0
Fixed-3,progressive:until-loss,23,im-object-004,2,3,0
Fixed-3,progressive:until-loss,23,im-object-005,2,3,0
Fixed-3,progressive:until-loss,23,im-object-006,2,3,0
Fixed-3,progressive:until-loss,23,im-object-007,2,3,0
Fixed-3,progressive:until-loss,23,im-object-008,2,3,0
Fixed-3,progressive:until-loss,23,im-object-009,2,3,0
Fixed-3,progressive:until-loss,23,im-object-010,2,3,0
Fixed-3,progressive:until-loss,23,im-object-011,2,3,0
Fixed-3,progressive:until-loss,23,im-object-012,2,3,0
Fixed-3,progressive:until-loss,23,im-object-013,2,3,0
Fixed-3,progressive:until-loss,23,im-object-014,2,3,0
Fixed-3,progressive:until-loss,23,im-object-015,2,3,0
Fixed-3,progressive:until-loss,23,im-object-016,2,3,0
Fixed-3,progressive:until-loss,23,im-object-017,2,3,0
Fixed-3,progressive:until-loss,23,im-object-018,2,3,0
Fixed-3,progressive:until-loss,23,im-object-019,2,3,0
Fixed-3,progressive:until-loss,23,im-object-020,2,3,0
Fixed-3,progressive:until-loss,23,im-object-021,2,3,0
Fixed-3,progressive:until-loss,23,im-object-022,2,3,0
Fixed-3,progressive:until-loss,23,im-object-023,2,3,0
Fixed-3,progressive:until-loss,23,im-object-024,2,3,0
Fixed-3,progressive:until-loss,23,im-object-025,2,3,0
Fixed-3,progressive:until-loss,23,im-object-026,2,3,0
Fixed-3,progressive:until-loss,23,im-object-027,2,3,0
Fixed-3,progressive:until-loss,23,im-object-028,2,3,0
Fixed-3,progressive:until-loss,23,im-object-029,2,3,0
Fixed-3,progressive:until-loss,23,im-object-030,2,3,0
Fixed-3,progressive:until-loss,23,im-object-031,2,3,0
Fixed-3,progressive:until-loss,23,im-object-032,2,3,0
Fixed-3,progressive:until-loss,23,im-object-033,2,3,0
Fixed-3,progressive:until-loss,23,im-object-034,2,3,0
Fixed-3,progressive:until-loss,23,im-object-035,2,3,0
Fixed-3,progressive:until-loss,23,im-object-036,2,3,0
Fixed-3,progressive:until-loss,23,im-object-037,2,3,0
Fixed-3,progressive:until-loss,23,im-object-038,2,3,0
Fixed-3,progressive:until-loss,23,im-object-039,2,3,0
Fixed-3,progressive:until-loss,23,im-object-040,2,3,0
Fixed-3,progressive:until-loss,23,im-object-041,2,3,0
Fixed-3,progressive:until-loss,23,im-object-042,2,3,0
Fixed-3,progressive:until-loss,23,im-object-043,2,3,0
Fixed-3,progressive:until-loss,23,im-object-044,2,3,0
Fixed-3,progressive:until-loss,23,im-object-045,2,3,0
Fixed-3,progressive:until-loss,23,im-object-046,2,3,0
Fixed-3,progressive:until-loss,23,im-object-047,2,3,0
Fixed-3,progressive:until-loss,23,im-object-048,2,3,0
Fixed-3,progressive:until-loss,23,im-object-049,2,3,0
Fixed-3,progressive:until-loss,23,im-object-050,2,3,0
Fixed-3,progressive:until-loss,23,im-object-051,2,3,0
Fixed-3,progressive:until-loss,23,im-object-052,2,3,0
Fixed-3,progressive:until-loss,23,im-object-053,2,3,0
Fixed-3,progressive:until-loss,23,im-object-054,2,3,0
Fixed-3,progressive:until-loss,23,im-object-055,2,3,0
Fixed-3,progressive:until-loss,23,im-object-056,2,3,0
Fixed-3,progressive:until-loss,23,im-object-057,2,3,0
Fixed-3,progressive:until-loss,24,im-object-001,2,3,0
Fixed-3,progressive:until-loss,24,im-object-002,2,3,0
Fixed-3,progressive:until-loss,24,im-object-003,2,3,0
Fixed-3,progressive:until-loss,24,im-object-004,2,3,0
Fixed-3,progressive:until-loss,24,im-object-005,2,3,0
Fixed-3,progressive:until-loss,24,im-object-006,2,3,0
Fixed-3,progressive:until-loss,24,im-object-007,2,3,0
Fixed-3,progressive:until-loss,24,im-object-008,2,3,0
Fixed-3,progressive:until-loss,24,im-object-009,2,3,0
Fixed-3,progressive:until-loss,24,im-object-010,2,3,0
Fixed-3,progressive:until-loss,24,im-object-011,2,3,0
Fixed-3,progressive:until-loss,24,im-object-012,2,3,0
Fixed-3,progressive:until-loss,24,im-object-013,2,3,0
Fixed-3,progressive:until-loss,24,im-object-014,2,3,0
Fixed-3,progressive:until-loss,24,im-object-015,2,3,0
Fixed-3,progressive:until-loss,24,im-object-016,2,3,0
Fixed-3,progressive:until-loss,24,im-object-017,2,3,0
Fixed-3,progressive:until-loss,24,im-object-018,2,3,0
Fixed-3,progressive:until-loss,24,im-object-019,2,3,0
Fixed-3,progressive:until-loss,24,im-object-020,2,3,0
Fixed-3,progressive:until-loss,24,im-object-021,2,3,0
Fixed-3,progressive:until-loss,24,im-object-022,2,3,0
Fixed-3,progressive:until-loss,24,im-object-023,2,3,0
Fixed-3,progressive:until-loss,24,im-object-024,2,3,0
Fixed-3,progressive:until-loss,24,im-object-025,2,3,0
Fixed-3,progressive:until-loss,24,im-object-026,2,3,0
Fixed-3,progressive:until-loss,24,im-object-027,2,3,0
Fixed-3,progressive:until-loss,24,im-object-028,2,3,0
Fixed-3,progressive:until-loss,24,im-object-029,2,3,0
Fixed-3,progressive:until-loss,24,im-object-030,2,3,0
Fixed-3,progressive:until-loss,24,im-object-031,2,3,0
Fixed-3,progressive:until-loss,24,im-object-032,2,3,0
Fixed-3,progressive:until-loss,24,im-object-033,2,3,0
Fixed-3,progressive:until-loss,24,im-object-034,2,3,0
Fixed-3,progressive:until-loss,24,im-object-035,2,3,0
Fixed-3,progressive:until-loss,24,im-object-036,2,3,0
Fixed-3,progressive:until-loss,24,im-object-037,2,3,0
Fixed-3,progressive:until-loss,24,im-object-038,2,3,0
Fixed-3,progressive:until-loss,24,im-object-039,2,3,0
Fixed-3,progressive:until-loss,24,im-object-040,2,3,0
Fixed-3,progressive:until-loss,24,im-object-041,2,3,0
Fixed-3,progressive:until-loss,24,im-object-042,2,3,0
Fixed-3,progressive:until-loss,24,im-object-043,2,3,0
Fixed-3,progressive:until-loss,24,im-object-044,2,3,0
Fixed-3,progressive:until-loss,24,im-object-045,2,3,0
Fixed-3,progressive:until-loss,24,im-object-046,2,3,0
Fixed-3,progressive:until-loss,24,im-object-047,2,3,0
Fixed-3,progressive:until-loss,24,im-object-048,2,3,0
Fixed-3,progressive:until-loss,24,im-object-049,2,3,0
Fixed-3,progressive:until-loss,24,im-object-050,2,3,0
Fixed-3,progressive:until-loss,24,im-object-051,2,3,0
Fixed-3,progressive:until-loss,24,im-object-052,2,3,0
Fixed-3,progressive:until-loss,24,im-object-053,2,3,0
Fixed-3,progressive:until-loss,24,im-object-054,2,3,0
Fixed-3,progressive:until-loss,24,im-object-055,2,3,0
Fixed-3,progressive:until-loss,24,im-object-056,2,3,0
Fixed-3,progressive:until-loss,24,im-object-057,2,3,0
Fixed-3,progressive:until-loss,25,im-object-001,2,3,0
Fixed-3,progressive:until-loss,25,im-object-002,2,3,0
Fixed-3,progressive:until-loss,25,im-object-003,2,3,0
Fixed-3,progressive:until-loss,25,im-object-004,2,3,0
Fixed-3,progressive:until-loss,25,im-object-005,2,3,0
Fixed-3,progressive:until-loss,25,im-object-006,2,3,0
Fixed-3,progressive:until-loss,25,im-object-007,2,3,0
Fixed-3,progressive:until-loss,25,im-object-008,2,3,0
Fixed-3,progressive:until-loss,25,im-object-009,2,3,0
Fixed-3,progressive:until-loss,25,im-object-010,2,3,0
Fixed-3,progressive:until-loss,25,im-object-011,2,3,0
Fixed-3,progressive:until-loss,25,im-object-012,2,3,0
Fixed-3,progressive:until-loss,25,im-object-013,2,3,0
Fixed-3,progressive:until-loss,25,im-object-014,2,3,0
Fixed-3,progressive:until-loss,25,im-object-015,2,3,0
Fixed-3,progressive:until-loss,25,im-object-016,2,3,0
Fixed-3,progressive:until-loss,25,im-object-017,2,3,0
Fixed-3,progressive:until-loss,25,im-object-018,2,3,0
Fixed-3,progressive:until-loss,25,im-object-019,2,3,0
Fixed-3,progressive:until-loss,25,im-object-020,2,3,0
Fixed-3,progressive:until-loss,25,im-object-021,2,3,0
Fixed-3,progressive:until-loss,25,im-object-022,2,3,0
Fixed-3,progressive:until-loss,25,im-object-023,2,3,0
Fixed-3,progressive:until-loss,25,im-object-024,2,3,0
Fixed-3,progressive:until-loss,25,im-object-025,2,3,0
Fixed-3,progressive:until-loss,25,im-object-026,2,3,0
Fixed-3,progressive:until-loss,25,im-object-027,2,3,0
Fixed-3,progressive:until-loss,25,im-object-028,2,3,0
Fixed-3,progressive:until-loss,25,im-object-029,2,3,0
Fixed-3,progressive:until-loss,25,im-object-030,2,3,0
Fixed-3,progressive:until-loss,25,im-object-031,2,3,0
Fixed-3,progressive:until-loss,25,im-object-032,2,3,0
Fixed-3,progressive:until-loss,25,im-object-033,2,3,0
Fixed-3,progressive:until-loss,25,im-object-034,2,3,0
Fixed-3,progressive:until-loss,25,im-object-035,2,3,0
Fixed-3,progressive:until-loss,25,im-object-036,2,3,0
Fixed-3,progressive:until-loss,25,im-object-037,2,3,0
Fixed-3,progressive:until-loss,25,im-object-038,2,3,0
Fixed-3,progressive:until-loss,25,im-object-039,2,3,0
Fixed-3,progressive:until-loss,25,im-object-040,2,3,0
Fixed-3,progressive:until-loss,25,im-object-041,2,3,0
Fixed-3,progressive:until-loss,25,im-object-042,2,3,0
Fixed-3,progressive:until-loss,25,im-object-043,2,3,0
Fixed-3,progressive:until-loss,25,im-object-044,2,3,0
Fixed-3,progressive:until-loss,25,im-object-045,2,3,0
Fixed-3,progressive:until-loss,25,im-object-046,2,3,0
Fixed-3,progressive:until-loss,25,im-object-047,2,3,0
Fixed-3,progressive:until-loss,25,im-object-048,2,3,0
Fixed-3,progressive:until-loss,25,im-object-049,2,3,0
Fixed-3,progressive:until-loss,25,im-object-050,2,3,0
Fixed-3,progressive:until-loss,25,im-object-051,2,3,0
Fixed-3,progressive:until-loss,25,im-object-052,2,3,0
Fixed-3,progressive:until-loss,25,im-object-053,2,3,0
Fixed-3,progressive:until-loss,25,im-object-054,2,3,0
Fixed-3,progressive:until-loss,25,im-object-055,2,3,0
Fixed-3,progressive:until-loss,25,im-object-056,2,3,0
Fixed-3,progressive:until-loss,25,im-object-057,2,3,0
Fixed-3,progressive:until-loss,26,im-object-001,2,3,0
Fixed-3,progressive:until-loss,26,im-object-002,2,3,0
Fixed-3,progressive:until-loss,26,im-object-003,2,3,0
Fixed-3,progressive:until-loss,26,im-object-004,2,3,0
Fixed-3,progressive:until-loss,26,im-object-005,2,3,0
Fixed-3,progressive:until-loss,26,im-object-006,2,3,0
Fixed-3,progressive:until-loss,26,im-object-007,2,3,0
Fixed-3,progressive:until-loss,26,im-object-008,2,3,0
Fixed-3,progressive:until-loss,26,im-object-009,2,3,0
Fixed-3,progressive:until-loss,26,im-object-010,2,3,0
Fixed-3,progressive:until-loss,26,im-object-011,2,3,0
Fixed-3,progressive:until-loss,26,im-object-012,2,3,0
Fixed-3,progressive:until-loss,26,im-object-013,2,3,0
Fixed-3,progressive:until-loss,26,im-object-014,2,3,0
Fixed-3,progressive:until-loss,26,im-object-015,2,3,0
Fixed-3,progressive:until-loss,26,im-object-016,2,3,0
Fixed-3,progressive:until-loss,26,im-object-017,2,3,0
Fixed-3,progressive:until-loss,26,im-object-018,2,3,0
Fixed-3,progressive:until-loss,26,im-object-019,2,3,0
Fixed-3,progressive:until-loss,26,im-object-020,2,3,0
Fixed-3,progressive:until-loss,26,im-object-021,2,3,0
Fixed-3,progressive:until-loss,26,im-object-022,2,3,0
Fixed-3,progressive:until-loss,26,im-object-023,2,3,0
Fixed-3,progressive:until-loss,26,im-object-024,2,3,0
Fixed-3,progressive:until-loss,26,im-object-025,2,3,0
Fixed-3,progressive:until-loss,26,im-object-026,2,3,0
Fixed-3,progressive:until-loss,26,im-object-027,2,3,0
Fixed-3,progressive:until-loss,26,im-object-028,2,3,0
Fixed-3,progressive:until-loss,26,im-object-029,2,3,0
Fixed-3,progressive:until-loss,26,im-object-030,2,3,0
Fixed-3,progressive:until-loss,26,im-object-031,2,3,0
Fixed-3,progressive:until-loss,26,im-object-032,2,3,0
Fixed-3,progressive:until-loss,26,im-object-033,2,3,0
Fixed-3,progressive:until-loss,26,im-object-034,2,3,0
Fixed-3,progressive:until-loss,26,im-object-035,2,3,0
Fixed-3,progressive:until-loss,26,im-object-036,2,3,0
Fixed-3,progressive:until-loss,26,im-object-037,2,3,0
Fixed-3,progressive:until-loss,26,im-object-038,2,3,0
Fixed-3,progressive:until-loss,26,im-object-039,2,3,0
Fixed-3,progressive:until-loss,26,im-object-040,2,3,0
Fixed-3,progressive:until-loss,26,im-object-041,2,3,0
Fixed-3,progressive:until-loss,26,im-object-042,2,3,0
Fixed-3,progressive:until-loss,26,im-object-043,2,3,0
Fixed-3,progressive:until-loss,26,im-object-044,2,3,0
Fixed-3,progressive:until-loss,26,im-object-045,2,3,0
Fixed-3,progressive:until-loss,26,im-object-046,2,3,0
Fixed-3,progressive:until-loss,26,im-object-047,2,3,0
Fixed-3,progressive:until-loss,26,im-object-048,2,3,0
Fixed-3,progressive:until-loss,26,im-object-049,2,3,0
Fixed-3,progressive:until-loss,26,im-object-050,2,3,0
Fixed-3,progressive:until-loss,26,im-object-051,2,3,0
Fixed-3,progressive:until-loss,26,im-object-052,2,3,0
Fixed-3,progressive:until-loss,26,im-object-053,2,3,0
Fixed-3,progressive:until-loss,26,im-object-054,2,3,0
Fixed-3,progressive:until-loss,26,im-object-055,2,3,0
Fixed-3,progressive:until-loss,26,im-object-056,2,3,0
Fixed-3,progressive:until-loss,26,im-object-057,2,3,0
Fixed-3,progressive:until-loss,27,im-object-001,2,3,0
Fixed-3,progressive:until-loss,27,im-object-002,2,3,0
Fixed-3,progressive:until-loss,27,im-object-003,2,3,0
Fixed-3,progressive:until-loss,27,im-object-004,2,3,0
Fixed-3,progressive:until-loss,27,im-object-005,2,3,0
Fixed-3,progressive:until-loss,27,im-object-006,2,3,0
Fixed-3,progressive:until-loss,27,im-object-007,2,3,0
Fixed-3,progressive:until-loss,27,im-object-008,2,3,0
Fixed-3,progressive:until-loss,27,im-object-009,2,3,0
Fixed-3,progressive:until-loss,27,im-object-010,2,3,0
Fixed-3,progressive:until-loss,27,im-object-011,2,3,0
Fixed-3,progressive:until-loss,27,im-object-012,2,3,0
Fixed-3,progressive:until-loss,27,im-object-013,2,3,0
Fixed-3,progressive:until-loss,27,im-object-014,2,3,0
Fixed-3,progressive:until-loss,27,im-object-015,2,3,0
Fixed-3,progressive:until-loss,27,im-object-016,2,3,0
Fixed-3,progressive:until-loss,27,im-object-017,2,3,0
Fixed-3,progressive:until-loss,27,im-object-018,2,3,0
Fixed-3,progressive:until-loss,27,im-object-019,2,3,0
Fixed-3,progressive:until-loss,27,im-object-020,2,3,0
Fixed-3,progressive:until-loss,27,im-object-021,2,3,0
Fixed-3,progressive:until-loss,27,im-object-022,2,3,0
Fixed-3,progressive:until-loss,27,im-object-023,2,3,0
Fixed-3,progressive:until-loss,27,im-object-024,2,3,0
Fixed-3,progressive:until-loss,27,im-object-025,2,3,0
Fixed-3,progressive:until-loss,27,im-object-026,2,3,0
Fixed-3,progressive:until-loss,27,im-object-027,2,3,0
Fixed-3,progressive:until-loss,27,im-object-028,2,3,0
Fixed-3,progressive:until-loss,27,im-object-029,2,3,0
Fixed-3,progressive:until-loss,27,im-object-030,2,3,0
Fixed-3,progressive:until-loss,27,im-object-031,2,3,0
Fixed-3,progressive:until-loss,27,im-object-032,2,3,0
Fixed-3,progressive:until-loss,27,im-object-033,2,3,0
Fixed-3,progressive:until-loss,27,im-object-034,2,3,0
Fixed-3,progressive:until-loss,27,im-object-035,2,3,0
Fixed-3,progressive:until-loss,27,im-object-036,2,3,0
Fixed-3,progressive:until-loss,27,im-object-037,2,3,0
Fixed-3,progressive:until-loss,27,im-object-038,2,3,0
Fixed-3,progressive:until-loss,27,im-object-039,2,3,0
Fixed-3,progressive:until-loss,27,im-object-040,2,3,0
Fixed-3,progressive:until-loss,27,im-object-041,2,3,0
Fixed-3,progressive:until-loss,27,im-object-042,2,3,0
Fixed-3,progressive:until-loss,27,im-object-043,2,3,0
Fixed-3,progressive:until-loss,27,im-object-044,2,3,0
Fixed-3,progressive:until-loss,27,im-object-045,2,3,0
Fixed-3,progressive:until-loss,27,im-object-046,2,3,0
Fixed-3,progressive:until-loss,27,im-object-047,2,3,0
Fixed-3,progressive:until-loss,27,im-object-048,2,3,0
Fixed-3,progressive:until-loss,27,im-object-049,2,3,0
Fixed-3,progressive:until-loss,27,im-object-050,2,3,0
Fixed-3,progressive:until-loss,27,im-object-051,2,3,0
Fixed-3,progressive:until-loss,27,im-object-052,2,3,0
Fixed-3,progressive:until-loss,27,im-object-053,2,3,0
Fixed-3,progressive:until-loss,27,im-object-054,2,3,0
Fixed-3,progressive:until-loss,27,im-object-055,2,3,0
Fixed-3,progressive:until-loss,27,im-object-056,2,3,0
Fixed-3,progressive:until-loss,27,im-object-057,2,3,0
Fixed-3,progressive:until-loss,28,im-object-001,2,3,0
Fixed-3,progressive:until-loss,28,im-object-002,2,3,0
Fixed-3,progressive:until-loss,28,im-object-003,2,3,0
Fixed-3,progressive:until-loss,28,im-object-004,2,3,0
Fixed-3,progressive:until-loss,28,im-object-005,2,3,0
Fixed-3,progressive:until-loss,28,im-object-006,2,3,0
Fixed-3,progressive:until-loss,28,im-object-007,2,3,0
Fixed-3,progressive:until-loss,28,im-object-008,2,3,0
Fixed-3,progressive:until-loss,28,im-object-009,2,3,0
Fixed-3,progressive:until-loss,28,im-object-010,2,3,0
Fixed-3,progressive:until-loss,28,im-object-011,2,3,0
Fixed-3,progressive:until-loss,28,im-object-012,2,3,0
Fixed-3,progressive:until-loss,28,im-object-013,2,3,0
Fixed-3,progressive:until-loss,28,im-object-014,2,3,0
Fixed-3,progressive:until-loss,28,im-object-015,2,3,0
Fixed-3,progressive:until-loss,28,im-object-016,2,3,0
Fixed-3,progressive:until-loss,28,im-object-017,2,3,0
Fixed-3,progressive:until-loss,28,im-object-018,2,3,0
Fixed-3,progressive:until-loss,28,im-object-019,2,3,0
Fixed-3,progressive:until-loss,28,im-object-020,2,3,0
Fixed-3,progressive:until-loss,28,im-object-021,2,3,0
Fixed-3,progressive:until-loss,28,im-object-022,2,3,0
Fixed-3,progressive:until-loss,28,im-object-023,2,3,0
Fixed-3,progressive:until-loss,28,im-object-024,2,3,0
Fixed-3,progressive:until-loss,28,im-object-025,2,3,0
Fixed-3,progressive:until-loss,28,im-object-026,2,3,0
Fixed-3,progressive:until-loss,28,im-object-027,2,3,0
Fixed-3,progressive:until-loss,28,im-object-028,2,3,0
Fixed-3,progressive:until-loss,28,im-object-029,2,3,0
Fixed-3,progressive:until-loss,28,im-object-030,2,3,0
Fixed-3,progressive:until-loss,28,im-object-031,2,3,0
Fixed-3,progressive:until-loss,28,im-object-032,2,3,0
Fixed-3,progressive:until-loss,28,im-object-033,2,3,0
Fixed-3,progressive:until-loss,28,im-object-034,2,3,0
Fixed-3,progressive:until-loss,28,im-object-035,2,3,0
Fixed-3,progressive:until-loss,28,im-object-036,2,3,0
Fixed-3,progressive:until-loss,28,im-object-037,2,3,0
Fixed-3,progressive:until-loss,28,im-object-038,2,3,0
Fixed-3,progressive:until-loss,28,im-object-039,2,3,0
Fixed-3,progressive:until-loss,28,im-object-040,2,3,0
Fixed-3,progressive:until-loss,28,im-object-041,2,3,0
Fixed-3,progressive:until-loss,28,im-object-042,2,3,0
Fixed-3,progressive:until-loss,28,im-object-043,2,3,0
Fixed-3,progressive:until-loss,28,im-object-044,2,3,0
Fixed-3,progressive:until-loss,28,im-object-045,2,3,0
Fixed-3,progressive:until-loss,28,im-object-046,2,3,0
Fixed-3,progressive:until-loss,28,im-object-047,2,3,0
Fixed-3,progressive:until-loss,28,im-object-048,2,3,0
Fixed-3,progressive:until-loss,28,im-object-049,2,3,0
Fixed-3,progressive:until-loss,28,im-object-050,2,3,0
Fixed-3,progressive:until-loss,28,im-object-051,2,3,0
Fixed-3,progressive:until-loss,28,im-object-052,2,3,0
Fixed-3,progressive:until-loss,28,im-object-053,2,3,0
Fixed-3,progressive:until-loss,28,im-object-054,2,3,0
Fixed-3,progressive:until-loss,28,im-object-055,2,3,0
Fixed-3,progressive:until-loss,28,im-object-056,2,3,0
Fixed-3,progressive:until-loss,28,im-object-057,2,3,0
Fixed-3,progressive:until-loss,29,im-object-001,2,3,0
Fixed-3,progressive:until-loss,29,im-object-002,2,3,0
Fixed-3,progressive:until-loss,29,im-object-003,2,3,0
Fixed-3,progressive:until-loss,29,im-object-004,2,3,0
Fixed-3,progressive:until-loss,29,im-object-005,2,3,0
Fixed-3,progressive:until-loss,29,im-object-006,2,3,0
Fixed-3,progressive:until-loss,29,im-object-007,2,3,0
Fixed-3,progressive:until-loss,29,im-object-008,2,3,0
Fixed-3,progressive:until-loss,29,im-object-009,2,3,0
Fixed-3,progressive:until-loss,29,im-object-010,2,3,0
Fixed-3,progressive:until-loss,29,im-object-011,2,3,0
Fixed-3,progressive:until-loss,29,im-object-012,2,3,0
Fixed-3,progressive:until-loss,29,im-object-013,2,3,0
Fixed-3,progressive:until-loss,29,im-object-014,2,3,0
Fixed-3,progressive:until-loss,29,im-object-015,2,3,0
Fixed-3,progressive:until-loss,29,im-object-016,2,3,0
Fixed-3,progressive:until-loss,29,im-object-017,2,3,0
Fixed-3,progressive:until-loss,29,im-object-018,2,3,0
Fixed-3,progressive:until-loss,29,im-object-019,2,3,0
Fixed-3,progressive:until-loss,29,im-object-020,2,3,0
Fixed-3,progressive:until-loss,29,im-object-021,2,3,0
Fixed-3,progressive:until-loss,29,im-object-022,2,3,0
Fixed-3,progressive:until-loss,29,im-object-023,2,3,0
Fixed-3,progressive:until-loss,29,im-object-024,2,3,0
Fixed-3,progressive:until-loss,29,im-object-025,2,3,0
Fixed-3,progressive:until-loss,29,im-object-026,2,3,0
Fixed-3,progressive:until-loss,29,im-object-027,2,3,0
Fixed-3,progressive:until-loss,29,im-object-028,2,3,0
Fixed-3,progressive:until-loss,29,im-object-029,2,3,0
Fixed-3,progressive:until-loss,29,im-object-030,2,3,0
Fixed-3,progressive:until-loss,29,im-object-031,2,3,0
Fixed-3,progressive:until-loss,29,im-object-032,2,3,0
Fixed-3,progressive:until-loss,29,im-object-033,2,3,0
Fixed-3,progressive:until-loss,29,im-object-034,2,3,0
Fixed-3,progressive:until-loss,29,im-object-035,2,3,0
Fixed-3,progressive:until-loss,29,im-object-036,2,3,0
Fixed-3,progressive:until-loss,29,im-object-037,2,3,0
Fixed-3,progressive:until-loss,29,im-object-038,2,3,0
Fixed-3,progressive:until-loss,29,im-object-039,2,3,0
Fixed-3,progressive:until-loss,29,im-object-040,2,3,0
Fixed-3,progressive:until-loss,29,im-object-041,2,3,0
Fixed-3,progressive:until-loss,29,im-object-042,2,3,0
Fixed-3,progressive:until-loss,29,im-object-043,2,3,0
Fixed-3,progressive:until-loss,29,im-object-044,2,3,0
Fixed-3,progressive:until-loss,29,im-object-045,2,3,0
Fixed-3,progressive:until-loss,29,im-object-046,2,3,0
Fixed-3,progressive:until-loss,29,im-object-047,2,3,0
Fixed-3,progressive:until-loss,29,im-object-048,2,3,0
Fixed-3,progressive:until-loss,29,im-object-049,2,3,0
Fixed-3,progressive:until-loss,29,im-object-050,2,3,0
Fixed-3,progressive:until-loss,29,im-object-051,2,3,0
Fixed-3,progressive:until-loss,29,im-object-052,2,3,0
Fixed-3,progressive:until-loss,29,im-object-053,2,3,0
Fixed-3,progressive:until-loss,29,im-object-054,2,3,0
Fixed-3,progressive:until-loss,29,im-object-055,2,3,0
Fixed-3,progressive:until-loss,29,im-object-056,2,3,0
Fixed-3,progressive:until-loss,29,im-object-057,2,3,0
Fixed-3,progressive:until-loss,30,im-object-001,2,3,0
Fixed-3,progressive:until-loss,30,im-object-002,2,3,0
Fixed-3,progressive:until-loss,30,im-object-003,2,3,0
Fixed-3,progressive:until-loss,30,im-object-004,2,3,0
Fixed-3,progressive:until-loss,30,im-object-005,2,3,0
Fixed-3,progressive:until-loss,30,im-object-006,2,3,0
Fixed-3,progressive:until-loss,30,im-object-007,2,3,0
Fixed-3,progressive:until-loss,30,im-object-008,2,3,0
Fixed-3,progressive:until-loss,30,im-object-009,2,3,0
Fixed-3,progressive:until-loss,30,im-object-010,2,3,0
Fixed-3,progressive:until-loss,30,im-object-011,2,3,0
Fixed-3,progressive:until-loss,30,im-object-012,2,3,0
Fixed-3,progressive:until-loss,30,im-object-013,2,3,0
Fixed-3,progressive:until-loss,30,im-object-014,2,3,0
Fixed-3,progressive:until-loss,30,im-object-015,2,3,0
Fixed-3,progressive:until-loss,30,im-object-016,2,3,0
Fixed-3,progressive:until-loss,30,im-object-017,2,3,0
Fixed-3,progressive:until-loss,30,im-object-018,2,3,0
Fixed-3,progressive:until-loss,30,im-object-019,2,3,0
Fixed-3,progressive:until-loss,30,im-object-020,2,3,0
Fixed-3,progressive:until-loss,30,im-object-021,2,3,0
Fixed-3,progressive:until-loss,30,im-object-022,2,3,0
Fixed-3,progressive:until-loss,30,im-object-023,2,3,0
Fixed-3,progressive:until-loss,30,im-object-024,2,3,0
Fixed-3,progressive:until-loss,30,im-object-025,2,3,0
Fixed-3,progressive:until-loss,30,im-object-026,2,3,0
Fixed-3,progressive:until-loss,30,im-object-027,2,3,0
Fixed-3,progressive:until-loss,30,im-object-028,2,3,0
Fixed-3,progressive:until-loss,30,im-object-029,2,3,0
Fixed-3,progressive:until-loss,30,im-object-030,2,3,0
Fixed-3,progressive:until-loss,30,im-object-031,2,3,0
Fixed-3,progressive:until-loss,30,im-object-032,2,3,0
Fixed-3,progressive:until-loss,30,im-object-033,2,3,0
Fixed-3,progressive:until-loss,30,im-object-034,2,3,0
Fixed-3,progressive:until-loss,30,im-object-035,2,3,0
Fixed-3,progressive:until-loss,30,im-object-036,2,3,0
Fixed-3,progressive:until-loss,30,im-object-037,2,3,0
Fixed-3,progressive:until-loss,30,im-object-038,2,3,0
Fixed-3,progressive:until-loss,30,im-object-039,2,3,0
Fixed-3,progressive:until-loss,30,im-object-040,2,3,0
Fixed-3,progressive:until-loss,30,im-object-041,2,3,0
Fixed-3,progressive:until-loss,30,im-object-042,2,3,0
Fixed-3,progressive:until-loss,30,im-object-043,2,3,0
Fixed-3,progressive:until-loss,30,im-object-044,2,3,0
Fixed-3,progressive:until-loss,30,im-object-045,2,3,0
Fixed-3,progressive:until-loss,30,im-object-046,2,3,0
Fixed-3,progressive:until-loss,30,im-object-047,2,3,0
Fixed-3,progressive:until-loss,30,im-object-048,2,3,0
Fixed-3,progressive:until-loss,30,im-object-049,2,3,0
Fixed-3,progressive:until-loss,30,im-object-050,2,3,0
Fixed-3,progressive:until-loss,30,im-object-051,2,3,0
Fixed-3,progressive:until-loss,30,im-object-052,2,3,0
Fixed-3,progressive:until-loss,30,im-object-053,2,3,0
Fixed-3,progressive:until-loss,30,im-object-054,2,3,0
Fixed-3,progressive:until-loss,30,im-object-055,2,3,0
Fixed-3,progressive:until-loss,30,im-object-056,2,3,0
Fixed-3,progressive:until-loss,30,im-object-057,2,3,0
Fixed-5,progressive:until-loss,1,im-object-001,4,5,0
Fixed-5,progressive:until-loss,1,im-object-002,4,5,0
Fixed-5,progressive:until-loss,1,im-object-003,4,5,0
Fixed-5,progressive:until-loss,1,im-object-004,4,5,0
Fixed-5,progressive:until-loss,1,im-object-005,4,5,0
Fixed-5,progressive:until-loss,1,im-object-006,4,5,0
Fixed-5,progressive:until-loss,1,im-object-007,4,5,0
Fixed-5,progressive:until-loss,1,im-object-008,4,5,0
Fixed-5,progressive:until-loss,1,im-object-009,4,5,0
Fixed-5,progressive:until-loss,1,im-object-010,4,5,0
Fixed-5,progressive:until-loss,1,im-object-011,4,5,0
Fixed-5,progressive:until-loss,1,im-object-012,4,5,0
Fixed-5,progressive:until-loss,1,im-object-013,4,5,0
Fixed-5,progressive:until-loss,1,im-object-014,4,5,0
Fixed-5,progressive:until-loss,1,im-object-015,4,5,0
Fixed-5,progressive:until-loss,1,im-object-016,4,5,0
Fixed-5,progressive:until-loss,1,im-object-017,4,5,0
Fixed-5,progressive:until-loss,1,im-object-018,4,5,0
Fixed-5,progressive:until-loss,1,im-object-019,4,5,0
Fixed-5,progressive:until-loss,1,im-object-020,4,5,0
Fixed-5,progressive:until-loss,1,im-object-021,4,5,0
Fixed-5,progressive:until-loss,1,im-object-022,4,5,0
Fixed-5,progressive:until-loss,1,im-object-023,4,5,0
Fixed-5,progressive:until-loss,1,im-object-024,4,5,0
Fixed-5,progressive:until-loss,1,im-object-025,4,5,0
Fixed-5,progressive:until-loss,1,im-object-026,4,5,0
Fixed-5,progressive:until-loss,1,im-object-027,4,5,0
Fixed-5,progressive:until-loss,1,im-object-028,4,5,0
Fixed-5,progressive:until-loss,1,im-object-029,4,5,0
Fixed-5,progressive:until-loss,1,im-object-030,4,5,0
Fixed-5,progressive:until-loss,1,im-object-031,4,5,0
Fixed-5,progressive:until-loss,1,im-object-032,4,5,0
Fixed-5,progressive:until-loss,1,im-object-033,4,5,0
Fixed-5,progressive:until-loss,1,im-object-034,4,5,0
Fixed-5,progressive:until-loss,1,im-object-035,4,5,0
Fixed-5,progressive:until-loss,1,im-object-036,4,5,0
Fixed-5,progressive:until-loss,1,im-object-037,4,5,0
Fixed-5,progressive:until-loss,1,im-object-038,4,5,0
Fixed-5,progressive:until-loss,1,im-object-039,4,5,0
Fixed-5,progressive:until-loss,1,im-object-040,4,5,0
Fixed-5,progressive:until-loss,1,im-object-041,4,5,0
Fixed-5,progressive:until-loss,1,im-object-042,4,5,0
Fixed-5,progressive:until-loss,1,im-object-043,4,5,0
Fixed-5,progressive:until-loss,1,im-object-044,4,5,0
Fixed-5,progressive:until-loss,1,im-object-045,4,5,0
Fixed-5,progressive:until-loss,1,im-object-046,4,5,0
Fixed-5,progressive:until-loss,1,im-object-047,4,5,0
Fixed-5,progressive:until-loss,1,im-object-048,4,5,0
Fixed-5,progressive:until-loss,1,im-object-049,4,5,0
Fixed-5,progressive:until-loss,1,im-object-050,4,5,0
Fixed-5,progressive:until-loss,1,im-object-051,4,5,0
Fixed-5,progressive:until-loss,1,im-object-052,4,5,0
Fixed-5,progressive:until-loss,1,im-object-053,4,5,0
Fixed-5,progressive:until-loss,1,im-object-054,4,5,0
Fixed-5,progressive:until-loss,1,im-object-055,4,5,0
Fixed-5,progressive:until-loss,1,im-object-056,4,5,0
Fixed-5,progressive:until-loss,1,im-object-057,4,5,0
Fixed-5,progressive:until-loss,2,im-object-001,4,5,0
Fixed-5,progressive:until-loss,2,im-object-002,4,5,0
Fixed-5,progressive:until-loss,2,im-object-003,4,5,0
Fixed-5,progressive:until-loss,2,im-object-004,4,5,0
Fixed-5,progressive:until-loss,2,im-object-005,4,5,0
Fixed-5,progressive:until-loss,2,im-object-006,4,5,0
Fixed-5,progressive:until-loss,2,im-object-007,4,5,0
Fixed-5,progressive:until-loss,2,im-object-008,4,5,0
Fixed-5,progressive:until-loss,2,im-object-009,4,5,0
Fixed-5,progressive:until-loss,2,im-object-010,4,5,0
Fixed-5,progressive:until-loss,2,im-object-011,4,5,0
Fixed-5,progressive:until-loss,2,im-object-012,4,5,0
Fixed-5,progressive:until-loss,2,im-object-013,4,5,0
Fixed-5,progressive:until-loss,2,im-object-014,4,5,0
Fixed-5,progressive:until-loss,2,im-object-015,4,5,0
Fixed-5,progressive:until-loss,2,im-object-016,4,5,0
Fixed-5,progressive:until-loss,2,im-object-017,4,5,0
Fixed-5,progressive:until-loss,2,im-object-018,4,5,0
Fixed-5,progressive:until-loss,2,im-object-019,4,5,0
Fixed-5,progressive:until-loss,2,im-object-020,4,5,0
Fixed-5,progressive:until-loss,2,im-object-021,4,5,0
Fixed-5,progressive:until-loss,2,im-object-022,4,5,0
Fixed-5,progressive:until-loss,2,im-object-023,4,5,0
Fixed-5,progressive:until-loss,2,im-object-024,4,5,0
Fixed-5,progressive:until-loss,2,im-object-025,4,5,0
Fixed-5,progressive:until-loss,2,im-object-026,4,5,0
Fixed-5,progressive:until-loss,2,im-object-027,4,5,0
Fixed-5,progressive:until-loss,2,im-object-028,4,5,0
Fixed-5,progressive:until-loss,2,im-object-029,4,5,0
Fixed-5,progressive:until-loss,2,im-object-030,4,5,0
Fixed-5,progressive:until-loss,2,im-object-031,4,5,0
Fixed-5,progressive:until-loss,2,im-object-032,4,5,0
Fixed-5,progressive:until-loss,2,im-object-033,4,5,0
Fixed-5,progressive:until-loss,2,im-object-034,4,5,0
Fixed-5,progressive:until-loss,2,im-object-035,4,5,0
Fixed-5,progressive:until-loss,2,im-object-036,4,5,0
Fixed-5,progressive:until-loss,2,im-object-037,4,5,0
Fixed-5,progressive:until-loss,2,im-object-038,4,5,0
Fixed-5,progressive:until-loss,2,im-object-039,4,5,0
Fixed-5,progressive:until-loss,2,im-object-040,4,5,0
Fixed-5,progressive:until-loss,2,im-object-041,4,5,0
Fixed-5,progressive:until-loss,2,im-object-042,4,5,0
Fixed-5,progressive:until-loss,2,im-object-043,4,5,0
Fixed-5,progressive:until-loss,2,im-object-044,4,5,0
Fixed-5,progressive:until-loss,2,im-object-045,4,5,0
Fixed-5,progressive:until-loss,2,im-object-046,4,5,0
Fixed-5,progressive:until-loss,2,im-object-047,4,5,0
Fixed-5,progressive:until-loss,2,im-object-048,4,5,0
Fixed-5,progressive:until-loss,2,im-object-049,4,5,0
Fixed-5,progressive:until-loss,2,im-object-050,4,5,0
Fixed-5,progressive:until-loss,2,im-object-051,4,5,0
Fixed-5,progressive:until-loss,2,im-object-052,4,5,0
Fixed-5,progressive:until-loss,2,im-object-053,4,5,0
Fixed-5,progressive:until-loss,2,im-object-054,4,5,0
Fixed-5,progressive:until-loss,2,im-object-055,4,5,0
Fixed-5,progressive:until-loss,2,im-object-056,4,5,0
Fixed-5,progressive:until-loss,2,im-object-057,4,5,0
Fixed-5,progressive:until-loss,3,im-object-001,4,5,0
Fixed-5,progressive:until-loss,3,im-object-002,4,5,0
Fixed-5,progressive:until-loss,3,im-object-003,4,5,0
Fixed-5,progressive:until-loss,3,im-object-004,4,5,0
Fixed-5,progressive:until-loss,3,im-object-005,4,5,0
Fixed-5,progressive:until-loss,3,im-object-006,4,5,0
Fixed-5,progressive:until-loss,3,im-object-007,4,5,0
Fixed-5,progressive:until-loss,3,im-object-008,4,5,0
Fixed-5,progressive:until-loss,3,im-object-009,4,5,0
Fixed-5,progressive:until-loss,3,im-object-010,4,5,0
Fixed-5,progressive:until-loss,3,im-object-011,4,5,0
Fixed-5,progressive:until-loss,3,im-object-012,4,5,0
Fixed-5,progressive:until-loss,3,im-object-013,4,5,0
Fixed-5,progressive:until-loss,3,im-object-014,4,5,0
Fixed-5,progressive:until-loss,3,im-object-015,4,5,0
Fixed-5,progressive:until-loss,3,im-object-016,4,5,0
Fixed-5,progressive:until-loss,3,im-object-017,4,5,0
Fixed-5,progressive:until-loss,3,im-object-018,4,5,0
Fixed-5,progressive:until-loss,3,im-object-019,4,5,0
Fixed-5,progressive:until-loss,3,im-object-020,4,5,0
Fixed-5,progressive:until-loss,3,im-object-021,4,5,0
Fixed-5,progressive:until-loss,3,im-object-022,4,5,0
Fixed-5,progressive:until-loss,3,im-object-023,4,5,0
Fixed-5,progressive:until-loss,3,im-object-024,4,5,0
Fixed-5,progressive:until-loss,3,im-object-025,4,5,0
Fixed-5,progressive:until-loss,3,im-object-026,4,5,0
Fixed-5,progressive:until-loss,3,im-object-027,4,5,0
Fixed-5,progressive:until-loss,3,im-object-028,4,5,0
Fixed-5,progressive:until-loss,3,im-object-029,4,5,0
Fixed-5,progressive:until-loss,3,im-object-030,4,5,0
Fixed-5,progressive:until-loss,3,im-object-031,4,5,0
Fixed-5,progressive:until-loss,3,im-object-032,4,5,0
Fixed-5,progressive:until-loss,3,im-object-033,4,5,0
Fixed-5,progressive:until-loss,3,im-object-034,4,5,0
Fixed-5,progressive:until-loss,3,im-object-035,4,5,0
Fixed-5,progressive:until-loss,3,im-object-036,4,5,0
Fixed-5,progressive:until-loss,3,im-object-037,4,5,0
Fixed-5,progressive:until-loss,3,im-object-038,4,5,0
Fixed-5,progressive:until-loss,3,im-object-039,4,5,0
Fixed-5,progressive:until-loss,3,im-object-040,4,5,0
Fixed-5,progressive:until-loss,3,im-object-041,4,5,0
Fixed-5,progressive:until-loss,3,im-object-042,4,5,0
Fixed-5,progressive:until-loss,3,im-object-043,4,5,0
Fixed-5,progressive:until-loss,3,im-object-044,4,5,0
Fixed-5,progressive:until-loss,3,im-object-045,4,5,0
Fixed-5,progressive:until-loss,3,im-object-046,4,5,0
Fixed-5,progressive:until-loss,3,im-object-047,4,5,0
Fixed-5,progressive:until-loss,3,im-object-048,4,5,0
Fixed-5,progressive:until-loss,3,im-object-049,4,5,0
Fixed-5,progressive:until-loss,3,im-object-050,4,5,0
Fixed-5,progressive:until-loss,3,im-object-051,4,5,0
Fixed-5,progressive:until-loss,3,im-object-052,4,5,0
Fixed-5,progressive:until-loss,3,im-object-053,4,5,0
Fixed-5,progressive:until-loss,3,im-object-054,4,5,0
Fixed-5,progressive:until-loss,3,im-object-055,4,5,0
Fixed-5,progressive:until-loss,3,im-object-056,4,5,0
Fixed-5,progressive:until-loss,3,im-object-057,4,5,0
Fixed-5,progressive:until-loss,4,im-object-001,4,5,0
Fixed-5,progressive:until-loss,4,im-object-002,4,5,0
Fixed-5,progressive:until-loss,4,im-object-003,4,5,0
Fixed-5,progressive:until-loss,4,im-object-004,4,5,0
Fixed-5,progressive:until-loss,4,im-object-005,4,5,0
Fixed-5,progressive:until-loss,4,im-object-006,4,5,0
Fixed-5,progressive:until-loss,4,im-object-007,4,5,0
Fixed-5,progressive:until-loss,4,im-object-008,4,5,0
Fixed-5,progressive:until-loss,4,im-object-009,4,5,0
Fixed-5,progressive:until-loss,4,im-object-010,4,5,0
Fixed-5,progressive:until-loss,4,im-object-011,4,5,0
Fixed-5,progressive:until-loss,4,im-object-012,4,5,0
Fixed-5,progressive:until-loss,4,im-object-013,4,5,0
Fixed-5,progressive:until-loss,4,im-object-014,4,5,0
Fixed-5,progressive:until-loss,4,im-object-015,4,5,0
Fixed-5,progressive:until-loss,4,im-object-016,4,5,0
Fixed-5,progressive:until-loss,4,im-object-017,4,5,0
Fixed-5,progressive:until-loss,4,im-object-018,4,5,0
Fixed-5,progressive:until-loss,4,im-object-019,4,5,0
Fixed-5,progressive:until-loss,4,im-object-020,4,5,0
Fixed-5,progressive:until-loss,4,im-object-021,4,5,0
Fixed-5,progressive:until-loss,4,im-object-022,4,5,0
Fixed-5,progressive:until-loss,4,im-object-023,4,5,0
Fixed-5,progressive:until-loss,4,im-object-024,4,5,0
Fixed-5,progressive:until-loss,4,im-object-025,4,5,0
Fixed-5,progressive:until-loss,4,im-object-026,4,5,0
Fixed-5,progressive:until-loss,4,im-object-027,4,5,0
Fixed-5,progressive:until-loss,4,im-object-028,4,5,0
Fixed-5,progressive:until-loss,4,im-object-029,4,5,0
Fixed-5,progressive:until-loss,4,im-object-030,4,5,0
Fixed-5,progressive:until-loss,4,im-object-031,4,5,0
Fixed-5,progressive:until-loss,4,im-object-032,4,5,0
Fixed-5,progressive:until-loss,4,im-object-033,4,5,0
Fixed-5,progressive:until-loss,4,im-object-034,4,5,0
Fixed-5,progressive:until-loss,4,im-object-035,4,5,0
Fixed-5,progressive:until-loss,4,im-object-036,4,5,0
Fixed-5,progressive:until-loss,4,im-object-037,4,5,0
Fixed-5,progressive:until-loss,4,im-object-038,4,5,0
Fixed-5,progressive:until-loss,4,im-object-039,4,5,0
Fixed-5,progressive:until-loss,4,im-object-040,4,5,0
Fixed-5,progressive:until-loss,4,im-object-041,4,5,0
Fixed-5,progressive:until-loss,4,im-object-042,4,5,0
Fixed-5,progressive:until-loss,4,im-object-043,4,5,0
Fixed-5,progressive:until-loss,4,im-object-044,4,5,0
Fixed-5,progressive:until-loss,4,im-object-045,4,5,0
Fixed-5,progressive:until-loss,4,im-object-046,4,5,0
Fixed-5,progressive:until-loss,4,im-object-047,4,5,0
Fixed-5,progressive:until-loss,4,im-object-048,4,5,0
Fixed-5,progressive:until-loss,4,im-object-049,4,5,0
Fixed-5,progressive:until-loss,4,im-object-050,4,5,0
Fixed-5,progressive:until-loss,4,im-object-051,4,5,0
Fixed-5,progressive:until-loss,4,im-object-052,4,5,0
Fixed-5,progressive:until-loss,4,im-object-053,4,5,0
Fixed-5,progressive:until-loss,4,im-object-054,4,5,0
Fixed-5,progressive:until-loss,4,im-object-055,4,5,0
Fixed-5,progressive:until-loss,4,im-object-056,4,5,0
Fixed-5,progressive:until-loss,4,im-object-057,4,5,0
Fixed-5,progressive:until-loss,5,im-object-001,4,5,0
Fixed-5,progressive:until-loss,5,im-object-002,4,5,0
Fixed-5,progressive:until-loss,5,im-object-003,4,5,0
Fixed-5,progressive:until-loss,5,im-object-004,4,5,0
Fixed-5,progressive:until-loss,5,im-object-005,4,5,0
Fixed-5,progressive:until-loss,5,im-object-006,4,5,0
Fixed-5,progressive:until-loss,5,im-object-007,4,5,0
Fixed-5,progressive:until-loss,5,im-object-008,4,5,0
Fixed-5,progressive:until-loss,5,im-object-009,4,5,0
Fixed-5,progressive:until-loss,5,im-object-010,4,5,0
Fixed-5,progressive:until-loss,5,im-object-011,4,5,0
Fixed-5,progressive:until-loss,5,im-object-012,4,5,0
Fixed-5,progressive:until-loss,5,im-object-013,4,5,0
Fixed-5,progressive:until-loss,5,im-object-014,4,5,0
Fixed-5,progressive:until-loss,5,im-object-015,4,5,0
Fixed-5,progressive:until-loss,5,im-object-016,4,5,0
Fixed-5,progressive:until-loss,5,im-object-017,4,5,0
Fixed-5,progressive:until-loss,5,im-object-018,4,5,0
Fixed-5,progressive:until-loss,5,im-object-019,4,5,0
Fixed-5,progressive:until-loss,5,im-object-020,4,5,0
Fixed-5,progressive:until-loss,5,im-object-021,4,5,0
Fixed-5,progressive:until-loss,5,im-object-022,4,5,0
Fixed-5,progressive:until-loss,5,im-object-023,4,5,0
Fixed-5,progressive:until-loss,5,im-object-024,4,5,0
Fixed-5,progressive:until-loss,5,im-object-025,4,5,0
Fixed-5,progressive:until-loss,5,im-object-026,4,5,0
Fixed-5,progressive:until-loss,5,im-object-027,4,5,0
Fixed-5,progressive:until-loss,5,im-object-028,4,5,0
Fixed-5,progressive:until-loss,5,im-object-029,4,5,0
Fixed-5,progressive:until-loss,5,im-object-030,4,5,0
Fixed-5,progressive:until-loss,5,im-object-031,4,5,0
Fixed-5,progressive:until-loss,5,im-object-032,4,5,0
Fixed-5,progressive:until-loss,5,im-object-033,4,5,0
Fixed-5,progressive:until-loss,5,im-object-034,4,5,0
Fixed-5,progressive:until-loss,5,im-object-035,4,5,0
Fixed-5,progressive:until-loss,5,im-object-036,4,5,0
Fixed-5,progressive:until-loss,5,im-object-037,4,5,0
Fixed-5,progressive:until-loss,5,im-object-038,4,5,0
Fixed-5,progressive:until-loss,5,im-object-039,4,5,0
Fixed-5,progressive:until-loss,5,im-object-040,4,5,0
Fixed-5,progressive:until-loss,5,im-object-041,4,5,0
Fixed-5,progressive:until-loss,5,im-object-042,4,5,0
Fixed-5,progressive:until-loss,5,im-object-043,4,5,0
Fixed-5,progressive:until-loss,5,im-object-044,4,5,0
Fixed-5,progressive:until-loss,5,im-object-045,4,5,0
Fixed-5,progressive:until-loss,5,im-object-046,4,5,0
Fixed-5,progressive:until-loss,5,im-object-047,4,5,0
Fixed-5,progressive:until-loss,5,im-object-048,4,5,0
Fixed-5,progressive:until-loss,5,im-object-049,4,5,0
Fixed-5,progressive:until-loss,5,im-object-050,4,5,0
Fixed-5,progressive:until-loss,5,im-object-051,4,5,0
Fixed-5,progressive:until-loss,5,im-object-052,4,5,0
Fixed-5,progressive:until-loss,5,im-object-053,4,5,0
Fixed-5,progressive:until-loss,5,im-object-054,4,5,0
Fixed-5,progressive:until-loss,5,im-object-055,4,5,0
Fixed-5,progressive:until-loss,5,im-object-056,4,5,0
Fixed-5,progressive:until-loss,5,im-object-057,4,5,0
Fixed-5,progressive:until-loss,6,im-object-001,4,5,0
Fixed-5,progressive:until-loss,6,im-object-002,4,5,0
Fixed-5,progressive:until-loss,6,im-object-003,4,5,0
Fixed-5,progressive:until-loss,6,im-object-004,4,5,0
Fixed-5,progressive:until-loss,6,im-object-005,4,5,0
Fixed-5,progressive:until-loss,6,im-object-006,4,5,0
Fixed-5,progressive:until-loss,6,im-object-007,4,5,0
Fixed-5,progressive:until-loss,6,im-object-008,4,5,0
Fixed-5,progressive:until-loss,6,im-object-009,4,5,0
Fixed-5,progressive:until-loss,6,im-object-010,4,5,0
Fixed-5,progressive:until-loss,6,im-object-011,4,5,0
Fixed-5,progressive:until-loss,6,im-object-012,4,5,0
Fixed-5,progressive:until-loss,6,im-object-013,4,5,0
Fixed-5,progressive:until-loss,6,im-object-014,4,5,0
Fixed-5,progressive:until-loss,6,im-object-015,4,5,0
Fixed-5,progressive:until-loss,6,im-object-016,4,5,0
Fixed-5,progressive:until-loss,6,im-object-017,4,5,0
Fixed-5,progressive:until-loss,6,im-object-018,4,5,0
Fixed-5,progressive:until-loss,6,im-object-019,4,5,0
Fixed-5,progressive:until-loss,6,im-object-020,4,5,0
Fixed-5,progressive:until-loss,6,im-object-021,4,5,0
Fixed-5,progressive:until-loss,6,im-object-022,4,5,0
Fixed-5,progressive:until-loss,6,im-object-023,4,5,0
Fixed-5,progressive:until-loss,6,im-object-024,4,5,0
Fixed-5,progressive:until-loss,6,im-object-025,4,5,0
Fixed-5,progressive:until-loss,6,im-object-026,4,5,0
Fixed-5,progressive:until-loss,6,im-object-027,4,5,0
Fixed-5,progressive:until-loss,6,im-object-028,4,5,0
Fixed-5,progressive:until-loss,6,im-object-029,4,5,0
Fixed-5,progressive:until-loss,6,im-object-030,4,5,0
Fixed-5,progressive:until-loss,6,im-object-031,4,5,0
Fixed-5,progressive:until-loss,6,im-object-032,4,5,0
Fixed-5,progressive:until-loss,6,im-object-033,4,5,0
Fixed-5,progressive:until-loss,6,im-object-034,4,5,0
Fixed-5,progressive:until-loss,6,im-object-035,4,5,0
Fixed-5,progressive:until-loss,6,im-object-036,4,5,0
Fixed-5,progressive:until-loss,6,im-object-037,4,5,0
Fixed-5,progressive:until-loss,6,im-object-038,4,5,0
Fixed-5,progressive:until-loss,6,im-object-039,4,5,0
Fixed-5,progressive:until-loss,6,im-object-040,4,5,0
Fixed-5,progressive:until-loss,6,im-object-041,4,5,0
Fixed-5,progressive:until-loss,6,im-object-042,4,5,0
Fixed-5,progressive:until-loss,6,im-object-043,4,5,0
Fixed-5,progressive:until-loss,6,im-object-044,4,5,0
Fixed-5,progressive:until-loss,6,im-object-045,4,5,0
Fixed-5,progressive:until-loss,6,im-object-046,4,5,0
Fixed-5,progressive:until-loss,6,im-object-047,4,5,0
Fixed-5,progressive:until-loss,6,im-object-048,4,5,0
Fixed-5,progressive:until-loss,6,im-object-049,4,5,0
Fixed-5,progressive:until-loss,6,im-object-050,4,5,0
Fixed-5,progressive:until-loss,6,im-object-051,4,5,0
Fixed-5,progressive:until-loss,6,im-object-052,4,5,0
Fixed-5,progressive:until-loss,6,im-object-053,4,5,0
Fixed-5,progressive:until-loss,6,im-object-054,4,5,0
Fixed-5,progressive:until-loss,6,im-object-055,4,5,0
Fixed-5,progressive:until-loss,6,im-object-056,4,5,0
Fixed-5,progressive:until-loss,6,im-object-057,4,5,0
Fixed-5,progressive:until-loss,7,im-object-001,4,5,0
Fixed-5,progressive:until-loss,7,im-object-002,4,5,0
Fixed-5,progressive:until-loss,7,im-object-003,4,5,0
Fixed-5,progressive:until-loss,7,im-object-004,4,5,0
Fixed-5,progressive:until-loss,7,im-object-005,4,5,0
Fixed-5,progressive:until-loss,7,im-object-006,4,5,0
Fixed-5,progressive:until-loss,7,im-object-007,4,5,0
Fixed-5,progressive:until-loss,7,im-object-008,4,5,0
Fixed-5,progressive:until-loss,7,im-object-009,4,5,0
Fixed-5,progressive:until-loss,7,im-object-010,4,5,0
Fixed-5,progressive:until-loss,7,im-object-011,4,5,0
Fixed-5,progressive:until-loss,7,im-object-012,4,5,0
Fixed-5,progressive:until-loss,7,im-object-013,4,5,0
Fixed-5,progressive:until-loss,7,im-object-014,4,5,0
Fixed-5,progressive:until-loss,7,im-object-015,4,5,0
Fixed-5,progressive:until-loss,7,im-object-016,4,5,0
Fixed-5,progressive:until-loss,7,im-object-017,4,5,0
Fixed-5,progressive:until-loss,7,im-object-018,4,5,0
Fixed-5,progressive:until-loss,7,im-object-019,4,5,0
Fixed-5,progressive:until-loss,7,im-object-020,4,5,0
Fixed-5,progressive:until-loss,7,im-object-021,4,5,0
Fixed-5,progressive:until-loss,7,im-object-022,4,5,0
Fixed-5,progressive:until-loss,7,im-object-023,4,5,0
Fixed-5,progressive:until-loss,7,im-object-024,4,5,0
Fixed-5,progressive:until-loss,7,im-object-025,4,5,0
Fixed-5,progressive:until-loss,7,im-object-026,4,5,0
Fixed-5,progressive:until-loss,7,im-object-027,4,5,0
Fixed-5,progressive:until-loss,7,im-object-028,4,5,0
Fixed-5,progressive:until-loss,7,im-object-029,4,5,0
Fixed-5,progressive:until-loss,7,im-object-030,4,5,0
Fixed-5,progressive:until-loss,7,im-object-031,4,5,0
Fixed-5,progressive:until-loss,7,im-object-032,4,5,0
Fixed-5,progressive:until-loss,7,im-object-033,4,5,0
Fixed-5,progressive:until-loss,7,im-object-034,4,5,0
Fixed-5,progressive:until-loss,7,im-object-035,4,5,0
Fixed-5,progressive:until-loss,7,im-object-036,4,5,0
Fixed-5,progressive:until-loss,7,im-object-037,4,5,0
Fixed-5,progressive:until-loss,7,im-object-038,4,5,0
Fixed-5,progressive:until-loss,7,im-object-039,4,5,0
Fixed-5,progressive:until-loss,7,im-object-040,4,5,0
Fixed-5,progressive:until-loss,7,im-object-041,4,5,0
Fixed-5,progressive:until-loss,7,im-object-042,4,5,0
Fixed-5,progressive:until-loss,7,im-object-043,4,5,0
Fixed-5,progressive:until-loss,7,im-object-044,4,5,0
Fixed-5,progressive:until-loss,7,im-object-045,4,5,0
Fixed-5,progressive:until-loss,7,im-object-046,4,5,0
Fixed-5,progressive:until-loss,7,im-object-047,4,5,0
Fixed-5,progressive:until-loss,7,im-object-048,4,5,0
Fixed-5,progressive:until-loss,7,im-object-049,4,5,0
Fixed-5,progressive:until-loss,7,im-object-050,4,5,0
Fixed-5,progressive:until-loss,7,im-object-051,4,5,0
Fixed-5,progressive:until-loss,7,im-object-052,4,5,0
Fixed-5,progressive:until-loss,7,im-object-053,4,5,0
Fixed-5,progressive:until-loss,7,im-object-054,4,5,0
Fixed-5,progressive:until-loss,7,im-object-055,4,5,0
Fixed-5,progressive:until-loss,7,im-object-056,4,5,0
Fixed-5,progressive:until-loss,7,im-object-057,4,5,0
Fixed-5,progressive:until-loss,8,im-object-001,4,5,0
Fixed-5,progressive:until-loss,8,im-object-002,4,5,0
Fixed-5,progressive:until-loss,8,im-object-003,4,5,0
Fixed-5,progressive:until-loss,8,im-object-004,4,5,0
Fixed-5,progressive:until-loss,8,im-object-005,4,5,0
Fixed-5,progressive:until-loss,8,im-object-006,4,5,0
Fixed-5,progressive:until-loss,8,im-object-007,4,5,0
Fixed-5,progressive:until-loss,8,im-object-008,4,5,0
Fixed-5,progressive:until-loss,8,im-object-009,4,5,0
Fixed-5,progressive:until-loss,8,im-object-010,4,5,0
Fixed-5,progressive:until-loss,8,im-object-011,4,5,0
Fixed-5,progressive:until-loss,8,im-object-012,4,5,0
Fixed-5,progressive:until-loss,8,im-object-013,4,5,0
Fixed-5,progressive:until-loss,8,im-object-014,4,5,0
Fixed-5,progressive:until-loss,8,im-object-015,4,5,0
Fixed-5,progressive:until-loss,8,im-object-016,4,5,0
Fixed-5,progressive:until-loss,8,im-object-017,4,5,0
Fixed-5,progressive:until-loss,8,im-object-018,4,5,0
Fixed-5,progressive:until-loss,8,im-object-019,4,5,0
Fixed-5,progressive:until-loss,8,im-object-020,4,5,0
Fixed-5,progressive:until-loss,8,im-object-021,4,5,0
Fixed-5,progressive:until-loss,8,im-object-022,4,5,0
Fixed-5,progressive:until-loss,8,im-object-023,4,5,0
Fixed-5,progressive:until-loss,8,im-object-024,4,5,0
Fixed-5,progressive:until-loss,8,im-object-025,4,5,0
Fixed-5,progressive:until-loss,8,im-object-026,4,5,0
Fixed-5,progressive:until-loss,8,im-object-027,4,5,0
Fixed-5,progressive:until-loss,8,im-object-028,4,5,0
Fixed-5,progressive:until-loss,8,im-object-029,4,5,0
Fixed-5,progressive:until-loss,8,im-object-030,4,5,0
Fixed-5,progressive:until-loss,8,im-object-031,4,5,0
Fixed-5,progressive:until-loss,8,im-object-032,4,5,0
Fixed-5,progressive:until-loss,8,im-object-033,4,5,0
Fixed-5,progressive:until-loss,8,im-object-034,4,5,0
Fixed-5,progressive:until-loss,8,im-object-035,4,5,0
Fixed-5,progressive:until-loss,8,im-object-036,4,5,0
Fixed-5,progressive:until-loss,8,im-object-037,4,5,0
Fixed-5,progressive:until-loss,8,im-object-038,4,5,0
Fixed-5,progressive:until-loss,8,im-object-039,4,5,0
Fixed-5,progressive:until-loss,8,im-object-040,4,5,0
Fixed-5,progressive:until-loss,8,im-object-041,4,5,0
Fixed-5,progressive:until-loss,8,im-object-042,4,5,0
Fixed-5,progressive:until-loss,8,im-object-043,4,5,0
Fixed-5,progressive:until-loss,8,im-object-044,4,5,0
Fixed-5,progressive:until-loss,8,im-object-045,4,5,0
Fixed-5,progressive:until-loss,8,im-object-046,4,5,0
Fixed-5,progressive:until-loss,8,im-object-047,4,5,0
Fixed-5,progressive:until-loss,8,im-object-048,4,5,0
Fixed-5,progressive:until-loss,8,im-object-049,4,5,0
Fixed-5,progressive:until-loss,8,im-object-050,4,5,0
Fixed-5,progressive:until-loss,8,im-object-051,4,5,0
Fixed-5,progressive:until-loss,8,im-object-052,4,5,0
Fixed-5,progressive:until-loss,8,im-object-053,4,5,0
Fixed-5,progressive:until-loss,8,im-object-054,4,5,0
Fixed-5,progressive:until-loss,8,im-object-055,4,5,0
Fixed-5,progressive:until-loss,8,im-object-056,4,5,0
Fixed-5,progressive:until-loss,8,im-object-057,4,5,0
Fixed-5,progressive:until-loss,9,im-object-001,4,5,0
Fixed-5,progressive:until-loss,9,im-object-002,4,5,0
Fixed-5,progressive:until-loss,9,im-object-003,4,5,0
Fixed-5,progressive:until-loss,9,im-object-004,4,5,0
Fixed-5,progressive:until-loss,9,im-object-005,4,5,0
Fixed-5,progressive:until-loss,9,im-object-006,4,5,0
Fixed-5,progressive:until-loss,9,im-object-007,4,5,0
Fixed-5,progressive:until-loss,9,im-object-008,4,5,0
Fixed-5,progressive:until-loss,9,im-object-009,4,5,0
Fixed-5,progressive:until-loss,9,im-object-010,4,5,0
Fixed-5,progressive:until-loss,9,im-object-011,4,5,0
Fixed-5,progressive:until-loss,9,im-object-012,4,5,0
Fixed-5,progressive:until-loss,9,im-object-013,4,5,0
Fixed-5,progressive:until-loss,9,im-object-014,4,5,0
Fixed-5,progressive:until-loss,9,im-object-015,4,5,0
Fixed-5,progressive:until-loss,9,im-object-016,4,5,0
Fixed-5,progressive:until-loss,9,im-object-017,4,5,0
Fixed-5,progressive:until-loss,9,im-object-018,4,5,0
Fixed-5,progressive:until-loss,9,im-object-019,4,5,0
Fixed-5,progressive:until-loss,9,im-object-020,4,5,0
Fixed-5,progressive:until-loss,9,im-object-021,4,5,0
Fixed-5,progressive:until-loss,9,im-object-022,4,5,0
Fixed-5,progressive:until-loss,9,im-object-023,4,5,0
Fixed-5,progressive:until-loss,9,im-object-024,4,5,0
Fixed-5,progressive:until-loss,9,im-object-025,4,5,0
Fixed-5,progressive:until-loss,9,im-object-026,4,5,0
Fixed-5,progressive:until-loss,9,im-object-027,4,5,0
Fixed-5,progressive:until-loss,9,im-object-028,4,5,0
Fixed-5,progressive:until-loss,9,im-object-029,4,5,0
Fixed-5,progressive:until-loss,9,im-object-030,4,5,0
Fixed-5,progressive:until-loss,9,im-object-031,4,5,0
Fixed-5,progressive:until-loss,9,im-object-032,4,5,0
Fixed-5,progressive:until-loss,9,im-object-033,4,5,0
Fixed-5,progressive:until-loss,9,im-object-034,4,5,0
Fixed-5,progressive:until-loss,9,im-object-035,4,5,0
Fixed-5,progressive:until-loss,9,im-object-036,4,5,0
Fixed-5,progressive:until-loss,9,im-object-037,4,5,0
Fixed-5,progressive:until-loss,9,im-object-038,4,5,0
Fixed-5,progressive:until-loss,9,im-object-039,4,5,0
Fixed-5,progressive:until-loss,9,im-object-040,4,5,0
Fixed-5,progressive:until-loss,9,im-object-041,4,5,0
Fixed-5,progressive:until-loss,9,im-object-042,4,5,0
Fixed-5,progressive:until-loss,9,im-object-043,4,5,0
Fixed-5,progressive:until-loss,9,im-object-044,4,5,0
Fixed-5,progressive:until-loss,9,im-object-045,4,5,0
Fixed-5,progressive:until-loss,9,im-object-046,4,5,0
Fixed-5,progressive:until-loss,9,im-object-047,4,5,0
Fixed-5,progressive:until-loss,9,im-object-048,4,5,0
Fixed-5,progressive:until-loss,9,im-object-049,4,5,0
Fixed-5,progressive:until-loss,9,im-object-050,4,5,0
Fixed-5,progressive:until-loss,9,im-object-051,4,5,0
Fixed-5,progressive:until-loss,9,im-object-052,4,5,0
Fixed-5,progressive:until-loss,9,im-object-053,4,5,0
Fixed-5,progressive:until-loss,9,im-object-054,4,5,0
Fixed-5,progressive:until-loss,9,im-object-055,4,5,0
Fixed-5,progressive:until-loss,9,im-object-056,4,5,0
Fixed-5,progressive:until-loss,9,im-object-057,4,5,0
Fixed-5,progressive:until-loss,10,im-object-001,4,5,0
Fixed-5,progressive:until-loss,10,im-object-002,4,5,0
Fixed-5,progressive:until-loss,10,im-object-003,4,5,0
Fixed-5,progressive:until-loss,10,im-object-004,4,5,0
Fixed-5,progressive:until-loss,10,im-object-005,4,5,0
Fixed-5,progressive:until-loss,10,im-object-006,4,5,0
Fixed-5,progressive:until-loss,10,im-object-007,4,5,0
Fixed-5,progressive:until-loss,10,im-object-008,4,5,0
Fixed-5,progressive:until-loss,10,im-object-009,4,5,0
Fixed-5,progressive:until-loss,10,im-object-010,4,5,0
Fixed-5,progressive:until-loss,10,im-object-011,4,5,0
Fixed-5,progressive:until-loss,10,im-object-012,4,5,0
Fixed-5,progressive:until-loss,10,im-object-013,4,5,0
Fixed-5,progressive:until-loss,10,im-object-014,4,5,0
Fixed-5,progressive:until-loss,10,im-object-015,4,5,0
Fixed-5,progressive:until-loss,10,im-object-016,4,5,0
Fixed-5,progressive:until-loss,10,im-object-017,4,5,0
Fixed-5,progressive:until-loss,10,im-object-018,4,5,0
Fixed-5,progressive:until-loss,10,im-object-019,4,5,0
Fixed-5,progressive:until-loss,10,im-object-020,4,5,0
Fixed-5,progressive:until-loss,10,im-object-021,4,5,0
Fixed-5,progressive:until-loss,10,im-object-022,4,5,0
Fixed-5,progressive:until-loss,10,im-object-023,4,5,0
Fixed-5,progressive:until-loss,10,im-object-024,4,5,0
Fixed-5,progressive:until-loss,10,im-object-025,4,5,0
Fixed-5,progressive:until-loss,10,im-object-026,4,5,0
Fixed-5,progressive:until-loss,10,im-object-027,4,5,0
Fixed-5,progressive:until-loss,10,im-object-028,4,5,0
Fixed-5,progressive:until-loss,10,im-object-029,4,5,0
Fixed-5,progressive:until-loss,10,im-object-030,4,5,0
Fixed-5,progressive:until-loss,10,im-object-031,4,5,0
Fixed-5,progressive:until-loss,10,im-object-032,4,5,0
Fixed-5,progressive:until-loss,10,im-object-033,4,5,0
Fixed-5,progressive:until-loss,10,im-object-034,4,5,0
Fixed-5,progressive:until-loss,10,im-object-035,4,5,0
Fixed-5,progressive:until-loss,10,im-object-036,4,5,0
Fixed-5,progressive:until-loss,10,im-object-037,4,5,0
Fixed-5,progressive:until-loss,10,im-object-038,4,5,0
Fixed-5,progressive:until-loss,10,im-object-039,4,5,0
Fixed-5,progressive:until-loss,10,im-object-040,4,5,0
Fixed-5,progressive:until-loss,10,im-object-041,4,5,0
Fixed-5,progressive:until-loss,10,im-object-042,4,5,0
Fixed-5,progressive:until-loss,10,im-object-043,4,5,0
Fixed-5,progressive:until-loss,10,im-object-044,4,5,0
Fixed-5,progressive:until-loss,10,im-object-045,4,5,0
Fixed-5,progressive:until-loss,10,im-object-046,4,5,0
Fixed-5,progressive:until-loss,10,im-object-047,4,5,0
Fixed-5,progressive:until-loss,10,im-object-048,4,5,0
Fixed-5,progressive:until-loss,10,im-object-049,4,5,0
Fixed-5,progressive:until-loss,10,im-object-050,4,5,0
Fixed-5,progressive:until-loss,10,im-object-051,4,5,0
Fixed-5,progressive:until-loss,10,im-object-052,4,5,0
Fixed-5,progressive:until-loss,10,im-object-053,4,5,0
Fixed-5,progressive:until-loss,10,im-object-054,4,5,0
Fixed-5,progressive:until-loss,10,im-object-055,4,5,0
Fixed-5,progressive:until-loss,10,im-object-056,4,5,0
Fixed-5,progressive:until-loss,10,im-object-057,4,5,0
Fixed-5,progressive:until-loss,11,im-object-001,4,5,0
Fixed-5,progressive:until-loss,11,im-object-002,4,5,0
Fixed-5,progressive:until-loss,11,im-object-003,4,5,0
Fixed-5,progressive:until-loss,11,im-object-004,4,5,0
Fixed-5,progressive:until-loss,11,im-object-005,4,5,0
Fixed-5,progressive:until-loss,11,im-object-006,4,5,0
Fixed-5,progressive:until-loss,11,im-object-007,4,5,0
Fixed-5,progressive:until-loss,11,im-object-008,4,5,0
Fixed-5,progressive:until-loss,11,im-object-009,4,5,0
Fixed-5,progressive:until-loss,11,im-object-010,4,5,0
Fixed-5,progressive:until-loss,11,im-object-011,4,5,0
Fixed-5,progressive:until-loss,11,im-object-012,4,5,0
Fixed-5,progressive:until-loss,11,im-object-013,4,5,0
Fixed-5,progressive:until-loss,11,im-object-014,4,5,0
Fixed-5,progressive:until-loss,11,im-object-015,4,5,0
Fixed-5,progressive:until-loss,11,im-object-016,4,5,0
Fixed-5,progressive:until-loss,11,im-object-017,4,5,0
Fixed-5,progressive:until-loss,11,im-object-018,4,5,0
Fixed-5,progressive:until-loss,11,im-object-019,4,5,0
Fixed-5,progressive:until-loss,11,im-object-020,4,5,0
Fixed-5,progressive:until-loss,11,im-object-021,4,5,0
Fixed-5,progressive:until-loss,11,im-object-022,4,5,0
Fixed-5,progressive:until-loss,11,im-object-023,4,5,0
Fixed-5,progressive:until-loss,11,im-object-024,4,5,0
Fixed-5,progressive:until-loss,11,im-object-025,4,5,0
Fixed-5,progressive:until-loss,11,im-object-026,4,5,0
Fixed-5,progressive:until-loss,11,im-object-027,4,5,0
Fixed-5,progressive:until-loss,11,im-object-028,4,5,0
Fixed-5,progressive:until-loss,11,im-object-029,4,5,0
Fixed-5,progressive:until-loss,11,im-object-030,4,5,0
Fixed-5,progressive:until-loss,11,im-object-031,4,5,0
Fixed-5,progressive:until-loss,11,im-object-032,4,5,0
Fixed-5,progressive:until-loss,11,im-object-033,4,5,0
Fixed-5,progressive:until-loss,11,im-object-034,4,5,0
Fixed-5,progressive:until-loss,11,im-object-035,4,5,0
Fixed-5,progressive:until-loss,11,im-object-036,4,5,0
Fixed-5,progressive:until-loss,11,im-object-037,4,5,0
Fixed-5,progressive:until-loss,11,im-object-038,4,5,0
Fixed-5,progressive:until-loss,11,im-object-039,4,5,0
Fixed-5,progressive:until-loss,11,im-object-040,4,5,0
Fixed-5,progressive:until-loss,11,im-object-041,4,5,0
Fixed-5,progressive:until-loss,11,im-object-042,4,5,0
Fixed-5,progressive:until-loss,11,im-object-043,4,5,0
Fixed-5,progressive:until-loss,11,im-object-044,4,5,0
Fixed-5,progressive:until-loss,11,im-object-045,4,5,0
Fixed-5,progressive:until-loss,11,im-object-046,4,5,0
Fixed-5,progressive:until-loss,11,im-object-047,4,5,0
Fixed-5,progressive:until-loss,11,im-object-048,4,5,0
Fixed-5,progressive:until-loss,11,im-object-049,4,5,0
Fixed-5,progressive:until-loss,11,im-object-050,4,5,0
Fixed-5,progressive:until-loss,11,im-object-051,4,5,0
Fixed-5,progressive:until-loss,11,im-object-052,4,5,0
Fixed-5,progressive:until-loss,11,im-object-053,4,5,0
Fixed-5,progressive:until-loss,11,im-object-054,4,5,0
Fixed-5,progressive:until-loss,11,im-object-055,4,5,0
Fixed-5,progressive:until-loss,11,im-object-056,4,5,0
Fixed-5,progressive:until-loss,11,im-object-057,4,5,0
Fixed-5,progressive:until-loss,12,im-object-001,4,5,0
Fixed-5,progressive:until-loss,12,im-object-002,4,5,0
Fixed-5,progressive:until-loss,12,im-object-003,4,5,0
Fixed-5,progressive:until-loss,12,im-object-004,4,5,0
Fixed-5,progressive:until-loss,12,im-object-005,4,5,0
Fixed-5,progressive:until-loss,12,im-object-006,4,5,0
Fixed-5,progressive:until-loss,12,im-object-007,4,5,0
Fixed-5,progressive:until-loss,12,im-object-008,4,5,0
Fixed-5,progressive:until-loss,12,im-object-009,4,5,0
Fixed-5,progressive:until-loss,12,im-object-010,4,5,0
Fixed-5,progressive:until-loss,12,im-object-011,4,5,0
Fixed-5,progressive:until-loss,12,im-object-012,4,5,0
Fixed-5,progressive:until-loss,12,im-object-013,4,5,0
Fixed-5,progressive:until-loss,12,im-object-014,4,5,0
Fixed-5,progressive:until-loss,12,im-object-015,4,5,0
Fixed-5,progressive:until-loss,12,im-object-016,4,5,0
Fixed-5,progressive:until-loss,12,im-object-017,4,5,0
Fixed-5,progressive:until-loss,12,im-object-018,4,5,0
Fixed-5,progressive:until-loss,12,im-object-019,4,5,0
Fixed-5,progressive:until-loss,12,im-object-020,4,5,0
Fixed-5,progressive:until-loss,12,im-object-021,4,5,0
Fixed-5,progressive:until-loss,12,im-object-022,4,5,0
Fixed-5,progressive:until-loss,12,im-object-023,4,5,0
Fixed-5,progressive:until-loss,12,im-object-024,4,5,0
Fixed-5,progressive:until-loss,12,im-object-025,4,5,0
Fixed-5,progressive:until-loss,12,im-object-026,4,5,0
Fixed-5,progressive:until-loss,12,im-object-027,4,5,0
Fixed-5,progressive:until-loss,12,im-object-028,4,5,0
Fixed-5,progressive:until-loss,12,im-object-029,4,5,0
Fixed-5,progressive:until-loss,12,im-object-030,4,5,0
Fixed-5,progressive:until-loss,12,im-object-031,4,5,0
Fixed-5,progressive:until-loss,12,im-object-032,4,5,0
Fixed-5,progressive:until-loss,12,im-object-033,4,5,0
Fixed-5,progressive:until-loss,12,im-object-034,4,5,0
Fixed-5,progressive:until-loss,12,im-object-035,4,5,0
Fixed-5,progressive:until-loss,12,im-object-036,4,5,0
Fixed-5,progressive:until-loss,12,im-object-037,4,5,0
Fixed-5,progressive:until-loss,12,im-object-038,4,5,0
Fixed-5,progressive:until-loss,12,im-object-039,4,5,0
Fixed-5,progressive:until-loss,12,im-object-040,4,5,0
Fixed-5,progressive:until-loss,12,im-object-041,4,5,0
Fixed-5,progressive:until-loss,12,im-object-042,4,5,0
Fixed-5,progressive:until-loss,12,im-object-043,4,5,0
Fixed-5,progressive:until-loss,12,im-object-044,4,5,0
Fixed-5,progressive:until-loss,12,im-object-045,4,5,0
Fixed-5,progressive:until-loss,12,im-object-046,4,5,0
Fixed-5,progressive:until-loss,12,im-object-047,4,5,0
Fixed-5,progressive:until-loss,12,im-object-048,4,5,0
Fixed-5,progressive:until-loss,12,im-object-049,4,5,0
Fixed-5,progressive:until-loss,12,im-object-050,4,5,0
Fixed-5,progressive:until-loss,12,im-object-051,4,5,0
Fixed-5,progressive:until-loss,12,im-object-052,4,5,0
Fixed-5,progressive:until-loss,12,im-object-053,4,5,0
Fixed-5,progressive:until-loss,12,im-object-054,4,5,0
Fixed-5,progressive:until-loss,12,im-object-055,4,5,0
Fixed-5,progressive:until-loss,12,im-object-056,4,5,0
Fixed-5,progressive:until-loss,12,im-object-057,4,5,0
Fixed-5,progressive:until-loss,13,im-object-001,4,5,0
Fixed-5,progressive:until-loss,13,im-object-002,4,5,0
Fixed-5,progressive:until-loss,13,im-object-003,4,5,0
Fixed-5,progressive:until-loss,13,im-object-004,4,5,0
Fixed-5,progressive:until-loss,13,im-object-005,4,5,0
Fixed-5,progressive:until-loss,13,im-object-006,4,5,0
Fixed-5,progressive:until-loss,13,im-object-007,4,5,0
Fixed-5,progressive:until-loss,13,im-object-008,4,5,0
Fixed-5,progressive:until-loss,13,im-object-009,4,5,0
Fixed-5,progressive:until-loss,13,im-object-010,4,5,0
Fixed-5,progressive:until-loss,13,im-object-011,4,5,0
Fixed-5,progressive:until-loss,13,im-object-012,4,5,0
Fixed-5,progressive:until-loss,13,im-object-013,4,5,0
Fixed-5,progressive:until-loss,13,im-object-014,4,5,0
Fixed-5,progressive:until-loss,13,im-object-015,4,5,0
Fixed-5,progressive:until-loss,13,im-object-016,4,5,0
Fixed-5,progressive:until-loss,13,im-object-017,4,5,0
Fixed-5,progressive:until-loss,13,im-object-018,4,5,0
Fixed-5,progressive:until-loss,13,im-object-019,4,5,0
Fixed-5,progressive:until-loss,13,im-object-020,4,5,0
Fixed-5,progressive:until-loss,13,im-object-021,4,5,0
Fixed-5,progressive:until-loss,13,im-object-022,4,5,0
Fixed-5,progressive:until-loss,13,im-object-023,4,5,0
Fixed-5,progressive:until-loss,13,im-object-024,4,5,0
Fixed-5,progressive:until-loss,13,im-object-025,4,5,0
Fixed-5,progressive:until-loss,13,im-object-026,4,5,0
Fixed-5,progressive:until-loss,13,im-object-027,4,5,0
Fixed-5,progressive:until-loss,13,im-object-028,4,5,0
Fixed-5,progressive:until-loss,13,im-object-029,4,5,0
Fixed-5,progressive:until-loss,13,im-object-030,4,5,0
Fixed-5,progressive:until-loss,13,im-object-031,4,5,0
Fixed-5,progressive:until-loss,13,im-object-032,4,5,0
Fixed-5,progressive:until-loss,13,im-object-033,4,5,0
Fixed-5,progressive:until-loss,13,im-object-034,4,5,0
Fixed-5,progressive:until-loss,13,im-object-035,4,5,0
Fixed-5,progressive:until-loss,13,im-object-036,4,5,0
Fixed-5,progressive:until-loss,13,im-object-037,4,5,0
Fixed-5,progressive:until-loss,13,im-object-038,4,5,0
Fixed-5,progressive:until-loss,13,im-object-039,4,5,0
Fixed-5,progressive:until-loss,13,im-object-040,4,5,0
Fixed-5,progressive:until-loss,13,im-object-041,4,5,0
Fixed-5,progressive:until-loss,13,im-object-042,4,5,0
Fixed-5,progressive:until-loss,13,im-object-043,4,5,0
Fixed-5,progressive:until-loss,13,im-object-044,4,5,0
Fixed-5,progressive:until-loss,13,im-object-045,4,5,0
Fixed-5,progressive:until-loss,13,im-object-046,4,5,0
Fixed-5,progressive:until-loss,13,im-object-047,4,5,0
Fixed-5,progressive:until-loss,13,im-object-048,4,5,0
Fixed-5,progressive:until-loss,13,im-object-049,4,5,0
Fixed-5,progressive:until-loss,13,im-object-050,4,5,0
Fixed-5,progressive:until-loss,13,im-object-051,4,5,0
Fixed-5,progressive:until-loss,13,im-object-052,4,5,0
Fixed-5,progressive:until-loss,13,im-object-053,4,5,0
Fixed-5,progressive:until-loss,13,im-object-054,4,5,0
Fixed-5,progressive:until-loss,13,im-object-055,4,5,0
Fixed-5,progressive:until-loss,13,im-object-056,4,5,0
Fixed-5,progressive:until-loss,13,im-object-057,4,5,0
Fixed-5,progressive:until-loss,14,im-object-001,4,5,0
Fixed-5,progressive:until-loss,14,im-object-002,4,5,0
Fixed-5,progressive:until-loss,14,im-object-003,4,5,0
Fixed-5,progressive:until-loss,14,im-object-004,4,5,0
Fixed-5,progressive:until-loss,14,im-object-005,4,5,0
Fixed-5,progressive:until-loss,14,im-object-006,4,5,0
Fixed-5,progressive:until-loss,14,im-object-007,4,5,0
Fixed-5,progressive:until-loss,14,im-object-008,4,5,0
Fixed-5,progressive:until-loss,14,im-object-009,4,5,0
Fixed-5,progressive:until-loss,14,im-object-010,4,5,0
Fixed-5,progressive:until-loss,14,im-object-011,4,5,0
Fixed-5,progressive:until-loss,14,im-object-012,4,5,0
Fixed-5,progressive:until-loss,14,im-object-013,4,5,0
Fixed-5,progressive:until-loss,14,im-object-014,4,5,0
Fixed-5,progressive:until-loss,14,im-object-015,4,5,0
Fixed-5,progressive:until-loss,14,im-object-016,4,5,0
Fixed-5,progressive:until-loss,14,im-object-017,4,5,0
Fixed-5,progressive:until-loss,14,im-object-018,4,5,0
Fixed-5,progressive:until-loss,14,im-object-019,4,5,0
Fixed-5,progressive:until-loss,14,im-object-020,4,5,0
Fixed-5,progressive:until-loss,14,im-object-021,4,5,0
Fixed-5,progressive:until-loss,14,im-object-022,4,5,0
Fixed-5,progressive:until-loss,14,im-object-023,4,5,0
Fixed-5,progressive:until-loss,14,im-object-024,4,5,0
Fixed-5,progressive:until-loss,14,im-object-025,4,5,0
Fixed-5,progressive:until-loss,14,im-object-026,4,5,0
Fixed-5,progressive:until-loss,14,im-object-027,4,5,0
Fixed-5,progressive:until-loss,14,im-object-028,4,5,0
Fixed-5,progressive:until-loss,14,im-object-029,4,5,0
Fixed-5,progressive:until-loss,14,im-object-030,4,5,0
Fixed-5,progressive:until-loss,14,im-object-031,4,5,0
Fixed-5,progressive:until-loss,14,im-object-032,4,5,0
Fixed-5,progressive:until-loss,14,im-object-033,4,5,0
Fixed-5,progressive:until-loss,14,im-object-034,4,5,0
Fixed-5,progressive:until-loss,14,im-object-035,4,5,0
Fixed-5,progressive:until-loss,14,im-object-036,4,5,0
Fixed-5,progressive:until-loss,14,im-object-037,4,5,0
Fixed-5,progressive:until-loss,14,im-object-038,4,5,0
Fixed-5,progressive:until-loss,14,im-object-039,4,5,0
Fixed-5,progressive:until-loss,14,im-object-040,4,5,0
Fixed-5,progressive:until-loss,14,im-object-041,4,5,0
Fixed-5,progressive:until-loss,14,im-object-042,4,5,0
Fixed-5,progressive:until-loss,14,im-object-043,4,5,0
Fixed-5,progressive:until-loss,14,im-object-044,4,5,0
Fixed-5,progressive:until-loss,14,im-object-045,4,5,0
Fixed-5,progressive:until-loss,14,im-object-046,4,5,0
Fixed-5,progressive:until-loss,14,im-object-047,4,5,0
Fixed-5,progressive:until-loss,14,im-object-048,4,5,0
Fixed-5,progressive:until-loss,14,im-object-049,4,5,0
Fixed-5,progressive:until-loss,14,im-object-050,4,5,0
Fixed-5,progressive:until-loss,14,im-object-051,4,5,0
Fixed-5,progressive:until-loss,14,im-object-052,4,5,0
Fixed-5,progressive:until-loss,14,im-object-053,4,5,0
Fixed-5,progressive:until-loss,14,im-object-054,4,5,0
Fixed-5,progressive:until-loss,14,im-object-055,4,5,0
Fixed-5,progressive:until-loss,14,im-object-056,4,5,0
Fixed-5,progressive:until-loss,14,im-object-057,4,5,0
Fixed-5,progressive:until-loss,15,im-object-001,4,5,0
Fixed-5,progressive:until-loss,15,im-object-002,4,5,0
Fixed-5,progressive:until-loss,15,im-object-003,4,5,0
Fixed-5,progressive:until-loss,15,im-object-004,4,5,0
Fixed-5,progressive:until-loss,15,im-object-005,4,5,0
Fixed-5,progressive:until-loss,15,im-object-006,4,5,0
Fixed-5,progressive:until-loss,15,im-object-007,4,5,0
Fixed-5,progressive:until-loss,15,im-object-008,4,5,0
Fixed-5,progressive:until-loss,15,im-object-009,4,5,0
Fixed-5,progressive:until-loss,15,im-object-010,4,5,0
Fixed-5,progressive:until-loss,15,im-object-011,4,5,0
Fixed-5,progressive:until-loss,15,im-object-012,4,5,0
Fixed-5,progressive:until-loss,15,im-object-013,4,5,0
Fixed-5,progressive:until-loss,15,im-object-014,4,5,0
Fixed-5,progressive:until-loss,15,im-object-015,4,5,0
Fixed-5,progressive:until-loss,15,im-object-016,4,5,0
Fixed-5,progressive:until-loss,15,im-object-017,4,5,0
Fixed-5,progressive:until-loss,15,im-object-018,4,5,0
Fixed-5,progressive:until-loss,15,im-object-019,4,5,0
Fixed-5,progressive:until-loss,15,im-object-020,4,5,0
Fixed-5,progressive:until-loss,15,im-object-021,4,5,0
Fixed-5,progressive:until-loss,15,im-object-022,4,5,0
Fixed-5,progressive:until-loss,15,im-object-023,4,5,0
Fixed-5,progressive:until-loss,15,im-object-024,4,5,0
Fixed-5,progressive:until-loss,15,im-object-025,4,5,0
Fixed-5,progressive:until-loss,15,im-object-026,4,5,0
Fixed-5,progressive:until-loss,15,im-object-027,4,5,0
Fixed-5,progressive:until-loss,15,im-object-028,4,5,0
Fixed-5,progressive:until-loss,15,im-object-029,4,5,0
Fixed-5,progressive:until-loss,15,im-object-030,4,5,0
Fixed-5,progressive:until-loss,15,im-object-031,4,5,0
Fixed-5,progressive:until-loss,15,im-object-032,4,5,0
Fixed-5,progressive:until-loss,15,im-object-033,4,5,0
Fixed-5,progressive:until-loss,15,im-object-034,4,5,0
Fixed-5,progressive:until-loss,15,im-object-035,4,5,0
Fixed-5,progressive:until-loss,15,im-object-036,4,5,0
Fixed-5,progressive:until-loss,15,im-object-037,4,5,0
Fixed-5,progressive:until-loss,15,im-object-038,4,5,0
Fixed-5,progressive:until-loss,15,im-object-039,4,5,0
Fixed-5,progressive:until-loss,15,im-object-040,4,5,0
Fixed-5,progressive:until-loss,15,im-object-041,4,5,0
Fixed-5,progressive:until-loss,15,im-object-042,4,5,0
Fixed-5,progressive:until-loss,15,im-object-043,4,5,0
Fixed-5,progressive:until-loss,15,im-object-044,4,5,0
Fixed-5,progressive:until-loss,15,im-object-045,4,5,0
Fixed-5,progressive:until-loss,15,im-object-046,4,5,0
Fixed-5,progressive:until-loss,15,im-object-047,4,5,0
Fixed-5,progressive:until-loss,15,im-object-048,4,5,0
Fixed-5,progressive:until-loss,15,im-object-049,4,5,0
Fixed-5,progressive:until-loss,15,im-object-050,4,5,0
Fixed-5,progressive:until-loss,15,im-object-051,4,5,0
Fixed-5,progressive:until-loss,15,im-object-052,4,5,0
Fixed-5,progressive:until-loss,15,im-object-053,4,5,0
Fixed-5,progressive:until-loss,15,im-object-054,4,5,0
Fixed-5,progressive:until-loss,15,im-object-055,4,5,0
Fixed-5,progressive:until-loss,15,im-object-056,4,5,0
Fixed-5,progressive:until-loss,15,im-object-057,4,5,0
Fixed-5,progressive:until-loss,16,im-object-001,4,5,0
Fixed-5,progressive:until-loss,16,im-object-002,4,5,0
Fixed-5,progressive:until-loss,16,im-object-003,4,5,0
Fixed-5,progressive:until-loss,16,im-object-004,4,5,0
Fixed-5,progressive:until-loss,16,im-object-005,4,5,0
Fixed-5,progressive:until-loss,16,im-object-006,4,5,0
Fixed-5,progressive:until-loss,16,im-object-007,4,5,0
Fixed-5,progressive:until-loss,16,im-object-008,4,5,0
Fixed-5,progressive:until-loss,16,im-object-009,4,5,0
Fixed-5,progressive:until-loss,16,im-object-010,4,5,0
Fixed-5,progressive:until-loss,16,im-object-011,4,5,0
Fixed-5,progressive:until-loss,16,im-object-012,4,5,0
Fixed-5,progressive:until-loss,16,im-object-013,4,5,0
Fixed-5,progressive:until-loss,16,im-object-014,4,5,0
Fixed-5,progressive:until-loss,16,im-object-015,4,5,0
Fixed-5,progressive:until-loss,16,im-object-016,4,5,0
Fixed-5,progressive:until-loss,16,im-object-017,4,5,0
Fixed-5,progressive:until-loss,16,im-object-018,4,5,0
Fixed-5,progressive:until-loss,16,im-object-019,4,5,0
Fixed-5,progressive:until-loss,16,im-object-020,4,5,0
Fixed-5,progressive:until-loss,16,im-object-021,4,5,0
Fixed-5,progressive:until-loss,16,im-object-022,4,5,0
Fixed-5,progressive:until-loss,16,im-object-023,4,5,0
Fixed-5,progressive:until-loss,16,im-object-024,4,5,0
Fixed-5,progressive:until-loss,16,im-object-025,4,5,0
Fixed-5,progressive:until-loss,16,im-object-026,4,5,0
Fixed-5,progressive:until-loss,16,im-object-027,4,5,0
Fixed-5,progressive:until-loss,16,im-object-028,4,5,0
Fixed-5,progressive:until-loss,16,im-object-029,4,5,0
Fixed-5,progressive:until-loss,16,im-object-030,4,5,0
Fixed-5,progressive:until-loss,16,im-object-031,4,5,0
Fixed-5,progressive:until-loss,16,im-object-032,4,5,0
Fixed-5,progressive:until-loss,16,im-object-033,4,5,0
Fixed-5,progressive:until-loss,16,im-object-034,4,5,0
Fixed-5,progressive:until-loss,16,im-object-035,4,5,0
Fixed-5,progressive:until-loss,16,im-object-036,4,5,0
Fixed-5,progressive:until-loss,16,im-object-037,4,5,0
Fixed-5,progressive:until-loss,16,im-object-038,4,5,0
Fixed-5,progressive:until-loss,16,im-object-039,4,5,0
Fixed-5,progressive:until-loss,16,im-object-040,4,5,0
Fixed-5,progressive:until-loss,16,im-object-041,4,5,0
Fixed-5,progressive:until-loss,16,im-object-042,4,5,0
Fixed-5,progressive:until-loss,16,im-object-043,4,5,0
Fixed-5,progressive:until-loss,16,im-object-044,4,5,0
Fixed-5,progressive:until-loss,16,im-object-045,4,5,0
Fixed-5,progressive:until-loss,16,im-object-046,4,5,0
Fixed-5,progressive:until-loss,16,im-object-047,4,5,0
Fixed-5,progressive:until-loss,16,im-object-048,4,5,0
Fixed-5,progressive:until-loss,16,im-object-049,4,5,0
Fixed-5,progressive:until-loss,16,im-object-050,4,5,0
Fixed-5,progressive:until-loss,16,im-object-051,4,5,0
Fixed-5,progressive:until-loss,16,im-object-052,4,5,0
Fixed-5,progressive:until-loss,16,im-object-053,4,5,0
Fixed-5,progressive:until-loss,16,im-object-054,4,5,0
Fixed-5,progressive:until-loss,16,im-object-055,4,5,0
Fixed-5,progressive:until-loss,16,im-object-056,4,5,0
Fixed-5,progressive:until-loss,16,im-object-057,4,5,0
Fixed-5,progressive:until-loss,17,im-object-001,4,5,0
Fixed-5,progressive:until-loss,17,im-object-002,4,5,0
Fixed-5,progressive:until-loss,17,im-object-003,4,5,0
Fixed-5,progressive:until-loss,17,im-object-004,4,5,0
Fixed-5,progressive:until-loss,17,im-object-005,4,5,0
Fixed-5,progressive:until-loss,17,im-object-006,4,5,0
Fixed-5,progressive:until-loss,17,im-object-007,4,5,0
Fixed-5,progressive:until-loss,17,im-object-008,4,5,0
Fixed-5,progressive:until-loss,17,im-object-009,4,5,0
Fixed-5,progressive:until-loss,17,im-object-010,4,5,0
Fixed-5,progressive:until-loss,17,im-object-011,4,5,0
Fixed-5,progressive:until-loss,17,im-object-012,4,5,0
Fixed-5,progressive:until-loss,17,im-object-013,4,5,0
Fixed-5,progressive:until-loss,17,im-object-014,4,5,0
Fixed-5,progressive:until-loss,17,im-object-015,4,5,0
Fixed-5,progressive:until-loss,17,im-object-016,4,5,0
Fixed-5,progressive:until-loss,17,im-object-017,4,5,0
Fixed-5,progressive:until-loss,17,im-object-018,4,5,0
Fixed-5,progressive:until-loss,17,im-object-019,4,5,0
Fixed-5,progressive:until-loss,17,im-object-020,4,5,0
Fixed-5,progressive:until-loss,17,im-object-021,4,5,0
Fixed-5,progressive:until-loss,17,im-object-022,4,5,0
Fixed-5,progressive:until-loss,17,im-object-023,4,5,0
Fixed-5,progressive:until-loss,17,im-object-024,4,5,0
Fixed-5,progressive:until-loss,17,im-object-025,4,5,0
Fixed-5,progressive:until-loss,17,im-object-026,4,5,0
Fixed-5,progressive:until-loss,17,im-object-027,4,5,0
Fixed-5,progressive:until-loss,17,im-object-028,4,5,0
Fixed-5,progressive:until-loss,17,im-object-029,4,5,0
Fixed-5,progressive:until-loss,17,im-object-030,4,5,0
Fixed-5,progressive:until-loss,17,im-object-031,4,5,0
Fixed-5,progressive:until-loss,17,im-object-032,4,5,0
Fixed-5,progressive:until-loss,17,im-object-033,4,5,0
Fixed-5,progressive:until-loss,17,im-object-034,4,5,0
Fixed-5,progressive:until-loss,17,im-object-035,4,5,0
Fixed-5,progressive:until-loss,17,im-object-036,4,5,0
Fixed-5,progressive:until-loss,17,im-object-037,4,5,0
Fixed-5,progressive:until-loss,17,im-object-038,4,5,0
Fixed-5,progressive:until-loss,17,im-object-039,4,5,0
Fixed-5,progressive:until-loss,17,im-object-040,4,5,0
Fixed-5,progressive:until-loss,17,im-object-041,4,5,0
Fixed-5,progressive:until-loss,17,im-object-042,4,5,0
Fixed-5,progressive:until-loss,17,im-object-043,4,5,0
Fixed-5,progressive:until-loss,17,im-object-044,4,5,0
Fixed-5,progressive:until-loss,17,im-object-045,4,5,0
Fixed-5,progressive:until-loss,17,im-object-046,4,5,0
Fixed-5,progressive:until-loss,17,im-object-047,4,5,0
Fixed-5,progressive:until-loss,17,im-object-048,4,5,0
Fixed-5,progressive:until-loss,17,im-object-049,4,5,0
Fixed-5,progressive:until-loss,17,im-object-050,4,5,0
Fixed-5,progressive:until-loss,17,im-object-051,4,5,0
Fixed-5,progressive:until-loss,17,im-object-052,4,5,0
Fixed-5,progressive:until-loss,17,im-object-053,4,5,0
Fixed-5,progressive:until-loss,17,im-object-054,4,5,0
Fixed-5,progressive:until-loss,17,im-object-055,4,5,0
Fixed-5,progressive:until-loss,17,im-object-056,4,5,0
Fixed-5,progressive:until-loss,17,im-object-057,4,5,0
Fixed-5,progressive:until-loss,18,im-object-001,4,5,0
Fixed-5,progressive:until-loss,18,im-object-002,4,5,0
Fixed-5,progressive:until-loss,18,im-object-003,4,5,0
Fixed-5,progressive:until-loss,18,im-object-004,4,5,0
Fixed-5,progressive:until-loss,18,im-object-005,4,5,0
Fixed-5,progressive:until-loss,18,im-object-006,4,5,0
Fixed-5,progressive:until-loss,18,im-object-007,4,5,0
Fixed-5,progressive:until-loss,18,im-object-008,4,5,0
Fixed-5,progressive:until-loss,18,im-object-009,4,5,0
Fixed-5,progressive:until-loss,18,im-object-010,4,5,0
Fixed-5,progressive:until-loss,18,im-object-011,4,5,0
Fixed-5,progressive:until-loss,18,im-object-012,4,5,0
Fixed-5,progressive:until-loss,18,im-object-013,4,5,0
Fixed-5,progressive:until-loss,18,im-object-014,4,5,0
Fixed-5,progressive:until-loss,18,im-object-015,4,5,0
Fixed-5,progressive:until-loss,18,im-object-016,4,5,0
Fixed-5,progressive:until-loss,18,im-object-017,4,5,0
Fixed-5,progressive:until-loss,18,im-object-018,4,5,0
Fixed-5,progressive:until-loss,18,im-object-019,4,5,0
Fixed-5,progressive:until-loss,18,im-object-020,4,5,0
Fixed-5,progressive:until-loss,18,im-object-021,4,5,0
Fixed-5,progressive:until-loss,18,im-object-022,4,5,0
Fixed-5,progressive:until-loss,18,im-object-023,4,5,0
Fixed-5,progressive:until-loss,18,im-object-024,4,5,0
Fixed-5,progressive:until-loss,18,im-object-025,4,5,0
Fixed-5,progressive:until-loss,18,im-object-026,4,5,0
Fixed-5,progressive:until-loss,18,im-object-027,4,5,0
Fixed-5,progressive:until-loss,18,im-object-028,4,5,0
Fixed-5,progressive:until-loss,18,im-object-029,4,5,0
Fixed-5,progressive:until-loss,18,im-object-030,4,5,0
Fixed-5,progressive:until-loss,18,im-object-031,4,5,0
Fixed-5,progressive:until-loss,18,im-object-032,4,5,0
Fixed-5,progressive:until-loss,18,im-object-033,4,5,0
Fixed-5,progressive:until-loss,18,im-object-034,4,5,0
Fixed-5,progressive:until-loss,18,im-object-035,4,5,0
Fixed-5,progressive:until-loss,18,im-object-036,4,5,0
Fixed-5,progressive:until-loss,18,im-object-037,4,5,0
Fixed-5,progressive:until-loss,18,im-object-038,4,5,0
Fixed-5,progressive:until-loss,18,im-object-039,4,5,0
Fixed-5,progressive:until-loss,18,im-object-040,4,5,0
Fixed-5,progressive:until-loss,18,im-object-041,4,5,0
Fixed-5,progressive:until-loss,18,im-object-042,4,5,0
Fixed-5,progressive:until-loss,18,im-object-043,4,5,0
Fixed-5,progressive:until-loss,18,im-object-044,4,5,0
Fixed-5,progressive:until-loss,18,im-object-045,4,5,0
Fixed-5,progressive:until-loss,18,im-object-046,4,5,0
Fixed-5,progressive:until-loss,18,im-object-047,4,5,0
Fixed-5,progressive:until-loss,18,im-object-048,4,5,0
Fixed-5,progressive:until-loss,18,im-object-049,4,5,0
Fixed-5,progressive:until-loss,18,im-object-050,4,5,0
Fixed-5,progressive:until-loss,18,im-object-051,4,5,0
Fixed-5,progressive:until-loss,18,im-object-052,4,5,0
Fixed-5,progressive:until-loss,18,im-object-053,4,5,0
Fixed-5,progressive:until-loss,18,im-object-054,4,5,0
Fixed-5,progressive:until-loss,18,im-object-055,4,5,0
Fixed-5,progressive:until-loss,18,im-object-056,4,5,0
Fixed-5,progressive:until-loss,18,im-object-057,4,5,0
Fixed-5,progressive:until-loss,19,im-object-001,4,5,0
Fixed-5,progressive:until-loss,19,im-object-002,4,5,0
Fixed-5,progressive:until-loss,19,im-object-003,4,5,0
Fixed-5,progressive:until-loss,19,im-object-004,4,5,0
Fixed-5,progressive:until-loss,19,im-object-005,4,5,0
Fixed-5,progressive:until-loss,19,im-object-006,4,5,0
Fixed-5,progressive:until-loss,19,im-object-007,4,5,0
Fixed-5,progressive:until-loss,19,im-object-008,4,5,0
Fixed-5,progressive:until-loss,19,im-object-009,4,5,0
Fixed-5,progressive:until-loss,19,im-object-010,4,5,0
Fixed-5,progressive:until-loss,19,im-object-011,4,5,0
Fixed-5,progressive:until-loss,19,im-object-012,4,5,0
Fixed-5,progressive:until-loss,19,im-object-013,4,5,0
Fixed-5,progressive:until-loss,19,im-object-014,4,5,0
Fixed-5,progressive:until-loss,19,im-object-015,4,5,0
Fixed-5,progressive:until-loss,19,im-object-016,4,5,0
Fixed-5,progressive:until-loss,19,im-object-017,4,5,0
Fixed-5,progressive:until-loss,19,im-object-018,4,5,0
Fixed-5,progressive:until-loss,19,im-object-019,4,5,0
Fixed-5,progressive:until-loss,19,im-object-020,4,5,0
Fixed-5,progressive:until-loss,19,im-object-021,4,5,0
Fixed-5,progressive:until-loss,19,im-object-022,4,5,0
Fixed-5,progressive:until-loss,19,im-object-023,4,5,0
Fixed-5,progressive:until-loss,19,im-object-024,4,5,0
Fixed-5,progressive:until-loss,19,im-object-025,4,5,0
Fixed-5,progressive:until-loss,19,im-object-026,4,5,0
Fixed-5,progressive:until-loss,19,im-object-027,4,5,0
Fixed-5,progressive:until-loss,19,im-object-028,4,5,0
Fixed-5,progressive:until-loss,19,im-object-029,4,5,0
Fixed-5,progressive:until-loss,19,im-object-030,4,5,0
Fixed-5,progressive:until-loss,19,im-object-031,4,5,0
Fixed-5,progressive:until-loss,19,im-object-032,4,5,0
Fixed-5,progressive:until-loss,19,im-object-033,4,5,0
Fixed-5,progressive:until-loss,19,im-object-034,4,5,0
Fixed-5,progressive:until-loss,19,im-object-035,4,5,0
Fixed-5,progressive:until-loss,19,im-object-036,4,5,0
Fixed-5,progressive:until-loss,19,im-object-037,4,5,0
Fixed-5,progressive:until-loss,19,im-object-038,4,5,0
Fixed-5,progressive:until-loss,19,im-object-039,4,5,0
Fixed-5,progressive:until-loss,19,im-object-040,4,5,0
Fixed-5,progressive:until-loss,19,im-object-041,4,5,0
Fixed-5,progressive:until-loss,19,im-object-042,4,5,0
Fixed-5,progressive:until-loss,19,im-object-043,4,5,0
Fixed-5,progressive:until-loss,19,im-object-044,4,5,0
Fixed-5,progressive:until-loss,19,im-object-045,4,5,0
Fixed-5,progressive:until-loss,19,im-object-046,4,5,0
Fixed-5,progressive:until-loss,19,im-object-047,4,5,0
Fixed-5,progressive:until-loss,19,im-object-048,4,5,0
Fixed-5,progressive:until-loss,19,im-object-049,4,5,0
Fixed-5,progressive:until-loss,19,im-object-050,4,5,0
Fixed-5,progressive:until-loss,19,im-object-051,4,5,0
Fixed-5,progressive:until-loss,19,im-object-052,4,5,0
Fixed-5,progressive:until-loss,19,im-object-053,4,5,0
Fixed-5,progressive:until-loss,19,im-object-054,4,5,0
Fixed-5,progressive:until-loss,19,im-object-055,4,5,0
Fixed-5,progressive:until-loss,19,im-object-056,4,5,0
Fixed-5,progressive:until-loss,19,im-object-057,4,5,0
Fixed-5,progressive:until-loss,20,im-object-001,4,5,0
Fixed-5,progressive:until-loss,20,im-object-002,4,5,0
Fixed-5,progressive:until-loss,20,im-object-003,4,5,0
Fixed-5,progressive:until-loss,20,im-object-004,4,5,0
Fixed-5,progressive:until-loss,20,im-object-005,4,5,0
Fixed-5,progressive:until-loss,20,im-object-006,4,5,0
Fixed-5,progressive:until-loss,20,im-object-007,4,5,0
Fixed-5,progressive:until-loss,20,im-object-008,4,5,0
Fixed-5,progressive:until-loss,20,im-object-009,4,5,0
Fixed-5,progressive:until-loss,20,im-object-010,4,5,0
Fixed-5,progressive:until-loss,20,im-object-011,4,5,0
Fixed-5,progressive:until-loss,20,im-object-012,4,5,0
Fixed-5,progressive:until-loss,20,im-object-013,4,5,0
Fixed-5,progressive:until-loss,20,im-object-014,4,5,0
Fixed-5,progressive:until-loss,20,im-object-015,4,5,0
Fixed-5,progressive:until-loss,20,im-object-016,4,5,0
Fixed-5,progressive:until-loss,20,im-object-017,4,5,0
Fixed-5,progressive:until-loss,20,im-object-018,4,5,0
Fixed-5,progressive:until-loss,20,im-object-019,4,5,0
Fixed-5,progressive:until-loss,20,im-object-020,4,5,0
Fixed-5,progressive:until-loss,20,im-object-021,4,5,0
Fixed-5,progressive:until-loss,20,im-object-022,4,5,0
Fixed-5,progressive:until-loss,20,im-object-023,4,5,0
Fixed-5,progressive:until-loss,20,im-object-024,4,5,0
Fixed-5,progressive:until-loss,20,im-object-025,4,5,0
Fixed-5,progressive:until-loss,20,im-object-026,4,5,0
Fixed-5,progressive:until-loss,20,im-object-027,4,5,0
Fixed-5,progressive:until-loss,20,im-object-028,4,5,0
Fixed-5,progressive:until-loss,20,im-object-029,4,5,0
Fixed-5,progressive:until-loss,20,im-object-030,4,5,0
Fixed-5,progressive:until-loss,20,im-object-031,4,5,0
Fixed-5,progressive:until-loss,20,im-object-032,4,5,0
Fixed-5,progressive:until-loss,20,im-object-033,4,5,0
Fixed-5,progressive:until-loss,20,im-object-034,4,5,0
Fixed-5,progressive:until-loss,20,im-object-035,4,5,0
Fixed-5,progressive:until-loss,20,im-object-036,4,5,0
Fixed-5,progressive:until-loss,20,im-object-037,4,5,0
Fixed-5,progressive:until-loss,20,im-object-038,4,5,0
Fixed-5,progressive:until-loss,20,im-object-039,4,5,0
Fixed-5,progressive:until-loss,20,im-object-040,4,5,0
Fixed-5,progressive:until-loss,20,im-object-041,4,5,0
Fixed-5,progressive:until-loss,20,im-object-042,4,5,0
Fixed-5,progressive:until-loss,20,im-object-043,4,5,0
Fixed-5,progressive:until-loss,20,im-object-044,4,5,0
Fixed-5,progressive:until-loss,20,im-object-045,4,5,0
Fixed-5,progressive:until-loss,20,im-object-046,4,5,0
Fixed-5,progressive:until-loss,20,im-object-047,4,5,0
Fixed-5,progressive:until-loss,20,im-object-048,4,5,0
Fixed-5,progressive:until-loss,20,im-object-049,4,5,0
Fixed-5,progressive:until-loss,20,im-object-050,4,5,0
Fixed-5,progressive:until-loss,20,im-object-051,4,5,0
Fixed-5,progressive:until-loss,20,im-object-052,4,5,0
Fixed-5,progressive:until-loss,20,im-object-053,4,5,0
Fixed-5,progressive:until-loss,20,im-object-054,4,5,0
Fixed-5,progressive:until-loss,20,im-object-055,4,5,0
Fixed-5,progressive:until-loss,20,im-object-056,4,5,0
Fixed-5,progressive:until-loss,20,im-object-057,4,5,0
Fixed-5,progressive:until-loss,21,im-object-001,4,5,0
Fixed-5,progressive:until-loss,21,im-object-002,4,5,0
Fixed-5,progressive:until-loss,21,im-object-003,4,5,0
Fixed-5,progressive:until-loss,21,im-object-004,4,5,0
Fixed-5,progressive:until-loss,21,im-object-005,4,5,0
Fixed-5,progressive:until-loss,21,im-object-006,4,5,0
Fixed-5,progressive:until-loss,21,im-object-007,4,5,0
Fixed-5,progressive:until-loss,21,im-object-008,4,5,0
Fixed-5,progressive:until-loss,21,im-object-009,4,5,0
Fixed-5,progressive:until-loss,21,im-object-010,4,5,0
Fixed-5,progressive:until-loss,21,im-object-011,4,5,0
Fixed-5,progressive:until-loss,21,im-object-012,4,5,0
Fixed-5,progressive:until-loss,21,im-object-013,4,5,0
Fixed-5,progressive:until-loss,21,im-object-014,4,5,0
Fixed-5,progressive:until-loss,21,im-object-015,4,5,0
Fixed-5,progressive:until-loss,21,im-object-016,4,5,0
Fixed-5,progressive:until-loss,21,im-object-017,4,5,0
Fixed-5,progressive:until-loss,21,im-object-018,4,5,0
Fixed-5,progressive:until-loss,21,im-object-019,4,5,0
Fixed-5,progressive:until-loss,21,im-object-020,4,5,0
Fixed-5,progressive:until-loss,21,im-object-021,4,5,0
Fixed-5,progressive:until-loss,21,im-object-022,4,5,0
Fixed-5,progressive:until-loss,21,im-object-023,4,5,0
Fixed-5,progressive:until-loss,21,im-object-024,4,5,0
Fixed-5,progressive:until-loss,21,im-object-025,4,5,0
Fixed-5,progressive:until-loss,21,im-object-026,4,5,0
Fixed-5,progressive:until-loss,21,im-object-027,4,5,0
Fixed-5,progressive:until-loss,21,im-object-028,4,5,0
Fixed-5,progressive:until-loss,21,im-object-029,4,5,0
Fixed-5,progressive:until-loss,21,im-object-030,4,5,0
Fixed-5,progressive:until-loss,21,im-object-031,4,5,0
Fixed-5,progressive:until-loss,21,im-object-032,4,5,0
Fixed-5,progressive:until-loss,21,im-object-033,4,5,0
Fixed-5,progressive:until-loss,21,im-object-034,4,5,0
Fixed-5,progressive:until-loss,21,im-object-035,4,5,0
Fixed-5,progressive:until-loss,21,im-object-036,4,5,0
Fixed-5,progressive:until-loss,21,im-object-037,4,5,0
Fixed-5,progressive:until-loss,21,im-object-038,4,5,0
Fixed-5,progressive:until-loss,21,im-object-039,4,5,0
Fixed-5,progressive:until-loss,21,im-object-040,4,5,0
Fixed-5,progressive:until-loss,21,im-object-041,4,5,0
Fixed-5,progressive:until-loss,21,im-object-042,4,5,0
Fixed-5,progressive:until-loss,21,im-object-043,4,5,0
Fixed-5,progressive:until-loss,21,im-object-044,4,5,0
Fixed-5,progressive:until-loss,21,im-object-045,4,5,0
Fixed-5,progressive:until-loss,21,im-object-046,4,5,0
Fixed-5,progressive:until-loss,21,im-object-047,4,5,0
Fixed-5,progressive:until-loss,21,im-object-048,4,5,0
Fixed-5,progressive:until-loss,21,im-object-049,4,5,0
Fixed-5,progressive:until-loss,21,im-object-050,4,5,0
Fixed-5,progressive:until-loss,21,im-object-051,4,5,0
Fixed-5,progressive:until-loss,21,im-object-052,4,5,0
Fixed-5,progressive:until-loss,21,im-object-053,4,5,0
Fixed-5,progressive:until-loss,21,im-object-054,4,5,0
Fixed-5,progressive:until-loss,21,im-object-055,4,5,0
Fixed-5,progressive:until-loss,21,im-object-056,4,5,0
Fixed-5,progressive:until-loss,21,im-object-057,4,5,0
Fixed-5,progressive:until-loss,22,im-object-001,4,5,0
Fixed-5,progressive:until-loss,22,im-object-002,4,5,0
Fixed-5,progressive:until-loss,22,im-object-003,4,5,0
Fixed-5,progressive:until-loss,22,im-object-004,4,5,0
Fixed-5,progressive:until-loss,22,im-object-005,4,5,0
Fixed-5,progressive:until-loss,22,im-object-006,4,5,0
Fixed-5,progressive:until-loss,22,im-object-007,4,5,0
Fixed-5,progressive:until-loss,22,im-object-008,4,5,0
Fixed-5,progressive:until-loss,22,im-object-009,4,5,0
Fixed-5,progressive:until-loss,22,im-object-010,4,5,0
Fixed-5,progressive:until-loss,22,im-object-011,4,5,0
Fixed-5,progressive:until-loss,22,im-object-012,4,5,0
Fixed-5,progressive:until-loss,22,im-object-013,4,5,0
Fixed-5,progressive:until-loss,22,im-object-014,4,5,0
Fixed-5,progressive:until-loss,22,im-object-015,4,5,0
Fixed-5,progressive:until-loss,22,im-object-016,4,5,0
Fixed-5,progressive:until-loss,22,im-object-017,4,5,0
Fixed-5,progressive:until-loss,22,im-object-018,4,5,0
Fixed-5,progressive:until-loss,22,im-object-019,4,5,0
Fixed-5,progressive:until-loss,22,im-object-020,4,5,0
Fixed-5,progressive:until-loss,22,im-object-021,4,5,0
Fixed-5,progressive:until-loss,22,im-object-022,4,5,0
Fixed-5,progressive:until-loss,22,im-object-023,4,5,0
Fixed-5,progressive:until-loss,22,im-object-024,4,5,0
Fixed-5,progressive:until-loss,22,im-object-025,4,5,0
Fixed-5,progressive:until-loss,22,im-object-026,4,5,0
Fixed-5,progressive:until-loss,22,im-object-027,4,5,0
Fixed-5,progressive:until-loss,22,im-object-028,4,5,0
Fixed-5,progressive:until-loss,22,im-object-029,4,5,0
Fixed-5,progressive:until-loss,22,im-object-030,4,5,0
Fixed-5,progressive:until-loss,22,im-object-031,4,5,0
Fixed-5,progressive:until-loss,22,im-object-032,4,5,0
Fixed-5,progressive:until-loss,22,im-object-033,4,5,0
Fixed-5,progressive:until-loss,22,im-object-034,4,5,0
Fixed-5,progressive:until-loss,22,im-object-035,4,5,0
Fixed-5,progressive:until-loss,22,im-object-036,4,5,0
Fixed-5,progressive:until-loss,22,im-object-037,4,5,0
Fixed-5,progressive:until-loss,22,im-object-038,4,5,0
Fixed-5,progressive:until-loss,22,im-object-039,4,5,0
Fixed-5,progressive:until-loss,22,im-object-040,4,5,0
Fixed-5,progressive:until-loss,22,im-object-041,4,5,0
Fixed-5,progressive:until-loss,22,im-object-042,4,5,0
Fixed-5,progressive:until-loss,22,im-object-043,4,5,0
Fixed-5,progressive:until-loss,22,im-object-044,4,5,0
Fixed-5,progressive:until-loss,22,im-object-045,4,5,0
Fixed-5,progressive:until-loss,22,im-object-046,4,5,0
Fixed-5,progressive:until-loss,22,im-object-047,4,5,0
Fixed-5,progressive:until-loss,22,im-object-048,4,5,0
Fixed-5,progressive:until-loss,22,im-object-049,4,5,0
Fixed-5,progressive:until-loss,22,im-object-050,4,5,0
Fixed-5,progressive:until-loss,22,im-object-051,4,5,0
Fixed-5,progressive:until-loss,22,im-object-052,4,5,0
Fixed-5,progressive:until-loss,22,im-object-053,4,5,0
Fixed-5,progressive:until-loss,22,im-object-054,4,5,0
Fixed-5,progressive:until-loss,22,im-object-055,4,5,0
Fixed-5,progressive:until-loss,22,im-object-056,4,5,0
Fixed-5,progressive:until-loss,22,im-object-057,4,5,0
Fixed-5,progressive:until-loss,23,im-object-001,4,5,0
Fixed-5,progressive:until-loss,23,im-object-002,4,5,0
Fixed-5,progressive:until-loss,23,im-object-003,4,5,0
Fixed-5,progressive:until-loss,23,im-object-004,4,5,0
Fixed-5,progressive:until-loss,23,im-object-005,4,5,0
Fixed-5,progressive:until-loss,23,im-object-006,4,5,0
Fixed-5,progressive:until-loss,23,im-object-007,4,5,0
Fixed-5,progressive:until-loss,23,im-object-008,4,5,0
Fixed-5,progressive:until-loss,23,im-object-009,4,5,0
Fixed-5,progressive:until-loss,23,im-object-010,4,5,0
Fixed-5,progressive:until-loss,23,im-object-011,4,5,0
Fixed-5,progressive:until-loss,23,im-object-012,4,5,0
Fixed-5,progressive:until-loss,23,im-object-013,4,5,0
Fixed-5,progressive:until-loss,23,im-object-014,4,5,0
Fixed-5,progressive:until-loss,23,im-object-015,4,5,0
Fixed-5,progressive:until-loss,23,im-object-016,4,5,0
Fixed-5,progressive:until-loss,23,im-object-017,4,5,0
Fixed-5,progressive:until-loss,23,im-object-018,4,5,0
Fixed-5,progressive:until-loss,23,im-object-019,4,5,0
Fixed-5,progressive:until-loss,23,im-object-020,4,5,0
Fixed-5,progressive:until-loss,23,im-object-021,4,5,0
Fixed-5,progressive:until-loss,23,im-object-022,4,5,0
Fixed-5,progressive:until-loss,23,im-object-023,4,5,0
Fixed-5,progressive:until-loss,23,im-object-024,4,5,0
Fixed-5,progressive:until-loss,23,im-object-025,4,5,0
Fixed-5,progressive:until-loss,23,im-object-026,4,5,0
Fixed-5,progressive:until-loss,23,im-object-027,4,5,0
Fixed-5,progressive:until-loss,23,im-object-028,4,5,0
Fixed-5,progressive:until-loss,23,im-object-029,4,5,0
Fixed-5,progressive:until-loss,23,im-object-030,4,5,0
Fixed-5,progressive:until-loss,23,im-object-031,4,5,0
Fixed-5,progressive:until-loss,23,im-object-032,4,5,0
Fixed-5,progressive:until-loss,23,im-object-033,4,5,0
Fixed-5,progressive:until-loss,23,im-object-034,4,5,0
Fixed-5,progressive:until-loss,23,im-object-035,4,5,0
Fixed-5,progressive:until-loss,23,im-object-036,4,5,0
Fixed-5,progressive:until-loss,23,im-object-037,4,5,0
Fixed-5,progressive:until-loss,23,im-object-038,4,5,0
Fixed-5,progressive:until-loss,23,im-object-039,4,5,0
Fixed-5,progressive:until-loss,23,im-object-040,4,5,0
Fixed-5,progressive:until-loss,23,im-object-041,4,5,0
Fixed-5,progressive:until-loss,23,im-object-042,4,5,0
Fixed-5,progressive:until-loss,23,im-object-043,4,5,0
Fixed-5,progressive:until-loss,23,im-object-044,4,5,0
Fixed-5,progressive:until-loss,23,im-object-045,4,5,0
Fixed-5,progressive:until-loss,23,im-object-046,4,5,0
Fixed-5,progressive:until-loss,23,im-object-047,4,5,0
Fixed-5,progressive:until-loss,23,im-object-048,4,5,0
Fixed-5,progressive:until-loss,23,im-object-049,4,5,0
Fixed-5,progressive:until-loss,23,im-object-050,4,5,0
Fixed-5,progressive:until-loss,23,im-object-051,4,5,0
Fixed-5,progressive:until-loss,23,im-object-052,4,5,0
Fixed-5,progressive:until-loss,23,im-object-053,4,5,0
Fixed-5,progressive:until-loss,23,im-object-054,4,5,0
Fixed-5,progressive:until-loss,23,im-object-055,4,5,0
Fixed-5,progressive:until-loss,23,im-object-056,4,5,0
Fixed-5,progressive:until-loss,23,im-object-057,4,5,0
Fixed-5,progressive:until-loss,24,im-object-001,4,5,0
Fixed-5,progressive:until-loss,24,im-object-002,4,5,0
Fixed-5,progressive:until-loss,24,im-object-003,4,5,0
Fixed-5,progressive:until-loss,24,im-object-004,4,5,0
Fixed-5,progressive:until-loss,24,im-object-005,4,5,0
Fixed-5,progressive:until-loss,24,im-object-006,4,5,0
Fixed-5,progressive:until-loss,24,im-object-007,4,5,0
Fixed-5,progressive:until-loss,24,im-object-008,4,5,0
Fixed-5,progressive:until-loss,24,im-object-009,4,5,0
Fixed-5,progressive:until-loss,24,im-object-010,4,5,0
Fixed-5,progressive:until-loss,24,im-object-011,4,5,0
Fixed-5,progressive:until-loss,24,im-object-012,4,5,0
Fixed-5,progressive:until-loss,24,im-object-013,4,5,0
Fixed-5,progressive:until-loss,24,im-object-014,4,5,0
Fixed-5,progressive:until-loss,24,im-object-015,4,5,0
Fixed-5,progressive:until-loss,24,im-object-016,4,5,0
Fixed-5,progressive:until-loss,24,im-object-017,4,5,0
Fixed-5,progressive:until-loss,24,im-object-018,4,5,0
Fixed-5,progressive:until-loss,24,im-object-019,4,5,0
Fixed-5,progressive:until-loss,24,im-object-020,4,5,0
Fixed-5,progressive:until-loss,24,im-object-021,4,5,0
Fixed-5,progressive:until-loss,24,im-object-022,4,5,0
Fixed-5,progressive:until-loss,24,im-object-023,4,5,0
Fixed-5,progressive:until-loss,24,im-object-024,4,5,0
Fixed-5,progressive:until-loss,24,im-object-025,4,5,0
Fixed-5,progressive:until-loss,24,im-object-026,4,5,0
Fixed-5,progressive:until-loss,24,im-object-027,4,5,0
Fixed-5,progressive:until-loss,24,im-object-028,4,5,0
Fixed-5,progressive:until-loss,24,im-object-029,4,5,0
Fixed-5,progressive:until-loss,24,im-object-030,4,5,0
Fixed-5,progressive:until-loss,24,im-object-031,4,5,0
Fixed-5,progressive:until-loss,24,im-object-032,4,5,0
Fixed-5,progressive:until-loss,24,im-object-033,4,5,0
Fixed-5,progressive:until-loss,24,im-object-034,4,5,0
Fixed-5,progressive:until-loss,24,im-object-035,4,5,0
Fixed-5,progressive:until-loss,24,im-object-036,4,5,0
Fixed-5,progressive:until-loss,24,im-object-037,4,5,0
Fixed-5,progressive:until-loss,24,im-object-038,4,5,0
Fixed-5,progressive:until-loss,24,im-object-039,4,5,0
Fixed-5,progressive:until-loss,24,im-object-040,4,5,0
Fixed-5,progressive:until-loss,24,im-object-041,4,5,0
Fixed-5,progressive:until-loss,24,im-object-042,4,5,0
Fixed-5,progressive:until-loss,24,im-object-043,4,5,0
Fixed-5,progressive:until-loss,24,im-object-044,4,5,0
Fixed-5,progressive:until-loss,24,im-object-045,4,5,0
Fixed-5,progressive:until-loss,24,im-object-046,4,5,0
Fixed-5,progressive:until-loss,24,im-object-047,4,5,0
Fixed-5,progressive:until-loss,24,im-object-048,4,5,0
Fixed-5,progressive:until-loss,24,im-object-049,4,5,0
Fixed-5,progressive:until-loss,24,im-object-050,4,5,0
Fixed-5,progressive:until-loss,24,im-object-051,4,5,0
Fixed-5,progressive:until-loss,24,im-object-052,4,5,0
Fixed-5,progressive:until-loss,24,im-object-053,4,5,0
Fixed-5,progressive:until-loss,24,im-object-054,4,5,0
Fixed-5,progressive:until-loss,24,im-object-055,4,5,0
Fixed-5,progressive:until-loss,24,im-object-056,4,5,0
Fixed-5,progressive:until-loss,24,im-object-057,4,5,0
Fixed-5,progressive:until-loss,25,im-object-001,4,5,0
Fixed-5,progressive:until-loss,25,im-object-002,4,5,0
Fixed-5,progressive:until-loss,25,im-object-003,4,5,0
Fixed-5,progressive:until-loss,25,im-object-004,4,5,0
Fixed-5,progressive:until-loss,25,im-object-005,4,5,0
Fixed-5,progressive:until-loss,25,im-object-006,4,5,0
Fixed-5,progressive:until-loss,25,im-object-007,4,5,0
Fixed-5,progressive:until-loss,25,im-object-008,4,5,0
Fixed-5,progressive:until-loss,25,im-object-009,4,5,0
Fixed-5,progressive:until-loss,25,im-object-010,4,5,0
Fixed-5,progressive:until-loss,25,im-object-011,4,5,0
Fixed-5,progressive:until-loss,25,im-object-012,4,5,0
Fixed-5,progressive:until-loss,25,im-object-013,4,5,0
Fixed-5,progressive:until-loss,25,im-object-014,4,5,0
Fixed-5,progressive:until-loss,25,im-object-015,4,5,0
Fixed-5,progressive:until-loss,25,im-object-016,4,5,0
Fixed-5,progressive:until-loss,25,im-object-017,4,5,0
Fixed-5,progressive:until-loss,25,im-object-018,4,5,0
Fixed-5,progressive:until-loss,25,im-object-019,4,5,0
Fixed-5,progressive:until-loss,25,im-object-020,4,5,0
Fixed-5,progressive:until-loss,25,im-object-021,4,5,0
Fixed-5,progressive:until-loss,25,im-object-022,4,5,0
Fixed-5,progressive:until-loss,25,im-object-023,4,5,0
Fixed-5,progressive:until-loss,25,im-object-024,4,5,0
Fixed-5,progressive:until-loss,25,im-object-025,4,5,0
Fixed-5,progressive:until-loss,25,im-object-026,4,5,0
Fixed-5,progressive:until-loss,25,im-object-027,4,5,0
Fixed-5,progressive:until-loss,25,im-object-028,4,5,0
Fixed-5,progressive:until-loss,25,im-object-029,4,5,0
Fixed-5,progressive:until-loss,25,im-object-030,4,5,0
Fixed-5,progressive:until-loss,25,im-object-031,4,5,0
Fixed-5,progressive:until-loss,25,im-object-032,4,5,0
Fixed-5,progressive:until-loss,25,im-object-033,4,5,0
Fixed-5,progressive:until-loss,25,im-object-034,4,5,0
Fixed-5,progressive:until-loss,25,im-object-035,4,5,0
Fixed-5,progressive:until-loss,25,im-object-036,4,5,0
Fixed-5,progressive:until-loss,25,im-object-037,4,5,0
Fixed-5,progressive:until-loss,25,im-object-038,4,5,0
Fixed-5,progressive:until-loss,25,im-object-039,4,5,0
Fixed-5,progressive:until-loss,25,im-object-040,4,5,0
Fixed-5,progressive:until-loss,25,im-object-041,4,5,0
Fixed-5,progressive:until-loss,25,im-object-042,4,5,0
Fixed-5,progressive:until-loss,25,im-object-043,4,5,0
Fixed-5,progressive:until-loss,25,im-object-044,4,5,0
Fixed-5,progressive:until-loss,25,im-object-045,4,5,0
Fixed-5,progressive:until-loss,25,im-object-046,4,5,0
Fixed-5,progressive:until-loss,25,im-object-047,4,5,0
Fixed-5,progressive:until-loss,25,im-object-048,4,5,0
Fixed-5,progressive:until-loss,25,im-object-049,4,5,0
Fixed-5,progressive:until-loss,25,im-object-050,4,5,0
Fixed-5,progressive:until-loss,25,im-object-051,4,5,0
Fixed-5,progressive:until-loss,25,im-object-052,4,5,0
Fixed-5,progressive:until-loss,25,im-object-053,4,5,0
Fixed-5,progressive:until-loss,25,im-object-054,4,5,0
Fixed-5,progressive:until-loss,25,im-object-055,4,5,0
Fixed-5,progressive:until-loss,25,im-object-056,4,5,0
Fixed-5,progressive:until-loss,25,im-object-057,4,5,0
Fixed-5,progressive:until-loss,26,im-object-001,4,5,0
Fixed-5,progressive:until-loss,26,im-object-002,4,5,0
Fixed-5,progressive:until-loss,26,im-object-003,4,5,0
Fixed-5,progressive:until-loss,26,im-object-004,4,5,0
Fixed-5,progressive:until-loss,26,im-object-005,4,5,0
Fixed-5,progressive:until-loss,26,im-object-006,4,5,0
Fixed-5,progressive:until-loss,26,im-object-007,4,5,0
Fixed-5,progressive:until-loss,26,im-object-008,4,5,0
Fixed-5,progressive:until-loss,26,im-object-009,4,5,0
Fixed-5,progressive:until-loss,26,im-object-010,4,5,0
Fixed-5,progressive:until-loss,26,im-object-011,4,5,0
Fixed-5,progressive:until-loss,26,im-object-012,4,5,0
Fixed-5,progressive:until-loss,26,im-object-013,4,5,0
Fixed-5,progressive:until-loss,26,im-object-014,4,5,0
Fixed-5,progressive:until-loss,26,im-object-015,4,5,0
Fixed-5,progressive:until-loss,26,im-object-016,4,5,0
Fixed-5,progressive:until-loss,26,im-object-017,4,5,0
Fixed-5,progressive:until-loss,26,im-object-018,4,5,0
Fixed-5,progressive:until-loss,26,im-object-019,4,5,0
Fixed-5,progressive:until-loss,26,im-object-020,4,5,0
Fixed-5,progressive:until-loss,26,im-object-021,4,5,0
Fixed-5,progressive:until-loss,26,im-object-022,4,5,0
Fixed-5,progressive:until-loss,26,im-object-023,4,5,0
Fixed-5,progressive:until-loss,26,im-object-024,4,5,0
Fixed-5,progressive:until-loss,26,im-object-025,4,5,0
Fixed-5,progressive:until-loss,26,im-object-026,4,5,0
Fixed-5,progressive:until-loss,26,im-object-027,4,5,0
Fixed-5,progressive:until-loss,26,im-object-028,4,5,0
Fixed-5,progressive:until-loss,26,im-object-029,4,5,0
Fixed-5,progressive:until-loss,26,im-object-030,4,5,0
Fixed-5,progressive:until-loss,26,im-object-031,4,5,0
Fixed-5,progressive:until-loss,26,im-object-032,4,5,0
Fixed-5,progressive:until-loss,26,im-object-033,4,5,0
Fixed-5,progressive:until-loss,26,im-object-034,4,5,0
Fixed-5,progressive:until-loss,26,im-object-035,4,5,0
Fixed-5,progressive:until-loss,26,im-object-036,4,5,0
Fixed-5,progressive:until-loss,26,im-object-037,4,5,0
Fixed-5,progressive:until-loss,26,im-object-038,4,5,0
Fixed-5,progressive:until-loss,26,im-object-039,4,5,0
Fixed-5,progressive:until-loss,26,im-object-040,4,5,0
Fixed-5,progressive:until-loss,26,im-object-041,4,5,0
Fixed-5,progressive:until-loss,26,im-object-042,4,5,0
Fixed-5,progressive:until-loss,26,im-object-043,4,5,0
Fixed-5,progressive:until-loss,26,im-object-044,4,5,0
Fixed-5,progressive:until-loss,26,im-object-045,4,5,0
Fixed-5,progressive:until-loss,26,im-object-046,4,5,0
Fixed-5,progressive:until-loss,26,im-object-047,4,5,0
Fixed-5,progressive:until-loss,26,im-object-048,4,5,0
Fixed-5,progressive:until-loss,26,im-object-049,4,5,0
Fixed-5,progressive:until-loss,26,im-object-050,4,5,0
Fixed-5,progressive:until-loss,26,im-object-051,4,5,0
Fixed-5,progressive:until-loss,26,im-object-052,4,5,0
Fixed-5,progressive:until-loss,26,im-object-053,4,5,0
Fixed-5,progressive:until-loss,26,im-object-054,4,5,0
Fixed-5,progressive:until-loss,26,im-object-055,4,5,0
Fixed-5,progressive:until-loss,26,im-object-056,4,5,0
Fixed-5,progressive:until-loss,26,im-object-057,4,5,0
Fixed-5,progressive:until-loss,27,im-object-001,4,5,0
Fixed-5,progressive:until-loss,27,im-object-002,4,5,0
Fixed-5,progressive:until-loss,27,im-object-003,4,5,0
Fixed-5,progressive:until-loss,27,im-object-004,4,5,0
Fixed-5,progressive:until-loss,27,im-object-005,4,5,0
Fixed-5,progressive:until-loss,27,im-object-006,4,5,0
Fixed-5,progressive:until-loss,27,im-object-007,4,5,0
Fixed-5,progressive:until-loss,27,im-object-008,4,5,0
Fixed-5,progressive:until-loss,27,im-object-009,4,5,0
Fixed-5,progressive:until-loss,27,im-object-010,4,5,0
Fixed-5,progressive:until-loss,27,im-object-011,4,5,0
Fixed-5,progressive:until-loss,27,im-object-012,4,5,0
Fixed-5,progressive:until-loss,27,im-object-013,4,5,0
Fixed-5,progressive:until-loss,27,im-object-014,4,5,0
Fixed-5,progressive:until-loss,27,im-object-015,4,5,0
Fixed-5,progressive:until-loss,27,im-object-016,4,5,0
Fixed-5,progressive:until-loss,27,im-object-017,4,5,0
Fixed-5,progressive:until-loss,27,im-object-018,4,5,0
Fixed-5,progressive:until-loss,27,im-object-019,4,5,0
Fixed-5,progressive:until-loss,27,im-object-020,4,5,0
Fixed-5,progressive:until-loss,27,im-object-021,4,5,0
Fixed-5,progressive:until-loss,27,im-object-022,4,5,0
Fixed-5,progressive:until-loss,27,im-object-023,4,5,0
Fixed-5,progressive:until-loss,27,im-object-024,4,5,0
Fixed-5,progressive:until-loss,27,im-object-025,4,5,0
Fixed-5,progressive:until-loss,27,im-object-026,4,5,0
Fixed-5,progressive:until-loss,27,im-object-027,4,5,0
Fixed-5,progressive:until-loss,27,im-object-028,4,5,0
Fixed-5,progressive:until-loss,27,im-object-029,4,5,0
Fixed-5,progressive:until-loss,27,im-object-030,4,5,0
Fixed-5,progressive:until-loss,27,im-object-031,4,5,0
Fixed-5,progressive:until-loss,27,im-object-032,4,5,0
Fixed-5,progressive:until-loss,27,im-object-033,4,5,0
Fixed-5,progressive:until-loss,27,im-object-034,4,5,0
Fixed-5,progressive:until-loss,27,im-object-035,4,5,0
Fixed-5,progressive:until-loss,27,im-object-036,4,5,0
Fixed-5,progressive:until-loss,27,im-object-037,4,5,0
Fixed-5,progressive:until-loss,27,im-object-038,4,5,0
Fixed-5,progressive:until-loss,27,im-object-039,4,5,0
Fixed-5,progressive:until-loss,27,im-object-040,4,5,0
Fixed-5,progressive:until-loss,27,im-object-041,4,5,0
Fixed-5,progressive:until-loss,27,im-object-042,4,5,0
Fixed-5,progressive:until-loss,27,im-object-043,4,5,0
Fixed-5,progressive:until-loss,27,im-object-044,4,5,0
Fixed-5,progressive:until-loss,27,im-object-045,4,5,0
Fixed-5,progressive:until-loss,27,im-object-046,4,5,0
Fixed-5,progressive:until-loss,27,im-object-047,4,5,0
Fixed-5,progressive:until-loss,27,im-object-048,4,5,0
Fixed-5,progressive:until-loss,27,im-object-049,4,5,0
Fixed-5,progressive:until-loss,27,im-object-050,4,5,0
Fixed-5,progressive:until-loss,27,im-object-051,4,5,0
Fixed-5,progressive:until-loss,27,im-object-052,4,5,0
Fixed-5,progressive:until-loss,27,im-object-053,4,5,0
Fixed-5,progressive:until-loss,27,im-object-054,4,5,0
Fixed-5,progressive:until-loss,27,im-object-055,4,5,0
Fixed-5,progressive:until-loss,27,im-object-056,4,5,0
Fixed-5,progressive:until-loss,27,im-object-057,4,5,0
Fixed-5,progressive:until-loss,28,im-object-001,4,5,0
Fixed-5,progressive:until-loss,28,im-object-002,4,5,0
Fixed-5,progressive:until-loss,28,im-object-003,4,5,0
Fixed-5,progressive:until-loss,28,im-object-004,4,5,0
Fixed-5,progressive:until-loss,28,im-object-005,4,5,0
Fixed-5,progressive:until-loss,28,im-object-006,4,5,0
Fixed-5,progressive:until-loss,28,im-object-007,4,5,0
Fixed-5,progressive:until-loss,28,im-object-008,4,5,0
Fixed-5,progressive:until-loss,28,im-object-009,4,5,0
Fixed-5,progressive:until-loss,28,im-object-010,4,5,0
Fixed-5,progressive:until-loss,28,im-object-011,4,5,0
Fixed-5,progressive:until-loss,28,im-object-012,4,5,0
Fixed-5,progressive:until-loss,28,im-object-013,4,5,0
Fixed-5,progressive:until-loss,28,im-object-014,4,5,0
Fixed-5,progressive:until-loss,28,im-object-015,4,5,0
Fixed-5,progressive:until-loss,28,im-object-016,4,5,0
Fixed-5,progressive:until-loss,28,im-object-017,4,5,0
Fixed-5,progressive:until-loss,28,im-object-018,4,5,0
Fixed-5,progressive:until-loss,28,im-object-019,4,5,0
Fixed-5,progressive:until-loss,28,im-object-020,4,5,0
Fixed-5,progressive:until-loss,28,im-object-021,4,5,0
Fixed-5,progressive:until-loss,28,im-object-022,4,5,0
Fixed-5,progressive:until-loss,28,im-object-023,4,5,0
Fixed-5,progressive:until-loss,28,im-object-024,4,5,0
Fixed-5,progressive:until-loss,28,im-object-025,4,5,0
Fixed-5,progressive:until-loss,28,im-object-026,4,5,0
Fixed-5,progressive:until-loss,28,im-object-027,4,5,0
Fixed-5,progressive:until-loss,28,im-object-028,4,5,0
Fixed-5,progressive:until-loss,28,im-object-029,4,5,0
Fixed-5,progressive:until-loss,28,im-object-030,4,5,0
Fixed-5,progressive:until-loss,28,im-object-031,4,5,0
Fixed-5,progressive:until-loss,28,im-object-032,4,5,0
Fixed-5,progressive:until-loss,28,im-object-033,4,5,0
Fixed-5,progressive:until-loss,28,im-object-034,4,5,0
Fixed-5,progressive:until-loss,28,im-object-035,4,5,0
Fixed-5,progressive:until-loss,28,im-object-036,4,5,0
Fixed-5,progressive:until-loss,28,im-object-037,4,5,0
Fixed-5,progressive:until-loss,28,im-object-038,4,5,0
Fixed-5,progressive:until-loss,28,im-object-039,4,5,0
Fixed-5,progressive:until-loss,28,im-object-040,4,5,0
Fixed-5,progressive:until-loss,28,im-object-041,4,5,0
Fixed-5,progressive:until-loss,28,im-object-042,4,5,0
Fixed-5,progressive:until-loss,28,im-object-043,4,5,0
Fixed-5,progressive:until-loss,28,im-object-044,4,5,0
Fixed-5,progressive:until-loss,28,im-object-045,4,5,0
Fixed-5,progressive:until-loss,28,im-object-046,4,5,0
Fixed-5,progressive:until-loss,28,im-object-047,4,5,0
Fixed-5,progressive:until-loss,28,im-object-048,4,5,0
Fixed-5,progressive:until-loss,28,im-object-049,4,5,0
Fixed-5,progressive:until-loss,28,im-object-050,4,5,0
Fixed-5,progressive:until-loss,28,im-object-051,4,5,0
Fixed-5,progressive:until-loss,28,im-object-052,4,5,0
Fixed-5,progressive:until-loss,28,im-object-053,4,5,0
Fixed-5,progressive:until-loss,28,im-object-054,4,5,0
Fixed-5,progressive:until-loss,28,im-object-055,4,5,0
Fixed-5,progressive:until-loss,28,im-object-056,4,5,0
Fixed-5,progressive:until-loss,28,im-object-057,4,5,0
Fixed-5,progressive:until-loss,29,im-object-001,4,5,0
Fixed-5,progressive:until-loss,29,im-object-002,4,5,0
Fixed-5,progressive:until-loss,29,im-object-003,4,5,0
Fixed-5,progressive:until-loss,29,im-object-004,4,5,0
Fixed-5,progressive:until-loss,29,im-object-005,4,5,0
Fixed-5,progressive:until-loss,29,im-object-006,4,5,0
Fixed-5,progressive:until-loss,29,im-object-007,4,5,0
Fixed-5,progressive:until-loss,29,im-object-008,4,5,0
Fixed-5,progressive:until-loss,29,im-object-009,4,5,0
Fixed-5,progressive:until-loss,29,im-object-010,4,5,0
Fixed-5,progressive:until-loss,29,im-object-011,4,5,0
Fixed-5,progressive:until-loss,29,im-object-012,4,5,0
Fixed-5,progressive:until-loss,29,im-object-013,4,5,0
Fixed-5,progressive:until-loss,29,im-object-014,4,5,0
Fixed-5,progressive:until-loss,29,im-object-015,4,5,0
Fixed-5,progressive:until-loss,29,im-object-016,4,5,0
Fixed-5,progressive:until-loss,29,im-object-017,4,5,0
Fixed-5,progressive:until-loss,29,im-object-018,4,5,0
Fixed-5,progressive:until-loss,29,im-object-019,4,5,0
Fixed-5,progressive:until-loss,29,im-object-020,4,5,0
Fixed-5,progressive:until-loss,29,im-object-021,4,5,0
Fixed-5,progressive:until-loss,29,im-object-022,4,5,0
Fixed-5,progressive:until-loss,29,im-object-023,4,5,0
Fixed-5,progressive:until-loss,29,im-object-024,4,5,0
Fixed-5,progressive:until-loss,29,im-object-025,4,5,0
Fixed-5,progressive:until-loss,29,im-object-026,4,5,0
Fixed-5,progressive:until-loss,29,im-object-027,4,5,0
Fixed-5,progressive:until-loss,29,im-object-028,4,5,0
Fixed-5,progressive:until-loss,29,im-object-029,4,5,0
Fixed-5,progressive:until-loss,29,im-object-030,4,5,0
Fixed-5,progressive:until-loss,29,im-object-031,4,5,0
Fixed-5,progressive:until-loss,29,im-object-032,4,5,0
Fixed-5,progressive:until-loss,29,im-object-033,4,5,0
Fixed-5,progressive:until-loss,29,im-object-034,4,5,0
Fixed-5,progressive:until-loss,29,im-object-035,4,5,0
Fixed-5,progressive:until-loss,29,im-object-036,4,5,0
Fixed-5,progressive:until-loss,29,im-object-037,4,5,0
Fixed-5,progressive:until-loss,29,im-object-038,4,5,0
Fixed-5,progressive:until-loss,29,im-object-039,4,5,0
Fixed-5,progressive:until-loss,29,im-object-040,4,5,0
Fixed-5,progressive:until-loss,29,im-object-041,4,5,0
Fixed-5,progressive:until-loss,29,im-object-042,4,5,0
Fixed-5,progressive:until-loss,29,im-object-043,4,5,0
Fixed-5,progressive:until-loss,29,im-object-044,4,5,0
Fixed-5,progressive:until-loss,29,im-object-045,4,5,0
Fixed-5,progressive:until-loss,29,im-object-046,4,5,0
Fixed-5,progressive:until-loss,29,im-object-047,4,5,0
Fixed-5,progressive:until-loss,29,im-object-048,4,5,0
Fixed-5,progressive:until-loss,29,im-object-049,4,5,0
Fixed-5,progressive:until-loss,29,im-object-050,4,5,0
Fixed-5,progressive:until-loss,29,im-object-051,4,5,0
Fixed-5,progressive:until-loss,29,im-object-052,4,5,0
Fixed-5,progressive:until-loss,29,im-object-053,4,5,0
Fixed-5,progressive:until-loss,29,im-object-054,4,5,0
Fixed-5,progressive:until-loss,29,im-object-055,4,5,0
Fixed-5,progressive:until-loss,29,im-object-056,4,5,0
Fixed-5,progressive:until-loss,29,im-object-057,4,5,0
Fixed-5,progressive:until-loss,30,im-object-001,4,5,0
Fixed-5,progressive:until-loss,30,im-object-002,4,5,0
Fixed-5,progressive:until-loss,30,im-object-003,4,5,0
Fixed-5,progressive:until-loss,30,im-object-004,4,5,0
Fixed-5,progressive:until-loss,30,im-object-005,4,5,0
Fixed-5,progressive:until-loss,30,im-object-006,4,5,0
Fixed-5,progressive:until-loss,30,im-object-007,4,5,0
Fixed-5,progressive:until-loss,30,im-object-008,4,5,0
Fixed-5,progressive:until-loss,30,im-object-009,4,5,0
Fixed-5,progressive:until-loss,30,im-object-010,4,5,0
Fixed-5,progressive:until-loss,30,im-object-011,4,5,0
Fixed-5,progressive:until-loss,30,im-object-012,4,5,0
Fixed-5,progressive:until-loss,30,im-object-013,4,5,0
Fixed-5,progressive:until-loss,30,im-object-014,4,5,0
Fixed-5,progressive:until-loss,30,im-object-015,4,5,0
Fixed-5,progressive:until-loss,30,im-object-016,4,5,0
Fixed-5,progressive:until-loss,30,im-object-017,4,5,0
Fixed-5,progressive:until-loss,30,im-object-018,4,5,0
Fixed-5,progressive:until-loss,30,im-object-019,4,5,0
Fixed-5,progressive:until-loss,30,im-object-020,4,5,0
Fixed-5,progressive:until-loss,30,im-object-021,4,5,0
Fixed-5,progressive:until-loss,30,im-object-022,4,5,0
Fixed-5,progressive:until-loss,30,im-object-023,4,5,0
Fixed-5,progressive:until-loss,30,im-object-024,4,5,0
Fixed-5,progressive:until-loss,30,im-object-025,4,5,0
Fixed-5,progressive:until-loss,30,im-object-026,4,5,0
Fixed-5,progressive:until-loss,30,im-object-027,4,5,0
Fixed-5,progressive:until-loss,30,im-object-028,4,5,0
Fixed-5,progressive:until-loss,30,im-object-029,4,5,0
Fixed-5,progressive:until-loss,30,im-object-030,4,5,0
Fixed-5,progressive:until-loss,30,im-object-031,4,5,0
Fixed-5,progressive:until-loss,30,im-object-032,4,5,0
Fixed-5,progressive:until-loss,30,im-object-033,4,5,0
Fixed-5,progressive:until-loss,30,im-object-034,4,5,0
Fixed-5,progressive:until-loss,30,im-object-035,4,5,0
Fixed-5,progressive:until-loss,30,im-object-036,4,5,0
Fixed-5,progressive:until-loss,30,im-object-037,4,5,0
Fixed-5,progressive:until-loss,30,im-object-038,4,5,0
Fixed-5,progressive:until-loss,30,im-object-039,4,5,0
Fixed-5,progressive:until-loss,30,im-object-040,4,5,0
Fixed-5,progressive:until-loss,30,im-object-041,4,5,0
Fixed-5,progressive:until-loss,30,im-object-042,4,5,0
Fixed-5,progressive:until-loss,30,im-object-043,4,5,0
Fixed-5,progressive:until-loss,30,im-object-044,4,5,0
Fixed-5,progressive:until-loss,30,im-object-045,4,5,0
Fixed-5,progressive:until-loss,30,im-object-046,4,5,0
Fixed-5,progressive:until-loss,30,im-object-047,4,5,0
Fixed-5,progressive:until-loss,30,im-object-048,4,5,0
Fixed-5,progressive:until-loss,30,im-object-049,4,5,0
Fixed-5,progressive:until-loss,30,im-object-050,4,5,0
Fixed-5,progressive:until-loss,30,im-object-051,4,5,0
Fixed-5,progressive:until-loss,30,im-object-052,4,5,0
Fixed-5,progressive:until-loss,30,im-object-053,4,5,0
Fixed-5,progressive:until-loss,30,im-object-054,4,5,0
Fixed-5,progressive:until-loss,30,im-object-055,4,5,0
Fixed-5,progressive:until-loss,30,im-object-056,4,5,0
Fixed-5,progressive:until-loss,30,im-object-057,4,5,0
Logarithmic,progressive:until-loss,1,im-object-001,12,13,0
Logarithmic,progressive:until-loss,1,im-object-002,12,13,0
Logarithmic,progressive:until-loss,1,im-object-003,12,13,0
Logarithmic,progressive:until-loss,1,im-object-004,12,13,0
Logarithmic,progressive:until-loss,1,im-object-005,12,13,0
Logarithmic,progressive:until-loss,1,im-object-006,12,13,0
Logarithmic,progressive:until-loss,1,im-object-007,12,13,0
Logarithmic,progressive:until-loss,1,im-object-008,12,13,0
Logarithmic,progressive:until-loss,1,im-object-009,12,13,0
Logarithmic,progressive:until-loss,1,im-object-010,12,13,0
Logarithmic,progressive:until-loss,1,im-object-011,12,13,0
Logarithmic,progressive:until-loss,1,im-object-012,12,13,0
Logarithmic,progressive:until-loss,1,im-object-013,12,13,0
Logarithmic,progressive:until-loss,1,im-object-014,12,13,0
Logarithmic,progressive:until-loss,1,im-object-015,12,13,0
Logarithmic,progressive:until-loss,1,im-object-016,12,13,0
Logarithmic,progressive:until-loss,1,im-object-017,12,13,0
Logarithmic,progressive:until-loss,1,im-object-018,12,13,0
Logarithmic,progressive:until-loss,1,im-object-019,12,13,0
Logarithmic,progressive:until-loss,1,im-object-020,12,13,0
Logarithmic,progressive:until-loss,1,im-object-021,12,13,0
Logarithmic,progressive:until-loss,1,im-object-022,12,13,0
Logarithmic,progressive:until-loss,1,im-object-023,12,13,0
Logarithmic,progressive:until-loss,1,im-object-024,12,13,0
Logarithmic,progressive:until-loss,1,im-object-025,12,13,0
Logarithmic,progressive:until-loss,1,im-object-026,12,13,0
Logarithmic,progressive:until-loss,1,im-object-027,12,13,0
Logarithmic,progressive:until-loss,1,im-object-028,12,13,0
Logarithmic,progressive:until-loss,1,im-object-029,12,13,0
Logarithmic,progressive:until-loss,1,im-object-030,12,13,0
Logarithmic,progressive:until-loss,1,im-object-031,12,13,0
Logarithmic,progressive:until-loss,1,im-object-032,12,13,0
Logarithmic,progressive:until-loss,1,im-object-033,12,13,0
Logarithmic,progressive:until-loss,1,im-object-034,12,13,0
Logarithmic,progressive:until-loss,1,im-object-035,12,13,0
Logarithmic,progressive:until-loss,1,im-object-036,12,13,0
Logarithmic,progressive:until-loss,1,im-object-037,12,13,0
Logarithmic,progressive:until-loss,1,im-object-038,12,13,0
Logarithmic,progressive:until-loss,1,im-object-039,12,13,0
Logarithmic,progressive:until-loss,1,im-object-040,12,13,0
Logarithmic,progressive:until-loss,1,im-object-041,12,13,0
Logarithmic,progressive:until-loss,1,im-object-042,12,13,0
Logarithmic,progressive:until-loss,1,im-object-043,12,13,0
Logarithmic,progressive:until-loss,1,im-object-044,12,13,0
Logarithmic,progressive:until-loss,1,im-object-045,12,13,0
Logarithmic,progressive:until-loss,1,im-object-046,12,13,0
Logarithmic,progressive:until-loss,1,im-object-047,12,13,0
Logarithmic,progressive:until-loss,1,im-object-048,12,13,0
Logarithmic,progressive:until-loss,1,im-object-049,12,13,0
Logarithmic,progressive:until-loss,1,im-object-050,12,13,0
Logarithmic,progressive:until-loss,1,im-object-051,12,13,0
Logarithmic,progressive:until-loss,1,im-object-052,12,13,0
Logarithmic,progressive:until-loss,1,im-object-053,12,13,0
Logarithmic,progressive:until-loss,1,im-object-054,12,13,0
Logarithmic,progressive:until-loss,1,im-object-055,12,13,0
Logarithmic,progressive:until-loss,1,im-object-056,12,13,0
Logarithmic,progressive:until-loss,1,im-object-057,12,13,0
Logarithmic,progressive:until-loss,2,im-object-001,12,13,0
Logarithmic,progressive:until-loss,2,im-object-002,12,13,0
Logarithmic,progressive:until-loss,2,im-object-003,12,13,0
Logarithmic,progressive:until-loss,2,im-object-004,12,13,0
Logarithmic,progressive:until-loss,2,im-object-005,12,13,0
Logarithmic,progressive:until-loss,2,im-object-006,12,13,0
Logarithmic,progressive:until-loss,2,im-object-007,12,13,0
Logarithmic,progressive:until-loss,2,im-object-008,12,13,0
Logarithmic,progressive:until-loss,2,im-object-009,12,13,0
Logarithmic,progressive:until-loss,2,im-object-010,12,13,0
Logarithmic,progressive:until-loss,2,im-object-011,12,13,0
Logarithmic,progressive:until-loss,2,im-object-012,12,13,0
Logarithmic,progressive:until-loss,2,im-object-013,12,13,0
Logarithmic,progressive:until-loss,2,im-object-014,12,13,0
Logarithmic,progressive:until-loss,2,im-object-015,12,13,0
Logarithmic,progressive:until-loss,2,im-object-016,12,13,0
Logarithmic,progressive:until-loss,2,im-object-017,12,13,0
Logarithmic,progressive:until-loss,2,im-object-018,12,13,0
Logarithmic,progressive:until-loss,2,im-object-019,12,13,0
Logarithmic,progressive:until-loss,2,im-object-020,12,13,0
Logarithmic,progressive:until-loss,2,im-object-021,12,13,0
Logarithmic,progressive:until-loss,2,im-object-022,12,13,0
Logarithmic,progressive:until-loss,2,im-object-023,12,13,0
Logarithmic,progressive:until-loss,2,im-object-024,12,13,0
Logarithmic,progressive:until-loss,2,im-object-025,12,13,0
Logarithmic,progressive:until-loss,2,im-object-026,12,13,0
Logarithmic,progressive:until-loss,2,im-object-027,12,13,0
Logarithmic,progressive:until-loss,2,im-object-028,12,13,0
Logarithmic,progressive:until-loss,2,im-object-029,12,13,0
Logarithmic,progressive:until-loss,2,im-object-030,12,13,0
Logarithmic,progressive:until-loss,2,im-object-031,12,13,0
Logarithmic,progressive:until-loss,2,im-object-032,12,13,0
Logarithmic,progressive:until-loss,2,im-object-033,12,13,0
Logarithmic,progressive:until-loss,2,im-object-034,12,13,0
Logarithmic,progressive:until-loss,2,im-object-035,12,13,0
Logarithmic,progressive:until-loss,2,im-object-036,12,13,0
Logarithmic,progressive:until-loss,2,im-object-037,12,13,0
Logarithmic,progressive:until-loss,2,im-object-038,12,13,0
Logarithmic,progressive:until-loss,2,im-object-039,12,13,0
Logarithmic,progressive:until-loss,2,im-object-040,12,13,0
Logarithmic,progressive:until-loss,2,im-object-041,12,13,0
Logarithmic,progressive:until-loss,2,im-object-042,12,13,0
Logarithmic,progressive:until-loss,2,im-object-043,12,13,0
Logarithmic,progressive:until-loss,2,im-object-044,12,13,0
Logarithmic,progressive:until-loss,2,im-object-045,12,13,0
Logarithmic,progressive:until-loss,2,im-object-046,12,13,0
Logarithmic,progressive:until-loss,2,im-object-047,12,13,0
Logarithmic,progressive:until-loss,2,im-object-048,12,13,0
Logarithmic,progressive:until-loss,2,im-object-049,12,13,0
Logarithmic,progressive:until-loss,2,im-object-050,12,13,0
Logarithmic,progressive:until-loss,2,im-object-051,12,13,0
Logarithmic,progressive:until-loss,2,im-object-052,12,13,0
Logarithmic,progressive:until-loss,2,im-object-053,12,13,0
Logarithmic,progressive:until-loss,2,im-object-054,12,13,0
Logarithmic,progressive:until-loss,2,im-object-055,12,13,0
Logarithmic,progressive:until-loss,2,im-object-056,12,13,0
Logarithmic,progressive:until-loss,2,im-object-057,12,13,0
Logarithmic,progressive:until-loss,3,im-object-001,12,13,0
Logarithmic,progressive:until-loss,3,im-object-002,12,13,0
Logarithmic,progressive:until-loss,3,im-object-003,12,13,0
Logarithmic,progressive:until-loss,3,im-object-004,12,13,0
Logarithmic,progressive:until-loss,3,im-object-005,12,13,0
Logarithmic,progressive:until-loss,3,im-object-006,12,13,0
Logarithmic,progressive:until-loss,3,im-object-007,12,13,0
Logarithmic,progressive:until-loss,3,im-object-008,12,13,0
Logarithmic,progressive:until-loss,3,im-object-009,12,13,0
Logarithmic,progressive:until-loss,3,im-object-010,12,13,0
Logarithmic,progressive:until-loss,3,im-object-011,12,13,0
Logarithmic,progressive:until-loss,3,im-object-012,12,13,0
Logarithmic,progressive:until-loss,3,im-object-013,12,13,0
Logarithmic,progressive:until-loss,3,im-object-014,12,13,0
Logarithmic,progressive:until-loss,3,im-object-015,12,13,0
Logarithmic,progressive:until-loss,3,im-object-016,12,13,0
Logarithmic,progressive:until-loss,3,im-object-017,12,13,0
Logarithmic,progressive:until-loss,3,im-object-018,12,13,0
Logarithmic,progressive:until-loss,3,im-object-019,12,13,0
Logarithmic,progressive:until-loss,3,im-object-020,12,13,0
Logarithmic,progressive:until-loss,3,im-object-021,12,13,0
Logarithmic,progressive:until-loss,3,im-object-022,12,13,0
Logarithmic,progressive:until-loss,3,im-object-023,12,13,0
Logarithmic,progressive:until-loss,3,im-object-024,12,13,0
Logarithmic,progressive:until-loss,3,im-object-025,12,13,0
Logarithmic,progressive:until-loss,3,im-object-026,12,13,0
Logarithmic,progressive:until-loss,3,im-object-027,12,13,0
Logarithmic,progressive:until-loss,3,im-object-028,12,13,0
Logarithmic,progressive:until-loss,3,im-object-029,12,13,0
Logarithmic,progressive:until-loss,3,im-object-030,12,13,0
Logarithmic,progressive:until-loss,3,im-object-031,12,13,0
Logarithmic,progressive:until-loss,3,im-object-032,12,13,0
Logarithmic,progressive:until-loss,3,im-object-033,12,13,0
Logarithmic,progressive:until-loss,3,im-object-034,12,13,0
Logarithmic,progressive:until-loss,3,im-object-035,12,13,0
Logarithmic,progressive:until-loss,3,im-object-036,12,13,0
Logarithmic,progressive:until-loss,3,im-object-037,12,13,0
Logarithmic,progressive:until-loss,3,im-object-038,12,13,0
Logarithmic,progressive:until-loss,3,im-object-039,12,13,0
Logarithmic,progressive:until-loss,3,im-object-040,12,13,0
Logarithmic,progressive:until-loss,3,im-object-041,12,13,0
Logarithmic,progressive:until-loss,3,im-object-042,12,13,0
Logarithmic,progressive:until-loss,3,im-object-043,12,13,0
Logarithmic,progressive:until-loss,3,im-object-044,12,13,0
Logarithmic,progressive:until-loss,3,im-object-045,12,13,0
Logarithmic,progressive:until-loss,3,im-object-046,12,13,0
Logarithmic,progressive:until-loss,3,im-object-047,12,13,0
Logarithmic,progressive:until-loss,3,im-object-048,12,13,0
Logarithmic,progressive:until-loss,3,im-object-049,12,13,0
Logarithmic,progressive:until-loss,3,im-object-050,12,13,0
Logarithmic,progressive:until-loss,3,im-object-051,12,13,0
Logarithmic,progressive:until-loss,3,im-object-052,12,13,0
Logarithmic,progressive:until-loss,3,im-object-053,12,13,0
Logarithmic,progressive:until-loss,3,im-object-054,12,13,0
Logarithmic,progressive:until-loss,3,im-object-055,12,13,0
Logarithmic,progressive:until-loss,3,im-object-056,12,13,0
Logarithmic,progressive:until-loss,3,im-object-057,12,13,0
Logarithmic,progressive:until-loss,4,im-object-001,12,13,0
Logarithmic,progressive:until-loss,4,im-object-002,12,13,0
Logarithmic,progressive:until-loss,4,im-object-003,12,13,0
Logarithmic,progressive:until-loss,4,im-object-004,12,13,0
Logarithmic,progressive:until-loss,4,im-object-005,12,13,0
Logarithmic,progressive:until-loss,4,im-object-006,12,13,0
Logarithmic,progressive:until-loss,4,im-object-007,12,13,0
Logarithmic,progressive:until-loss,4,im-object-008,12,13,0
Logarithmic,progressive:until-loss,4,im-object-009,12,13,0
Logarithmic,progressive:until-loss,4,im-object-010,12,13,0
Logarithmic,progressive:until-loss,4,im-object-011,12,13,0
Logarithmic,progressive:until-loss,4,im-object-012,12,13,0
Logarithmic,progressive:until-loss,4,im-object-013,12,13,0
Logarithmic,progressive:until-loss,4,im-object-014,12,13,0
Logarithmic,progressive:until-loss,4,im-object-015,12,13,0
Logarithmic,progressive:until-loss,4,im-object-016,12,13,0
Logarithmic,progressive:until-loss,4,im-object-017,12,13,0
Logarithmic,progressive:until-loss,4,im-object-018,12,13,0
Logarithmic,progressive:until-loss,4,im-object-019,12,13,0
Logarithmic,progressive:until-loss,4,im-object-020,12,13,0
Logarithmic,progressive:until-loss,4,im-object-021,12,13,0
Logarithmic,progressive:until-loss,4,im-object-022,12,13,0
Logarithmic,progressive:until-loss,4,im-object-023,12,13,0
Logarithmic,progressive:until-loss,4,im-object-024,12,13,0
Logarithmic,progressive:until-loss,4,im-object-025,12,13,0
Logarithmic,progressive:until-loss,4,im-object-026,12,13,0
Logarithmic,progressive:until-loss,4,im-object-027,12,13,0
Logarithmic,progressive:until-loss,4,im-object-028,12,13,0
Logarithmic,progressive:until-loss,4,im-object-029,12,13,0
Logarithmic,progressive:until-loss,4,im-object-030,12,13,0
Logarithmic,progressive:until-loss,4,im-object-031,12,13,0
Logarithmic,progressive:until-loss,4,im-object-032,12,13,0
Logarithmic,progressive:until-loss,4,im-object-033,12,13,0
Logarithmic,progressive:until-loss,4,im-object-034,12,13,0
Logarithmic,progressive:until-loss,4,im-object-035,12,13,0
Logarithmic,progressive:until-loss,4,im-object-036,12,13,0
Logarithmic,progressive:until-loss,4,im-object-037,12,13,0
Logarithmic,progressive:until-loss,4,im-object-038,12,13,0
Logarithmic,progressive:until-loss,4,im-object-039,12,13,0
Logarithmic,progressive:until-loss,4,im-object-040,12,13,0
Logarithmic,progressive:until-loss,4,im-object-041,12,13,0
Logarithmic,progressive:until-loss,4,im-object-042,12,13,0
Logarithmic,progressive:until-loss,4,im-object-043,12,13,0
Logarithmic,progressive:until-loss,4,im-object-044,12,13,0
Logarithmic,progressive:until-loss,4,im-object-045,12,13,0
Logarithmic,progressive:until-loss,4,im-object-046,12,13,0
Logarithmic,progressive:until-loss,4,im-object-047,12,13,0
Logarithmic,progressive:until-loss,4,im-object-048,12,13,0
Logarithmic,progressive:until-loss,4,im-object-049,12,13,0
Logarithmic,progressive:until-loss,4,im-object-050,12,13,0
Logarithmic,progressive:until-loss,4,im-object-051,12,13,0
Logarithmic,progressive:until-loss,4,im-object-052,12,13,0
Logarithmic,progressive:until-loss,4,im-object-053,12,13,0
Logarithmic,progressive:until-loss,4,im-object-054,12,13,0
Logarithmic,progressive:until-loss,4,im-object-055,12,13,0
Logarithmic,progressive:until-loss,4,im-object-056,12,13,0
Logarithmic,progressive:until-loss,4,im-object-057,12,13,0
Logarithmic,progressive:until-loss,5,im-object-001,12,13,0
Logarithmic,progressive:until-loss,5,im-object-002,12,13,0
Logarithmic,progressive:until-loss,5,im-object-003,12,13,0
Logarithmic,progressive:until-loss,5,im-object-004,12,13,0
Logarithmic,progressive:until-loss,5,im-object-005,12,13,0
Logarithmic,progressive:until-loss,5,im-object-006,12,13,0
Logarithmic,progressive:until-loss,5,im-object-007,12,13,0
Logarithmic,progressive:until-loss,5,im-object-008,12,13,0
Logarithmic,progressive:until-loss,5,im-object-009,12,13,0
Logarithmic,progressive:until-loss,5,im-object-010,12,13,0
Logarithmic,progressive:until-loss,5,im-object-011,12,13,0
Logarithmic,progressive:until-loss,5,im-object-012,12,13,0
Logarithmic,progressive:until-loss,5,im-object-013,12,13,0
Logarithmic,progressive:until-loss,5,im-object-014,12,13,0
Logarithmic,progressive:until-loss,5,im-object-015,12,13,0
Logarithmic,progressive:until-loss,5,im-object-016,12,13,0
Logarithmic,progressive:until-loss,5,im-object-017,12,13,0
Logarithmic,progressive:until-loss,5,im-object-018,12,13,0
Logarithmic,progressive:until-loss,5,im-object-019,12,13,0
Logarithmic,progressive:until-loss,5,im-object-020,12,13,0
Logarithmic,progressive:until-loss,5,im-object-021,12,13,0
Logarithmic,progressive:until-loss,5,im-object-022,12,13,0
Logarithmic,progressive:until-loss,5,im-object-023,12,13,0
Logarithmic,progressive:until-loss,5,im-object-024,12,13,0
Logarithmic,progressive:until-loss,5,im-object-025,12,13,0
Logarithmic,progressive:until-loss,5,im-object-026,12,13,0
Logarithmic,progressive:until-loss,5,im-object-027,12,13,0
Logarithmic,progressive:until-loss,5,im-object-028,12,13,0
Logarithmic,progressive:until-loss,5,im-object-029,12,13,0
Logarithmic,progressive:until-loss,5,im-object-030,12,13,0
Logarithmic,progressive:until-loss,5,im-object-031,12,13,0
Logarithmic,progressive:until-loss,5,im-object-032,12,13,0
Logarithmic,progressive:until-loss,5,im-object-033,12,13,0
Logarithmic,progressive:until-loss,5,im-object-034,12,13,0
Logarithmic,progressive:until-loss,5,im-object-035,12,13,0
Logarithmic,progressive:until-loss,5,im-object-036,12,13,0
Logarithmic,progressive:until-loss,5,im-object-037,12,13,0
Logarithmic,progressive:until-loss,5,im-object-038,12,13,0
Logarithmic,progressive:until-loss,5,im-object-039,12,13,0
Logarithmic,progressive:until-loss,5,im-object-040,12,13,0
Logarithmic,progressive:until-loss,5,im-object-041,12,13,0
Logarithmic,progressive:until-loss,5,im-object-042,12,13,0
Logarithmic,progressive:until-loss,5,im-object-043,12,13,0
Logarithmic,progressive:until-loss,5,im-object-044,12,13,0
Logarithmic,progressive:until-loss,5,im-object-045,12,13,0
Logarithmic,progressive:until-loss,5,im-object-046,12,13,0
Logarithmic,progressive:until-loss,5,im-object-047,12,13,0
Logarithmic,progressive:until-loss,5,im-object-048,12,13,0
Logarithmic,progressive:until-loss,5,im-object-049,12,13,0
Logarithmic,progressive:until-loss,5,im-object-050,12,13,0
Logarithmic,progressive:until-loss,5,im-object-051,12,13,0
Logarithmic,progressive:until-loss,5,im-object-052,12,13,0
Logarithmic,progressive:until-loss,5,im-object-053,12,13,0
Logarithmic,progressive:until-loss,5,im-object-054,12,13,0
Logarithmic,progressive:until-loss,5,im-object-055,12,13,0
Logarithmic,progressive:until-loss,5,im-object-056,12,13,0
Logarithmic,progressive:until-loss,5,im-object-057,12,13,0
Logarithmic,progressive:until-loss,6,im-object-001,12,13,0
Logarithmic,progressive:until-loss,6,im-object-002,12,13,0
Logarithmic,progressive:until-loss,6,im-object-003,12,13,0
Logarithmic,progressive:until-loss,6,im-object-004,12,13,0
Logarithmic,progressive:until-loss,6,im-object-005,12,13,0
Logarithmic,progressive:until-loss,6,im-object-006,12,13,0
Logarithmic,progressive:until-loss,6,im-object-007,12,13,0
Logarithmic,progressive:until-loss,6,im-object-008,12,13,0
Logarithmic,progressive:until-loss,6,im-object-009,12,13,0
Logarithmic,progressive:until-loss,6,im-object-010,12,13,0
Logarithmic,progressive:until-loss,6,im-object-011,12,13,0
Logarithmic,progressive:until-loss,6,im-object-012,12,13,0
Logarithmic,progressive:until-loss,6,im-object-013,12,13,0
Logarithmic,progressive:until-loss,6,im-object-014,12,13,0
Logarithmic,progressive:until-loss,6,im-object-015,12,13,0
Logarithmic,progressive:until-loss,6,im-object-016,12,13,0
Logarithmic,progressive:until-loss,6,im-object-017,12,13,0
Logarithmic,progressive:until-loss,6,im-object-018,12,13,0
Logarithmic,progressive:until-loss,6,im-object-019,12,13,0
Logarithmic,progressive:until-loss,6,im-object-020,12,13,0
Logarithmic,progressive:until-loss,6,im-object-021,12,13,0
Logarithmic,progressive:until-loss,6,im-object-022,12,13,0
Logarithmic,progressive:until-loss,6,im-object-023,12,13,0
Logarithmic,progressive:until-loss,6,im-object-024,12,13,0
Logarithmic,progressive:until-loss,6,im-object-025,12,13,0
Logarithmic,progressive:until-loss,6,im-object-026,12,13,0
Logarithmic,progressive:until-loss,6,im-object-027,12,13,0
Logarithmic,progressive:until-loss,6,im-object-028,12,13,0
Logarithmic,progressive:until-loss,6,im-object-029,12,13,0
Logarithmic,progressive:until-loss,6,im-object-030,12,13,0
Logarithmic,progressive:until-loss,6,im-object-031,12,13,0
Logarithmic,progressive:until-loss,6,im-object-032,12,13,0
Logarithmic,progressive:until-loss,6,im-object-033,12,13,0
Logarithmic,progressive:until-loss,6,im-object-034,12,13,0
Logarithmic,progressive:until-loss,6,im-object-035,12,13,0
Logarithmic,progressive:until-loss,6,im-object-036,12,13,0
Logarithmic,progressive:until-loss,6,im-object-037,12,13,0
Logarithmic,progressive:until-loss,6,im-object-038,12,13,0
Logarithmic,progressive:until-loss,6,im-object-039,12,13,0
Logarithmic,progressive:until-loss,6,im-object-040,12,13,0
Logarithmic,progressive:until-loss,6,im-object-041,12,13,0
Logarithmic,progressive:until-loss,6,im-object-042,12,13,0
Logarithmic,progressive:until-loss,6,im-object-043,12,13,0
Logarithmic,progressive:until-loss,6,im-object-044,12,13,0
Logarithmic,progressive:until-loss,6,im-object-045,12,13,0
Logarithmic,progressive:until-loss,6,im-object-046,12,13,0
Logarithmic,progressive:until-loss,6,im-object-047,12,13,0
Logarithmic,progressive:until-loss,6,im-object-048,12,13,0
Logarithmic,progressive:until-loss,6,im-object-049,12,13,0
Logarithmic,progressive:until-loss,6,im-object-050,12,13,0
Logarithmic,progressive:until-loss,6,im-object-051,12,13,0
Logarithmic,progressive:until-loss,6,im-object-052,12,13,0
Logarithmic,progressive:until-loss,6,im-object-053,12,13,0
Logarithmic,progressive:until-loss,6,im-object-054,12,13,0
Logarithmic,progressive:until-loss,6,im-object-055,12,13,0
Logarithmic,progressive:until-loss,6,im-object-056,12,13,0
Logarithmic,progressive:until-loss,6,im-object-057,12,13,0
Logarithmic,progressive:until-loss,7,im-object-001,12,13,0
Logarithmic,progressive:until-loss,7,im-object-002,12,13,0
Logarithmic,progressive:until-loss,7,im-object-003,12,13,0
Logarithmic,progressive:until-loss,7,im-object-004,12,13,0
Logarithmic,progressive:until-loss,7,im-object-005,12,13,0
Logarithmic,progressive:until-loss,7,im-object-006,12,13,0
Logarithmic,progressive:until-loss,7,im-object-007,12,13,0
Logarithmic,progressive:until-loss,7,im-object-008,12,13,0
Logarithmic,progressive:until-loss,7,im-object-009,12,13,0
Logarithmic,progressive:until-loss,7,im-object-010,12,13,0
Logarithmic,progressive:until-loss,7,im-object-011,12,13,0
Logarithmic,progressive:until-loss,7,im-object-012,12,13,0
Logarithmic,progressive:until-loss,7,im-object-013,12,13,0
Logarithmic,progressive:until-loss,7,im-object-014,12,13,0
Logarithmic,progressive:until-loss,7,im-object-015,12,13,0
Logarithmic,progressive:until-loss,7,im-object-016,12,13,0
Logarithmic,progressive:until-loss,7,im-object-017,12,13,0
Logarithmic,progressive:until-loss,7,im-object-018,12,13,0
Logarithmic,progressive:until-loss,7,im-object-019,12,13,0
Logarithmic,progressive:until-loss,7,im-object-020,12,13,0
Logarithmic,progressive:until-loss,7,im-object-021,12,13,0
Logarithmic,progressive:until-loss,7,im-object-022,12,13,0
Logarithmic,progressive:until-loss,7,im-object-023,12,13,0
Logarithmic,progressive:until-loss,7,im-object-024,12,13,0
Logarithmic,progressive:until-loss,7,im-object-025,12,13,0
Logarithmic,progressive:until-loss,7,im-object-026,12,13,0
Logarithmic,progressive:until-loss,7,im-object-027,12,13,0
Logarithmic,progressive:until-loss,7,im-object-028,12,13,0
Logarithmic,progressive:until-loss,7,im-object-029,12,13,0
Logarithmic,progressive:until-loss,7,im-object-030,12,13,0
Logarithmic,progressive:until-loss,7,im-object-031,12,13,0
Logarithmic,progressive:until-loss,7,im-object-032,12,13,0
Logarithmic,progressive:until-loss,7,im-object-033,12,13,0
Logarithmic,progressive:until-loss,7,im-object-034,12,13,0
Logarithmic,progressive:until-loss,7,im-object-035,12,13,0
Logarithmic,progressive:until-loss,7,im-object-036,12,13,0
Logarithmic,progressive:until-loss,7,im-object-037,12,13,0
Logarithmic,progressive:until-loss,7,im-object-038,12,13,0
Logarithmic,progressive:until-loss,7,im-object-039,12,13,0
Logarithmic,progressive:until-loss,7,im-object-040,12,13,0
Logarithmic,progressive:until-loss,7,im-object-041,12,13,0
Logarithmic,progressive:until-loss,7,im-object-042,12,13,0
Logarithmic,progressive:until-loss,7,im-object-043,12,13,0
Logarithmic,progressive:until-loss,7,im-object-044,12,13,0
Logarithmic,progressive:until-loss,7,im-object-045,12,13,0
Logarithmic,progressive:until-loss,7,im-object-046,12,13,0
Logarithmic,progressive:until-loss,7,im-object-047,12,13,0
Logarithmic,progressive:until-loss,7,im-object-048,12,13,0
Logarithmic,progressive:until-loss,7,im-object-049,12,13,0
Logarithmic,progressive:until-loss,7,im-object-050,12,13,0
Logarithmic,progressive:until-loss,7,im-object-051,12,13,0
Logarithmic,progressive:until-loss,7,im-object-052,12,13,0
Logarithmic,progressive:until-loss,7,im-object-053,12,13,0
Logarithmic,progressive:until-loss,7,im-object-054,12,13,0
Logarithmic,progressive:until-loss,7,im-object-055,12,13,0
Logarithmic,progressive:until-loss,7,im-object-056,12,13,0
Logarithmic,progressive:until-loss,7,im-object-057,12,13,0
Logarithmic,progressive:until-loss,8,im-object-001,12,13,0
Logarithmic,progressive:until-loss,8,im-object-002,12,13,0
Logarithmic,progressive:until-loss,8,im-object-003,12,13,0
Logarithmic,progressive:until-loss,8,im-object-004,12,13,0
Logarithmic,progressive:until-loss,8,im-object-005,12,13,0
Logarithmic,progressive:until-loss,8,im-object-006,12,13,0
Logarithmic,progressive:until-loss,8,im-object-007,12,13,0
Logarithmic,progressive:until-loss,8,im-object-008,12,13,0
Logarithmic,progressive:until-loss,8,im-object-009,12,13,0
Logarithmic,progressive:until-loss,8,im-object-010,12,13,0
Logarithmic,progressive:until-loss,8,im-object-011,12,13,0
Logarithmic,progressive:until-loss,8,im-object-012,12,13,0
Logarithmic,progressive:until-loss,8,im-object-013,12,13,0
Logarithmic,progressive:until-loss,8,im-object-014,12,13,0
Logarithmic,progressive:until-loss,8,im-object-015,12,13,0
Logarithmic,progressive:until-loss,8,im-object-016,12,13,0
Logarithmic,progressive:until-loss,8,im-object-017,12,13,0
Logarithmic,progressive:until-loss,8,im-object-018,12,13,0
Logarithmic,progressive:until-loss,8,im-object-019,12,13,0
Logarithmic,progressive:until-loss,8,im-object-020,12,13,0
Logarithmic,progressive:until-loss,8,im-object-021,12,13,0
Logarithmic,progressive:until-loss,8,im-object-022,12,13,0
Logarithmic,progressive:until-loss,8,im-object-023,12,13,0
Logarithmic,progressive:until-loss,8,im-object-024,12,13,0
Logarithmic,progressive:until-loss,8,im-object-025,12,13,0
Logarithmic,progressive:until-loss,8,im-object-026,12,13,0
Logarithmic,progressive:until-loss,8,im-object-027,12,13,0
Logarithmic,progressive:until-loss,8,im-object-028,12,13,0
Logarithmic,progressive:until-loss,8,im-object-029,12,13,0
Logarithmic,progressive:until-loss,8,im-object-030,12,13,0
Logarithmic,progressive:until-loss,8,im-object-031,12,13,0
Logarithmic,progressive:until-loss,8,im-object-032,12,13,0
Logarithmic,progressive:until-loss,8,im-object-033,12,13,0
Logarithmic,progressive:until-loss,8,im-object-034,12,13,0
Logarithmic,progressive:until-loss,8,im-object-035,12,13,0
Logarithmic,progressive:until-loss,8,im-object-036,12,13,0
Logarithmic,progressive:until-loss,8,im-object-037,12,13,0
Logarithmic,progressive:until-loss,8,im-object-038,12,13,0
Logarithmic,progressive:until-loss,8,im-object-039,12,13,0
Logarithmic,progressive:until-loss,8,im-object-040,12,13,0
Logarithmic,progressive:until-loss,8,im-object-041,12,13,0
Logarithmic,progressive:until-loss,8,im-object-042,12,13,0
Logarithmic,progressive:until-loss,8,im-object-043,12,13,0
Logarithmic,progressive:until-loss,8,im-object-044,12,13,0
Logarithmic,progressive:until-loss,8,im-object-045,12,13,0
Logarithmic,progressive:until-loss,8,im-object-046,12,13,0
Logarithmic,progressive:until-loss,8,im-object-047,12,13,0
Logarithmic,progressive:until-loss,8,im-object-048,12,13,0
Logarithmic,progressive:until-loss,8,im-object-049,12,13,0
Logarithmic,progressive:until-loss,8,im-object-050,12,13,0
Logarithmic,progressive:until-loss,8,im-object-051,12,13,0
Logarithmic,progressive:until-loss,8,im-object-052,12,13,0
Logarithmic,progressive:until-loss,8,im-object-053,12,13,0
Logarithmic,progressive:until-loss,8,im-object-054,12,13,0
Logarithmic,progressive:until-loss,8,im-object-055,12,13,0
Logarithmic,progressive:until-loss,8,im-object-056,12,13,0
Logarithmic,progressive:until-loss,8,im-object-057,12,13,0
Logarithmic,progressive:until-loss,9,im-object-001,12,13,0
Logarithmic,progressive:until-loss,9,im-object-002,12,13,0
Logarithmic,progressive:until-loss,9,im-object-003,12,13,0
Logarithmic,progressive:until-loss,9,im-object-004,12,13,0
Logarithmic,progressive:until-loss,9,im-object-005,12,13,0
Logarithmic,progressive:until-loss,9,im-object-006,12,13,0
Logarithmic,progressive:until-loss,9,im-object-007,12,13,0
Logarithmic,progressive:until-loss,9,im-object-008,12,13,0
Logarithmic,progressive:until-loss,9,im-object-009,12,13,0
Logarithmic,progressive:until-loss,9,im-object-010,12,13,0
Logarithmic,progressive:until-loss,9,im-object-011,12,13,0
Logarithmic,progressive:until-loss,9,im-object-012,12,13,0
Logarithmic,progressive:until-loss,9,im-object-013,12,13,0
Logarithmic,progressive:until-loss,9,im-object-014,12,13,0
Logarithmic,progressive:until-loss,9,im-object-015,12,13,0
Logarithmic,progressive:until-loss,9,im-object-016,12,13,0
Logarithmic,progressive:until-loss,9,im-object-017,12,13,0
Logarithmic,progressive:until-loss,9,im-object-018,12,13,0
Logarithmic,progressive:until-loss,9,im-object-019,12,13,0
Logarithmic,progressive:until-loss,9,im-object-020,12,13,0
Logarithmic,progressive:until-loss,9,im-object-021,12,13,0
Logarithmic,progressive:until-loss,9,im-object-022,12,13,0
Logarithmic,progressive:until-loss,9,im-object-023,12,13,0
Logarithmic,progressive:until-loss,9,im-object-024,12,13,0
Logarithmic,progressive:until-loss,9,im-object-025,12,13,0
Logarithmic,progressive:until-loss,9,im-object-026,12,13,0
Logarithmic,progressive:until-loss,9,im-object-027,12,13,0
Logarithmic,progressive:until-loss,9,im-object-028,12,13,0
Logarithmic,progressive:until-loss,9,im-object-029,12,13,0
Logarithmic,progressive:until-loss,9,im-object-030,12,13,0
Logarithmic,progressive:until-loss,9,im-object-031,12,13,0
Logarithmic,progressive:until-loss,9,im-object-032,12,13,0
Logarithmic,progressive:until-loss,9,im-object-033,12,13,0
Logarithmic,progressive:until-loss,9,im-object-034,12,13,0
Logarithmic,progressive:until-loss,9,im-object-035,12,13,0
Logarithmic,progressive:until-loss,9,im-object-036,12,13,0
Logarithmic,progressive:until-loss,9,im-object-037,12,13,0
Logarithmic,progressive:until-loss,9,im-object-038,12,13,0
Logarithmic,progressive:until-loss,9,im-object-039,12,13,0
Logarithmic,progressive:until-loss,9,im-object-040,12,13,0
Logarithmic,progressive:until-loss,9,im-object-041,12,13,0
Logarithmic,progressive:until-loss,9,im-object-042,12,13,0
Logarithmic,progressive:until-loss,9,im-object-043,12,13,0
Logarithmic,progressive:until-loss,9,im-object-044,12,13,0
Logarithmic,progressive:until-loss,9,im-object-045,12,13,0
Logarithmic,progressive:until-loss,9,im-object-046,12,13,0
Logarithmic,progressive:until-loss,9,im-object-047,12,13,0
Logarithmic,progressive:until-loss,9,im-object-048,12,13,0
Logarithmic,progressive:until-loss,9,im-object-049,12,13,0
Logarithmic,progressive:until-loss,9,im-object-050,12,13,0
Logarithmic,progressive:until-loss,9,im-object-051,12,13,0
Logarithmic,progressive:until-loss,9,im-object-052,12,13,0
Logarithmic,progressive:until-loss,9,im-object-053,12,13,0
Logarithmic,progressive:until-loss,9,im-object-054,12,13,0
Logarithmic,progressive:until-loss,9,im-object-055,12,13,0
Logarithmic,progressive:until-loss,9,im-object-056,12,13,0
Logarithmic,progressive:until-loss,9,im-object-057,12,13,0
Logarithmic,progressive:until-loss,10,im-object-001,12,13,0
Logarithmic,progressive:until-loss,10,im-object-002,12,13,0
Logarithmic,progressive:until-loss,10,im-object-003,12,13,0
Logarithmic,progressive:until-loss,10,im-object-004,12,13,0
Logarithmic,progressive:until-loss,10,im-object-005,12,13,0
Logarithmic,progressive:until-loss,10,im-object-006,12,13,0
Logarithmic,progressive:until-loss,10,im-object-007,12,13,0
Logarithmic,progressive:until-loss,10,im-object-008,12,13,0
Logarithmic,progressive:until-loss,10,im-object-009,12,13,0
Logarithmic,progressive:until-loss,10,im-object-010,12,13,0
Logarithmic,progressive:until-loss,10,im-object-011,12,13,0
Logarithmic,progressive:until-loss,10,im-object-012,12,13,0
Logarithmic,progressive:until-loss,10,im-object-013,12,13,0
Logarithmic,progressive:until-loss,10,im-object-014,12,13,0
Logarithmic,progressive:until-loss,10,im-object-015,12,13,0
Logarithmic,progressive:until-loss,10,im-object-016,12,13,0
Logarithmic,progressive:until-loss,10,im-object-017,12,13,0
Logarithmic,progressive:until-loss,10,im-object-018,12,13,0
Logarithmic,progressive:until-loss,10,im-object-019,12,13,0
Logarithmic,progressive:until-loss,10,im-object-020,12,13,0
Logarithmic,progressive:until-loss,10,im-object-021,12,13,0
Logarithmic,progressive:until-loss,10,im-object-022,12,13,0
Logarithmic,progressive:until-loss,10,im-object-023,12,13,0
Logarithmic,progressive:until-loss,10,im-object-024,12,13,0
Logarithmic,progressive:until-loss,10,im-object-025,12,13,0
Logarithmic,progressive:until-loss,10,im-object-026,12,13,0
Logarithmic,progressive:until-loss,10,im-object-027,12,13,0
Logarithmic,progressive:until-loss,10,im-object-028,12,13,0
Logarithmic,progressive:until-loss,10,im-object-029,12,13,0
Logarithmic,progressive:until-loss,10,im-object-030,12,13,0
Logarithmic,progressive:until-loss,10,im-object-031,12,13,0
Logarithmic,progressive:until-loss,10,im-object-032,12,13,0
Logarithmic,progressive:until-loss,10,im-object-033,12,13,0
Logarithmic,progressive:until-loss,10,im-object-034,12,13,0
Logarithmic,progressive:until-loss,10,im-object-035,12,13,0
Logarithmic,progressive:until-loss,10,im-object-036,12,13,0
Logarithmic,progressive:until-loss,10,im-object-037,12,13,0
Logarithmic,progressive:until-loss,10,im-object-038,12,13,0
Logarithmic,progressive:until-loss,10,im-object-039,12,13,0
Logarithmic,progressive:until-loss,10,im-object-040,12,13,0
Logarithmic,progressive:until-loss,10,im-object-041,12,13,0
Logarithmic,progressive:until-loss,10,im-object-042,12,13,0
Logarithmic,progressive:until-loss,10,im-object-043,12,13,0
Logarithmic,progressive:until-loss,10,im-object-044,12,13,0
Logarithmic,progressive:until-loss,10,im-object-045,12,13,0
Logarithmic,progressive:until-loss,10,im-object-046,12,13,0
Logarithmic,progressive:until-loss,10,im-object-047,12,13,0
Logarithmic,progressive:until-loss,10,im-object-048,12,13,0
Logarithmic,progressive:until-loss,10,im-object-049,12,13,0
Logarithmic,progressive:until-loss,10,im-object-050,12,13,0
Logarithmic,progressive:until-loss,10,im-object-051,12,13,0
Logarithmic,progressive:until-loss,10,im-object-052,12,13,0
Logarithmic,progressive:until-loss,10,im-object-053,12,13,0
Logarithmic,progressive:until-loss,10,im-object-054,12,13,0
Logarithmic,progressive:until-loss,10,im-object-055,12,13,0
Logarithmic,progressive:until-loss,10,im-object-056,12,13,0
Logarithmic,progressive:until-loss,10,im-object-057,12,13,0
Logarithmic,progressive:until-loss,11,im-object-001,12,13,0
Logarithmic,progressive:until-loss,11,im-object-002,12,13,0
Logarithmic,progressive:until-loss,11,im-object-003,12,13,0
Logarithmic,progressive:until-loss,11,im-object-004,12,13,0
Logarithmic,progressive:until-loss,11,im-object-005,12,13,0
Logarithmic,progressive:until-loss,11,im-object-006,12,13,0
Logarithmic,progressive:until-loss,11,im-object-007,12,13,0
Logarithmic,progressive:until-loss,11,im-object-008,12,13,0
Logarithmic,progressive:until-loss,11,im-object-009,12,13,0
Logarithmic,progressive:until-loss,11,im-object-010,12,13,0
Logarithmic,progressive:until-loss,11,im-object-011,12,13,0
Logarithmic,progressive:until-loss,11,im-object-012,12,13,0
Logarithmic,progressive:until-loss,11,im-object-013,12,13,0
Logarithmic,progressive:until-loss,11,im-object-014,12,13,0
Logarithmic,progressive:until-loss,11,im-object-015,12,13,0
Logarithmic,progressive:until-loss,11,im-object-016,12,13,0
Logarithmic,progressive:until-loss,11,im-object-017,12,13,0
Logarithmic,progressive:until-loss,11,im-object-018,12,13,0
Logarithmic,progressive:until-loss,11,im-object-019,12,13,0
Logarithmic,progressive:until-loss,11,im-object-020,12,13,0
Logarithmic,progressive:until-loss,11,im-object-021,12,13,0
Logarithmic,progressive:until-loss,11,im-object-022,12,13,0
Logarithmic,progressive:until-loss,11,im-object-023,12,13,0
Logarithmic,progressive:until-loss,11,im-object-024,12,13,0
Logarithmic,progressive:until-loss,11,im-object-025,12,13,0
Logarithmic,progressive:until-loss,11,im-object-026,12,13,0
Logarithmic,progressive:until-loss,11,im-object-027,12,13,0
Logarithmic,progressive:until-loss,11,im-object-028,12,13,0
Logarithmic,progressive:until-loss,11,im-object-029,12,13,0
Logarithmic,progressive:until-loss,11,im-object-030,12,13,0
Logarithmic,progressive:until-loss,11,im-object-031,12,13,0
Logarithmic,progressive:until-loss,11,im-object-032,12,13,0
Logarithmic,progressive:until-loss,11,im-object-033,12,13,0
Logarithmic,progressive:until-loss,11,im-object-034,12,13,0
Logarithmic,progressive:until-loss,11,im-object-035,12,13,0
Logarithmic,progressive:until-loss,11,im-object-036,12,13,0
Logarithmic,progressive:until-loss,11,im-object-037,12,13,0
Logarithmic,progressive:until-loss,11,im-object-038,12,13,0
Logarithmic,progressive:until-loss,11,im-object-039,12,13,0
Logarithmic,progressive:until-loss,11,im-object-040,12,13,0
Logarithmic,progressive:until-loss,11,im-object-041,12,13,0
Logarithmic,progressive:until-loss,11,im-object-042,12,13,0
Logarithmic,progressive:until-loss,11,im-object-043,12,13,0
Logarithmic,progressive:until-loss,11,im-object-044,12,13,0
Logarithmic,progressive:until-loss,11,im-object-045,12,13,0
Logarithmic,progressive:until-loss,11,im-object-046,12,13,0
Logarithmic,progressive:until-loss,11,im-object-047,12,13,0
Logarithmic,progressive:until-loss,11,im-object-048,12,13,0
Logarithmic,progressive:until-loss,11,im-object-049,12,13,0
Logarithmic,progressive:until-loss,11,im-object-050,12,13,0
Logarithmic,progressive:until-loss,11,im-object-051,12,13,0
Logarithmic,progressive:until-loss,11,im-object-052,12,13,0
Logarithmic,progressive:until-loss,11,im-object-053,12,13,0
Logarithmic,progressive:until-loss,11,im-object-054,12,13,0
Logarithmic,progressive:until-loss,11,im-object-055,12,13,0
Logarithmic,progressive:until-loss,11,im-object-056,12,13,0
Logarithmic,progressive:until-loss,11,im-object-057,12,13,0
Logarithmic,progressive:until-loss,12,im-object-001,12,13,0
Logarithmic,progressive:until-loss,12,im-object-002,12,13,0
Logarithmic,progressive:until-loss,12,im-object-003,12,13,0
Logarithmic,progressive:until-loss,12,im-object-004,12,13,0
Logarithmic,progressive:until-loss,12,im-object-005,12,13,0
Logarithmic,progressive:until-loss,12,im-object-006,12,13,0
Logarithmic,progressive:until-loss,12,im-object-007,12,13,0
Logarithmic,progressive:until-loss,12,im-object-008,12,13,0
Logarithmic,progressive:until-loss,12,im-object-009,12,13,0
Logarithmic,progressive:until-loss,12,im-object-010,12,13,0
Logarithmic,progressive:until-loss,12,im-object-011,12,13,0
Logarithmic,progressive:until-loss,12,im-object-012,12,13,0
Logarithmic,progressive:until-loss,12,im-object-013,12,13,0
Logarithmic,progressive:until-loss,12,im-object-014,12,13,0
Logarithmic,progressive:until-loss,12,im-object-015,12,13,0
Logarithmic,progressive:until-loss,12,im-object-016,12,13,0
Logarithmic,progressive:until-loss,12,im-object-017,12,13,0
Logarithmic,progressive:until-loss,12,im-object-018,12,13,0
Logarithmic,progressive:until-loss,12,im-object-019,12,13,0
Logarithmic,progressive:until-loss,12,im-object-020,12,13,0
Logarithmic,progressive:until-loss,12,im-object-021,12,13,0
Logarithmic,progressive:until-loss,12,im-object-022,12,13,0
Logarithmic,progressive:until-loss,12,im-object-023,12,13,0
Logarithmic,progressive:until-loss,12,im-object-024,12,13,0
Logarithmic,progressive:until-loss,12,im-object-025,12,13,0
Logarithmic,progressive:until-loss,12,im-object-026,12,13,0
Logarithmic,progressive:until-loss,12,im-object-027,12,13,0
Logarithmic,progressive:until-loss,12,im-object-028,12,13,0
Logarithmic,progressive:until-loss,12,im-object-029,12,13,0
Logarithmic,progressive:until-loss,12,im-object-030,12,13,0
Logarithmic,progressive:until-loss,12,im-object-031,12,13,0
Logarithmic,progressive:until-loss,12,im-object-032,12,13,0
Logarithmic,progressive:until-loss,12,im-object-033,12,13,0
Logarithmic,progressive:until-loss,12,im-object-034,12,13,0
Logarithmic,progressive:until-loss,12,im-object-035,12,13,0
Logarithmic,progressive:until-loss,12,im-object-036,12,13,0
Logarithmic,progressive:until-loss,12,im-object-037,12,13,0
Logarithmic,progressive:until-loss,12,im-object-038,12,13,0
Logarithmic,progressive:until-loss,12,im-object-039,12,13,0
Logarithmic,progressive:until-loss,12,im-object-040,12,13,0
Logarithmic,progressive:until-loss,12,im-object-041,12,13,0
Logarithmic,progressive:until-loss,12,im-object-042,12,13,0
Logarithmic,progressive:until-loss,12,im-object-043,12,13,0
Logarithmic,progressive:until-loss,12,im-object-044,12,13,0
Logarithmic,progressive:until-loss,12,im-object-045,12,13,0
Logarithmic,progressive:until-loss,12,im-object-046,12,13,0
Logarithmic,progressive:until-loss,12,im-object-047,12,13,0
Logarithmic,progressive:until-loss,12,im-object-048,12,13,0
Logarithmic,progressive:until-loss,12,im-object-049,12,13,0
Logarithmic,progressive:until-loss,12,im-object-050,12,13,0
Logarithmic,progressive:until-loss,12,im-object-051,12,13,0
Logarithmic,progressive:until-loss,12,im-object-052,12,13,0
Logarithmic,progressive:until-loss,12,im-object-053,12,13,0
Logarithmic,progressive:until-loss,12,im-object-054,12,13,0
Logarithmic,progressive:until-loss,12,im-object-055,12,13,0
Logarithmic,progressive:until-loss,12,im-object-056,12,13,0
Logarithmic,progressive:until-loss,12,im-object-057,12,13,0
Logarithmic,progressive:until-loss,13,im-object-001,12,13,0
Logarithmic,progressive:until-loss,13,im-object-002,12,13,0
Logarithmic,progressive:until-loss,13,im-object-003,12,13,0
Logarithmic,progressive:until-loss,13,im-object-004,12,13,0
Logarithmic,progressive:until-loss,13,im-object-005,12,13,0
Logarithmic,progressive:until-loss,13,im-object-006,12,13,0
Logarithmic,progressive:until-loss,13,im-object-007,12,13,0
Logarithmic,progressive:until-loss,13,im-object-008,12,13,0
Logarithmic,progressive:until-loss,13,im-object-009,12,13,0
Logarithmic,progressive:until-loss,13,im-object-010,12,13,0
Logarithmic,progressive:until-loss,13,im-object-011,12,13,0
Logarithmic,progressive:until-loss,13,im-object-012,12,13,0
Logarithmic,progressive:until-loss,13,im-object-013,12,13,0
Logarithmic,progressive:until-loss,13,im-object-014,12,13,0
Logarithmic,progressive:until-loss,13,im-object-015,12,13,0
Logarithmic,progressive:until-loss,13,im-object-016,12,13,0
Logarithmic,progressive:until-loss,13,im-object-017,12,13,0
Logarithmic,progressive:until-loss,13,im-object-018,12,13,0
Logarithmic,progressive:until-loss,13,im-object-019,12,13,0
Logarithmic,progressive:until-loss,13,im-object-020,12,13,0
Logarithmic,progressive:until-loss,13,im-object-021,12,13,0
Logarithmic,progressive:until-loss,13,im-object-022,12,13,0
Logarithmic,progressive:until-loss,13,im-object-023,12,13,0
Logarithmic,progressive:until-loss,13,im-object-024,12,13,0
Logarithmic,progressive:until-loss,13,im-object-025,12,13,0
Logarithmic,progressive:until-loss,13,im-object-026,12,13,0
Logarithmic,progressive:until-loss,13,im-object-027,12,13,0
Logarithmic,progressive:until-loss,13,im-object-028,12,13,0
Logarithmic,progressive:until-loss,13,im-object-029,12,13,0
Logarithmic,progressive:until-loss,13,im-object-030,12,13,0
Logarithmic,progressive:until-loss,13,im-object-031,12,13,0
Logarithmic,progressive:until-loss,13,im-object-032,12,13,0
Logarithmic,progressive:until-loss,13,im-object-033,12,13,0
Logarithmic,progressive:until-loss,13,im-object-034,12,13,0
Logarithmic,progressive:until-loss,13,im-object-035,12,13,0
Logarithmic,progressive:until-loss,13,im-object-036,12,13,0
Logarithmic,progressive:until-loss,13,im-object-037,12,13,0
Logarithmic,progressive:until-loss,13,im-object-038,12,13,0
Logarithmic,progressive:until-loss,13,im-object-039,12,13,0
Logarithmic,progressive:until-loss,13,im-object-040,12,13,0
Logarithmic,progressive:until-loss,13,im-object-041,12,13,0
Logarithmic,progressive:until-loss,13,im-object-042,12,13,0
Logarithmic,progressive:until-loss,13,im-object-043,12,13,0
Logarithmic,progressive:until-loss,13,im-object-044,12,13,0
Logarithmic,progressive:until-loss,13,im-object-045,12,13,0
Logarithmic,progressive:until-loss,13,im-object-046,12,13,0
Logarithmic,progressive:until-loss,13,im-object-047,12,13,0
Logarithmic,progressive:until-loss,13,im-object-048,12,13,0
Logarithmic,progressive:until-loss,13,im-object-049,12,13,0
Logarithmic,progressive:until-loss,13,im-object-050,12,13,0
Logarithmic,progressive:until-loss,13,im-object-051,12,13,0
Logarithmic,progressive:until-loss,13,im-object-052,12,13,0
Logarithmic,progressive:until-loss,13,im-object-053,12,13,0
Logarithmic,progressive:until-loss,13,im-object-054,12,13,0
Logarithmic,progressive:until-loss,13,im-object-055,12,13,0
Logarithmic,progressive:until-loss,13,im-object-056,12,13,0
Logarithmic,progressive:until-loss,13,im-object-057,12,13,0
Logarithmic,progressive:until-loss,14,im-object-001,12,13,0
Logarithmic,progressive:until-loss,14,im-object-002,12,13,0
Logarithmic,progressive:until-loss,14,im-object-003,12,13,0
Logarithmic,progressive:until-loss,14,im-object-004,12,13,0
Logarithmic,progressive:until-loss,14,im-object-005,12,13,0
Logarithmic,progressive:until-loss,14,im-object-006,12,13,0
Logarithmic,progressive:until-loss,14,im-object-007,12,13,0
Logarithmic,progressive:until-loss,14,im-object-008,12,13,0
Logarithmic,progressive:until-loss,14,im-object-009,12,13,0
Logarithmic,progressive:until-loss,14,im-object-010,12,13,0
Logarithmic,progressive:until-loss,14,im-object-011,12,13,0
Logarithmic,progressive:until-loss,14,im-object-012,12,13,0
Logarithmic,progressive:until-loss,14,im-object-013,12,13,0
Logarithmic,progressive:until-loss,14,im-object-014,12,13,0
Logarithmic,progressive:until-loss,14,im-object-015,12,13,0
Logarithmic,progressive:until-loss,14,im-object-016,12,13,0
Logarithmic,progressive:until-loss,14,im-object-017,12,13,0
Logarithmic,progressive:until-loss,14,im-object-018,12,13,0
Logarithmic,progressive:until-loss,14,im-object-019,12,13,0
Logarithmic,progressive:until-loss,14,im-object-020,12,13,0
Logarithmic,progressive:until-loss,14,im-object-021,12,13,0
Logarithmic,progressive:until-loss,14,im-object-022,12,13,0
Logarithmic,progressive:until-loss,14,im-object-023,12,13,0
Logarithmic,progressive:until-loss,14,im-object-024,12,13,0
Logarithmic,progressive:until-loss,14,im-object-025,12,13,0
Logarithmic,progressive:until-loss,14,im-object-026,12,13,0
Logarithmic,progressive:until-loss,14,im-object-027,12,13,0
Logarithmic,progressive:until-loss,14,im-object-028,12,13,0
Logarithmic,progressive:until-loss,14,im-object-029,12,13,0
Logarithmic,progressive:until-loss,14,im-object-030,12,13,0
Logarithmic,progressive:until-loss,14,im-object-031,12,13,0
Logarithmic,progressive:until-loss,14,im-object-032,12,13,0
Logarithmic,progressive:until-loss,14,im-object-033,12,13,0
Logarithmic,progressive:until-loss,14,im-object-034,12,13,0
Logarithmic,progressive:until-loss,14,im-object-035,12,13,0
Logarithmic,progressive:until-loss,14,im-object-036,12,13,0
Logarithmic,progressive:until-loss,14,im-object-037,12,13,0
Logarithmic,progressive:until-loss,14,im-object-038,12,13,0
Logarithmic,progressive:until-loss,14,im-object-039,12,13,0
Logarithmic,progressive:until-loss,14,im-object-040,12,13,0
Logarithmic,progressive:until-loss,14,im-object-041,12,13,0
Logarithmic,progressive:until-loss,14,im-object-042,12,13,0
Logarithmic,progressive:until-loss,14,im-object-043,12,13,0
Logarithmic,progressive:until-loss,14,im-object-044,12,13,0
Logarithmic,progressive:until-loss,14,im-object-045,12,13,0
Logarithmic,progressive:until-loss,14,im-object-046,12,13,0
Logarithmic,progressive:until-loss,14,im-object-047,12,13,0
Logarithmic,progressive:until-loss,14,im-object-048,12,13,0
Logarithmic,progressive:until-loss,14,im-object-049,12,13,0
Logarithmic,progressive:until-loss,14,im-object-050,12,13,0
Logarithmic,progressive:until-loss,14,im-object-051,12,13,0
Logarithmic,progressive:until-loss,14,im-object-052,12,13,0
Logarithmic,progressive:until-loss,14,im-object-053,12,13,0
Logarithmic,progressive:until-loss,14,im-object-054,12,13,0
Logarithmic,progressive:until-loss,14,im-object-055,12,13,0
Logarithmic,progressive:until-loss,14,im-object-056,12,13,0
Logarithmic,progressive:until-loss,14,im-object-057,12,13,0
Logarithmic,progressive:until-loss,15,im-object-001,12,13,0
Logarithmic,progressive:until-loss,15,im-object-002,12,13,0
Logarithmic,progressive:until-loss,15,im-object-003,12,13,0
Logarithmic,progressive:until-loss,15,im-object-004,12,13,0
Logarithmic,progressive:until-loss,15,im-object-005,12,13,0
Logarithmic,progressive:until-loss,15,im-object-006,12,13,0
Logarithmic,progressive:until-loss,15,im-object-007,12,13,0
Logarithmic,progressive:until-loss,15,im-object-008,12,13,0
Logarithmic,progressive:until-loss,15,im-object-009,12,13,0
Logarithmic,progressive:until-loss,15,im-object-010,12,13,0
Logarithmic,progressive:until-loss,15,im-object-011,12,13,0
Logarithmic,progressive:until-loss,15,im-object-012,12,13,0
Logarithmic,progressive:until-loss,15,im-object-013,12,13,0
Logarithmic,progressive:until-loss,15,im-object-014,12,13,0
Logarithmic,progressive:until-loss,15,im-object-015,12,13,0
Logarithmic,progressive:until-loss,15,im-object-016,12,13,0
Logarithmic,progressive:until-loss,15,im-object-017,12,13,0
Logarithmic,progressive:until-loss,15,im-object-018,12,13,0
Logarithmic,progressive:until-loss,15,im-object-019,12,13,0
Logarithmic,progressive:until-loss,15,im-object-020,12,13,0
Logarithmic,progressive:until-loss,15,im-object-021,12,13,0
Logarithmic,progressive:until-loss,15,im-object-022,12,13,0
Logarithmic,progressive:until-loss,15,im-object-023,12,13,0
Logarithmic,progressive:until-loss,15,im-object-024,12,13,0
Logarithmic,progressive:until-loss,15,im-object-025,12,13,0
Logarithmic,progressive:until-loss,15,im-object-026,12,13,0
Logarithmic,progressive:until-loss,15,im-object-027,12,13,0
Logarithmic,progressive:until-loss,15,im-object-028,12,13,0
Logarithmic,progressive:until-loss,15,im-object-029,12,13,0
Logarithmic,progressive:until-loss,15,im-object-030,12,13,0
Logarithmic,progressive:until-loss,15,im-object-031,12,13,0
Logarithmic,progressive:until-loss,15,im-object-032,12,13,0
Logarithmic,progressive:until-loss,15,im-object-033,12,13,0
Logarithmic,progressive:until-loss,15,im-object-034,12,13,0
Logarithmic,progressive:until-loss,15,im-object-035,12,13,0
Logarithmic,progressive:until-loss,15,im-object-036,12,13,0
Logarithmic,progressive:until-loss,15,im-object-037,12,13,0
Logarithmic,progressive:until-loss,15,im-object-038,12,13,0
Logarithmic,progressive:until-loss,15,im-object-039,12,13,0
Logarithmic,progressive:until-loss,15,im-object-040,12,13,0
Logarithmic,progressive:until-loss,15,im-object-041,12,13,0
Logarithmic,progressive:until-loss,15,im-object-042,12,13,0
Logarithmic,progressive:until-loss,15,im-object-043,12,13,0
Logarithmic,progressive:until-loss,15,im-object-044,12,13,0
Logarithmic,progressive:until-loss,15,im-object-045,12,13,0
Logarithmic,progressive:until-loss,15,im-object-046,12,13,0
Logarithmic,progressive:until-loss,15,im-object-047,12,13,0
Logarithmic,progressive:until-loss,15,im-object-048,12,13,0
Logarithmic,progressive:until-loss,15,im-object-049,12,13,0
Logarithmic,progressive:until-loss,15,im-object-050,12,13,0
Logarithmic,progressive:until-loss,15,im-object-051,12,13,0
Logarithmic,progressive:until-loss,15,im-object-052,12,13,0
Logarithmic,progressive:until-loss,15,im-object-053,12,13,0
Logarithmic,progressive:until-loss,15,im-object-054,12,13,0
Logarithmic,progressive:until-loss,15,im-object-055,12,13,0
Logarithmic,progressive:until-loss,15,im-object-056,12,13,0
Logarithmic,progressive:until-loss,15,im-object-057,12,13,0
Logarithmic,progressive:until-loss,16,im-object-001,12,13,0
Logarithmic,progressive:until-loss,16,im-object-002,12,13,0
Logarithmic,progressive:until-loss,16,im-object-003,12,13,0
Logarithmic,progressive:until-loss,16,im-object-004,12,13,0
Logarithmic,progressive:until-loss,16,im-object-005,12,13,0
Logarithmic,progressive:until-loss,16,im-object-006,12,13,0
Logarithmic,progressive:until-loss,16,im-object-007,12,13,0
Logarithmic,progressive:until-loss,16,im-object-008,12,13,0
Logarithmic,progressive:until-loss,16,im-object-009,12,13,0
Logarithmic,progressive:until-loss,16,im-object-010,12,13,0
Logarithmic,progressive:until-loss,16,im-object-011,12,13,0
Logarithmic,progressive:until-loss,16,im-object-012,12,13,0
Logarithmic,progressive:until-loss,16,im-object-013,12,13,0
Logarithmic,progressive:until-loss,16,im-object-014,12,13,0
Logarithmic,progressive:until-loss,16,im-object-015,12,13,0
Logarithmic,progressive:until-loss,16,im-object-016,12,13,0
Logarithmic,progressive:until-loss,16,im-object-017,12,13,0
Logarithmic,progressive:until-loss,16,im-object-018,12,13,0
Logarithmic,progressive:until-loss,16,im-object-019,12,13,0
Logarithmic,progressive:until-loss,16,im-object-020,12,13,0
Logarithmic,progressive:until-loss,16,im-object-021,12,13,0
Logarithmic,progressive:until-loss,16,im-object-022,12,13,0
Logarithmic,progressive:until-loss,16,im-object-023,12,13,0
Logarithmic,progressive:until-loss,16,im-object-024,12,13,0
Logarithmic,progressive:until-loss,16,im-object-025,12,13,0
Logarithmic,progressive:until-loss,16,im-object-026,12,13,0
Logarithmic,progressive:until-loss,16,im-object-027,12,13,0
Logarithmic,progressive:until-loss,16,im-object-028,12,13,0
Logarithmic,progressive:until-loss,16,im-object-029,12,13,0
Logarithmic,progressive:until-loss,16,im-object-030,12,13,0
Logarithmic,progressive:until-loss,16,im-object-031,12,13,0
Logarithmic,progressive:until-loss,16,im-object-032,12,13,0
Logarithmic,progressive:until-loss,16,im-object-033,12,13,0
Logarithmic,progressive:until-loss,16,im-object-034,12,13,0
Logarithmic,progressive:until-loss,16,im-object-035,12,13,0
Logarithmic,progressive:until-loss,16,im-object-036,12,13,0
Logarithmic,progressive:until-loss,16,im-object-037,12,13,0
Logarithmic,progressive:until-loss,16,im-object-038,12,13,0
Logarithmic,progressive:until-loss,16,im-object-039,12,13,0
Logarithmic,progressive:until-loss,16,im-object-040,12,13,0
Logarithmic,progressive:until-loss,16,im-object-041,12,13,0
Logarithmic,progressive:until-loss,16,im-object-042,12,13,0
Logarithmic,progressive:until-loss,16,im-object-043,12,13,0
Logarithmic,progressive:until-loss,16,im-object-044,12,13,0
Logarithmic,progressive:until-loss,16,im-object-045,12,13,0
Logarithmic,progressive:until-loss,16,im-object-046,12,13,0
Logarithmic,progressive:until-loss,16,im-object-047,12,13,0
Logarithmic,progressive:until-loss,16,im-object-048,12,13,0
Logarithmic,progressive:until-loss,16,im-object-049,12,13,0
Logarithmic,progressive:until-loss,16,im-object-050,12,13,0
Logarithmic,progressive:until-loss,16,im-object-051,12,13,0
Logarithmic,progressive:until-loss,16,im-object-052,12,13,0
Logarithmic,progressive:until-loss,16,im-object-053,12,13,0
Logarithmic,progressive:until-loss,16,im-object-054,12,13,0
Logarithmic,progressive:until-loss,16,im-object-055,12,13,0
Logarithmic,progressive:until-loss,16,im-object-056,12,13,0
Logarithmic,progressive:until-loss,16,im-object-057,12,13,0
Logarithmic,progressive:until-loss,17,im-object-001,12,13,0
Logarithmic,progressive:until-loss,17,im-object-002,12,13,0
Logarithmic,progressive:until-loss,17,im-object-003,12,13,0
Logarithmic,progressive:until-loss,17,im-object-004,12,13,0
Logarithmic,progressive:until-loss,17,im-object-005,12,13,0
Logarithmic,progressive:until-loss,17,im-object-006,12,13,0
Logarithmic,progressive:until-loss,17,im-object-007,12,13,0
Logarithmic,progressive:until-loss,17,im-object-008,12,13,0
Logarithmic,progressive:until-loss,17,im-object-009,12,13,0
Logarithmic,progressive:until-loss,17,im-object-010,12,13,0
Logarithmic,progressive:until-loss,17,im-object-011,12,13,0
Logarithmic,progressive:until-loss,17,im-object-012,12,13,0
Logarithmic,progressive:until-loss,17,im-object-013,12,13,0
Logarithmic,progressive:until-loss,17,im-object-014,12,13,0
Logarithmic,progressive:until-loss,17,im-object-015,12,13,0
Logarithmic,progressive:until-loss,17,im-object-016,12,13,0
Logarithmic,progressive:until-loss,17,im-object-017,12,13,0
Logarithmic,progressive:until-loss,17,im-object-018,12,13,0
Logarithmic,progressive:until-loss,17,im-object-019,12,13,0
Logarithmic,progressive:until-loss,17,im-object-020,12,13,0
Logarithmic,progressive:until-loss,17,im-object-021,12,13,0
Logarithmic,progressive:until-loss,17,im-object-022,12,13,0
Logarithmic,progressive:until-loss,17,im-object-023,12,13,0
Logarithmic,progressive:until-loss,17,im-object-024,12,13,0
Logarithmic,progressive:until-loss,17,im-object-025,12,13,0
Logarithmic,progressive:until-loss,17,im-object-026,12,13,0
Logarithmic,progressive:until-loss,17,im-object-027,12,13,0
Logarithmic,progressive:until-loss,17,im-object-028,12,13,0
Logarithmic,progressive:until-loss,17,im-object-029,12,13,0
Logarithmic,progressive:until-loss,17,im-object-030,12,13,0
Logarithmic,progressive:until-loss,17,im-object-031,12,13,0
Logarithmic,progressive:until-loss,17,im-object-032,12,13,0
Logarithmic,progressive:until-loss,17,im-object-033,12,13,0
Logarithmic,progressive:until-loss,17,im-object-034,12,13,0
Logarithmic,progressive:until-loss,17,im-object-035,12,13,0
Logarithmic,progressive:until-loss,17,im-object-036,12,13,0
Logarithmic,progressive:until-loss,17,im-object-037,12,13,0
Logarithmic,progressive:until-loss,17,im-object-038,12,13,0
Logarithmic,progressive:until-loss,17,im-object-039,12,13,0
Logarithmic,progressive:until-loss,17,im-object-040,12,13,0
Logarithmic,progressive:until-loss,17,im-object-041,12,13,0
Logarithmic,progressive:until-loss,17,im-object-042,12,13,0
Logarithmic,progressive:until-loss,17,im-object-043,12,13,0
Logarithmic,progressive:until-loss,17,im-object-044,12,13,0
Logarithmic,progressive:until-loss,17,im-object-045,12,13,0
Logarithmic,progressive:until-loss,17,im-object-046,12,13,0
Logarithmic,progressive:until-loss,17,im-object-047,12,13,0
Logarithmic,progressive:until-loss,17,im-object-048,12,13,0
Logarithmic,progressive:until-loss,17,im-object-049,12,13,0
Logarithmic,progressive:until-loss,17,im-object-050,12,13,0
Logarithmic,progressive:until-loss,17,im-object-051,12,13,0
Logarithmic,progressive:until-loss,17,im-object-052,12,13,0
Logarithmic,progressive:until-loss,17,im-object-053,12,13,0
Logarithmic,progressive:until-loss,17,im-object-054,12,13,0
Logarithmic,progressive:until-loss,17,im-object-055,12,13,0
Logarithmic,progressive:until-loss,17,im-object-056,12,13,0
Logarithmic,progressive:until-loss,17,im-object-057,12,13,0
Logarithmic,progressive:until-loss,18,im-object-001,12,13,0
Logarithmic,progressive:until-loss,18,im-object-002,12,13,0
Logarithmic,progressive:until-loss,18,im-object-003,12,13,0
Logarithmic,progressive:until-loss,18,im-object-004,12,13,0
Logarithmic,progressive:until-loss,18,im-object-005,12,13,0
Logarithmic,progressive:until-loss,18,im-object-006,12,13,0
Logarithmic,progressive:until-loss,18,im-object-007,12,13,0
Logarithmic,progressive:until-loss,18,im-object-008,12,13,0
Logarithmic,progressive:until-loss,18,im-object-009,12,13,0
Logarithmic,progressive:until-loss,18,im-object-010,12,13,0
Logarithmic,progressive:until-loss,18,im-object-011,12,13,0
Logarithmic,progressive:until-loss,18,im-object-012,12,13,0
Logarithmic,progressive:until-loss,18,im-object-013,12,13,0
Logarithmic,progressive:until-loss,18,im-object-014,12,13,0
Logarithmic,progressive:until-loss,18,im-object-015,12,13,0
Logarithmic,progressive:until-loss,18,im-object-016,12,13,0
Logarithmic,progressive:until-loss,18,im-object-017,12,13,0
Logarithmic,progressive:until-loss,18,im-object-018,12,13,0
Logarithmic,progressive:until-loss,18,im-object-019,12,13,0
Logarithmic,progressive:until-loss,18,im-object-020,12,13,0
Logarithmic,progressive:until-loss,18,im-object-021,12,13,0
Logarithmic,progressive:until-loss,18,im-object-022,12,13,0
Logarithmic,progressive:until-loss,18,im-object-023,12,13,0
Logarithmic,progressive:until-loss,18,im-object-024,12,13,0
Logarithmic,progressive:until-loss,18,im-object-025,12,13,0
Logarithmic,progressive:until-loss,18,im-object-026,12,13,0
Logarithmic,progressive:until-loss,18,im-object-027,12,13,0
Logarithmic,progressive:until-loss,18,im-object-028,12,13,0
Logarithmic,progressive:until-loss,18,im-object-029,12,13,0
Logarithmic,progressive:until-loss,18,im-object-030,12,13,0
Logarithmic,progressive:until-loss,18,im-object-031,12,13,0
Logarithmic,progressive:until-loss,18,im-object-032,12,13,0
Logarithmic,progressive:until-loss,18,im-object-033,12,13,0
Logarithmic,progressive:until-loss,18,im-object-034,12,13,0
Logarithmic,progressive:until-loss,18,im-object-035,12,13,0
Logarithmic,progressive:until-loss,18,im-object-036,12,13,0
Logarithmic,progressive:until-loss,18,im-object-037,12,13,0
Logarithmic,progressive:until-loss,18,im-object-038,12,13,0
Logarithmic,progressive:until-loss,18,im-object-039,12,13,0
Logarithmic,progressive:until-loss,18,im-object-040,12,13,0
Logarithmic,progressive:until-loss,18,im-object-041,12,13,0
Logarithmic,progressive:until-loss,18,im-object-042,12,13,0
Logarithmic,progressive:until-loss,18,im-object-043,12,13,0
Logarithmic,progressive:until-loss,18,im-object-044,12,13,0
Logarithmic,progressive:until-loss,18,im-object-045,12,13,0
Logarithmic,progressive:until-loss,18,im-object-046,12,13,0
Logarithmic,progressive:until-loss,18,im-object-047,12,13,0
Logarithmic,progressive:until-loss,18,im-object-048,12,13,0
Logarithmic,progressive:until-loss,18,im-object-049,12,13,0
Logarithmic,progressive:until-loss,18,im-object-050,12,13,0
Logarithmic,progressive:until-loss,18,im-object-051,12,13,0
Logarithmic,progressive:until-loss,18,im-object-052,12,13,0
Logarithmic,progressive:until-loss,18,im-object-053,12,13,0
Logarithmic,progressive:until-loss,18,im-object-054,12,13,0
Logarithmic,progressive:until-loss,18,im-object-055,12,13,0
Logarithmic,progressive:until-loss,18,im-object-056,12,13,0
Logarithmic,progressive:until-loss,18,im-object-057,12,13,0
Logarithmic,progressive:until-loss,19,im-object-001,12,13,0
Logarithmic,progressive:until-loss,19,im-object-002,12,13,0
Logarithmic,progressive:until-loss,19,im-object-003,12,13,0
Logarithmic,progressive:until-loss,19,im-object-004,12,13,0
Logarithmic,progressive:until-loss,19,im-object-005,12,13,0
Logarithmic,progressive:until-loss,19,im-object-006,12,13,0
Logarithmic,progressive:until-loss,19,im-object-007,12,13,0
Logarithmic,progressive:until-loss,19,im-object-008,12,13,0
Logarithmic,progressive:until-loss,19,im-object-009,12,13,0
Logarithmic,progressive:until-loss,19,im-object-010,12,13,0
Logarithmic,progressive:until-loss,19,im-object-011,12,13,0
Logarithmic,progressive:until-loss,19,im-object-012,12,13,0
Logarithmic,progressive:until-loss,19,im-object-013,12,13,0
Logarithmic,progressive:until-loss,19,im-object-014,12,13,0
Logarithmic,progressive:until-loss,19,im-object-015,12,13,0
Logarithmic,progressive:until-loss,19,im-object-016,12,13,0
Logarithmic,progressive:until-loss,19,im-object-017,12,13,0
Logarithmic,progressive:until-loss,19,im-object-018,12,13,0
Logarithmic,progressive:until-loss,19,im-object-019,12,13,0
Logarithmic,progressive:until-loss,19,im-object-020,12,13,0
Logarithmic,progressive:until-loss,19,im-object-021,12,13,0
Logarithmic,progressive:until-loss,19,im-object-022,12,13,0
Logarithmic,progressive:until-loss,19,im-object-023,12,13,0
Logarithmic,progressive:until-loss,19,im-object-024,12,13,0
Logarithmic,progressive:until-loss,19,im-object-025,12,13,0
Logarithmic,progressive:until-loss,19,im-object-026,12,13,0
Logarithmic,progressive:until-loss,19,im-object-027,12,13,0
Logarithmic,progressive:until-loss,19,im-object-028,12,13,0
Logarithmic,progressive:until-loss,19,im-object-029,12,13,0
Logarithmic,progressive:until-loss,19,im-object-030,12,13,0
Logarithmic,progressive:until-loss,19,im-object-031,12,13,0
Logarithmic,progressive:until-loss,19,im-object-032,12,13,0
Logarithmic,progressive:until-loss,19,im-object-033,12,13,0
Logarithmic,progressive:until-loss,19,im-object-034,12,13,0
Logarithmic,progressive:until-loss,19,im-object-035,12,13,0
Logarithmic,progressive:until-loss,19,im-object-036,12,13,0
Logarithmic,progressive:until-loss,19,im-object-037,12,13,0
Logarithmic,progressive:until-loss,19,im-object-038,12,13,0
Logarithmic,progressive:until-loss,19,im-object-039,12,13,0
Logarithmic,progressive:until-loss,19,im-object-040,12,13,0
Logarithmic,progressive:until-loss,19,im-object-041,12,13,0
Logarithmic,progressive:until-loss,19,im-object-042,12,13,0
Logarithmic,progressive:until-loss,19,im-object-043,12,13,0
Logarithmic,progressive:until-loss,19,im-object-044,12,13,0
Logarithmic,progressive:until-loss,19,im-object-045,12,13,0
Logarithmic,progressive:until-loss,19,im-object-046,12,13,0
Logarithmic,progressive:until-loss,19,im-object-047,12,13,0
Logarithmic,progressive:until-loss,19,im-object-048,12,13,0
Logarithmic,progressive:until-loss,19,im-object-049,12,13,0
Logarithmic,progressive:until-loss,19,im-object-050,12,13,0
Logarithmic,progressive:until-loss,19,im-object-051,12,13,0
Logarithmic,progressive:until-loss,19,im-object-052,12,13,0
Logarithmic,progressive:until-loss,19,im-object-053,12,13,0
Logarithmic,progressive:until-loss,19,im-object-054,12,13,0
Logarithmic,progressive:until-loss,19,im-object-055,12,13,0
Logarithmic,progressive:until-loss,19,im-object-056,12,13,0
Logarithmic,progressive:until-loss,19,im-object-057,12,13,0
Logarithmic,progressive:until-loss,20,im-object-001,12,13,0
Logarithmic,progressive:until-loss,20,im-object-002,12,13,0
Logarithmic,progressive:until-loss,20,im-object-003,12,13,0
Logarithmic,progressive:until-loss,20,im-object-004,12,13,0
Logarithmic,progressive:until-loss,20,im-object-005,12,13,0
Logarithmic,progressive:until-loss,20,im-object-006,12,13,0
Logarithmic,progressive:until-loss,20,im-object-007,12,13,0
Logarithmic,progressive:until-loss,20,im-object-008,12,13,0
Logarithmic,progressive:until-loss,20,im-object-009,12,13,0
Logarithmic,progressive:until-loss,20,im-object-010,12,13,0
Logarithmic,progressive:until-loss,20,im-object-011,12,13,0
Logarithmic,progressive:until-loss,20,im-object-012,12,13,0
Logarithmic,progressive:until-loss,20,im-object-013,12,13,0
Logarithmic,progressive:until-loss,20,im-object-014,12,13,0
Logarithmic,progressive:until-loss,20,im-object-015,12,13,0
Logarithmic,progressive:until-loss,20,im-object-016,12,13,0
Logarithmic,progressive:until-loss,20,im-object-017,12,13,0
Logarithmic,progressive:until-loss,20,im-object-018,12,13,0
Logarithmic,progressive:until-loss,20,im-object-019,12,13,0
Logarithmic,progressive:until-loss,20,im-object-020,12,13,0
Logarithmic,progressive:until-loss,20,im-object-021,12,13,0
Logarithmic,progressive:until-loss,20,im-object-022,12,13,0
Logarithmic,progressive:until-loss,20,im-object-023,12,13,0
Logarithmic,progressive:until-loss,20,im-object-024,12,13,0
Logarithmic,progressive:until-loss,20,im-object-025,12,13,0
Logarithmic,progressive:until-loss,20,im-object-026,12,13,0
Logarithmic,progressive:until-loss,20,im-object-027,12,13,0
Logarithmic,progressive:until-loss,20,im-object-028,12,13,0
Logarithmic,progressive:until-loss,20,im-object-029,12,13,0
Logarithmic,progressive:until-loss,20,im-object-030,12,13,0
Logarithmic,progressive:until-loss,20,im-object-031,12,13,0
Logarithmic,progressive:until-loss,20,im-object-032,12,13,0
Logarithmic,progressive:until-loss,20,im-object-033,12,13,0
Logarithmic,progressive:until-loss,20,im-object-034,12,13,0
Logarithmic,progressive:until-loss,20,im-object-035,12,13,0
Logarithmic,progressive:until-loss,20,im-object-036,12,13,0
Logarithmic,progressive:until-loss,20,im-object-037,12,13,0
Logarithmic,progressive:until-loss,20,im-object-038,12,13,0
Logarithmic,progressive:until-loss,20,im-object-039,12,13,0
Logarithmic,progressive:until-loss,20,im-object-040,12,13,0
Logarithmic,progressive:until-loss,20,im-object-041,12,13,0
Logarithmic,progressive:until-loss,20,im-object-042,12,13,0
Logarithmic,progressive:until-loss,20,im-object-043,12,13,0
Logarithmic,progressive:until-loss,20,im-object-044,12,13,0
Logarithmic,progressive:until-loss,20,im-object-045,12,13,0
Logarithmic,progressive:until-loss,20,im-object-046,12,13,0
Logarithmic,progressive:until-loss,20,im-object-047,12,13,0
Logarithmic,progressive:until-loss,20,im-object-048,12,13,0
Logarithmic,progressive:until-loss,20,im-object-049,12,13,0
Logarithmic,progressive:until-loss,20,im-object-050,12,13,0
Logarithmic,progressive:until-loss,20,im-object-051,12,13,0
Logarithmic,progressive:until-loss,20,im-object-052,12,13,0
Logarithmic,progressive:until-loss,20,im-object-053,12,13,0
Logarithmic,progressive:until-loss,20,im-object-054,12,13,0
Logarithmic,progressive:until-loss,20,im-object-055,12,13,0
Logarithmic,progressive:until-loss,20,im-object-056,12,13,0
Logarithmic,progressive:until-loss,20,im-object-057,12,13,0
Logarithmic,progressive:until-loss,21,im-object-001,12,13,0
Logarithmic,progressive:until-loss,21,im-object-002,12,13,0
Logarithmic,progressive:until-loss,21,im-object-003,12,13,0
Logarithmic,progressive:until-loss,21,im-object-004,12,13,0
Logarithmic,progressive:until-loss,21,im-object-005,12,13,0
Logarithmic,progressive:until-loss,21,im-object-006,12,13,0
Logarithmic,progressive:until-loss,21,im-object-007,12,13,0
Logarithmic,progressive:until-loss,21,im-object-008,12,13,0
Logarithmic,progressive:until-loss,21,im-object-009,12,13,0
Logarithmic,progressive:until-loss,21,im-object-010,12,13,0
Logarithmic,progressive:until-loss,21,im-object-011,12,13,0
Logarithmic,progressive:until-loss,21,im-object-012,12,13,0
Logarithmic,progressive:until-loss,21,im-object-013,12,13,0
Logarithmic,progressive:until-loss,21,im-object-014,12,13,0
Logarithmic,progressive:until-loss,21,im-object-015,12,13,0
Logarithmic,progressive:until-loss,21,im-object-016,12,13,0
Logarithmic,progressive:until-loss,21,im-object-017,12,13,0
Logarithmic,progressive:until-loss,21,im-object-018,12,13,0
Logarithmic,progressive:until-loss,21,im-object-019,12,13,0
Logarithmic,progressive:until-loss,21,im-object-020,12,13,0
Logarithmic,progressive:until-loss,21,im-object-021,12,13,0
Logarithmic,progressive:until-loss,21,im-object-022,12,13,0
Logarithmic,progressive:until-loss,21,im-object-023,12,13,0
Logarithmic,progressive:until-loss,21,im-object-024,12,13,0
Logarithmic,progressive:until-loss,21,im-object-025,12,13,0
Logarithmic,progressive:until-loss,21,im-object-026,12,13,0
Logarithmic,progressive:until-loss,21,im-object-027,12,13,0
Logarithmic,progressive:until-loss,21,im-object-028,12,13,0
Logarithmic,progressive:until-loss,21,im-object-029,12,13,0
Logarithmic,progressive:until-loss,21,im-object-030,12,13,0
Logarithmic,progressive:until-loss,21,im-object-031,12,13,0
Logarithmic,progressive:until-loss,21,im-object-032,12,13,0
Logarithmic,progressive:until-loss,21,im-object-033,12,13,0
Logarithmic,progressive:until-loss,21,im-object-034,12,13,0
Logarithmic,progressive:until-loss,21,im-object-035,12,13,0
Logarithmic,progressive:until-loss,21,im-object-036,12,13,0
Logarithmic,progressive:until-loss,21,im-object-037,12,13,0
Logarithmic,progressive:until-loss,21,im-object-038,12,13,0
Logarithmic,progressive:until-loss,21,im-object-039,12,13,0
Logarithmic,progressive:until-loss,21,im-object-040,12,13,0
Logarithmic,progressive:until-loss,21,im-object-041,12,13,0
Logarithmic,progressive:until-loss,21,im-object-042,12,13,0
Logarithmic,progressive:until-loss,21,im-object-043,12,13,0
Logarithmic,progressive:until-loss,21,im-object-044,12,13,0
Logarithmic,progressive:until-loss,21,im-object-045,12,13,0
Logarithmic,progressive:until-loss,21,im-object-046,12,13,0
Logarithmic,progressive:until-loss,21,im-object-047,12,13,0
Logarithmic,progressive:until-loss,21,im-object-048,12,13,0
Logarithmic,progressive:until-loss,21,im-object-049,12,13,0
Logarithmic,progressive:until-loss,21,im-object-050,12,13,0
Logarithmic,progressive:until-loss,21,im-object-051,12,13,0
Logarithmic,progressive:until-loss,21,im-object-052,12,13,0
Logarithmic,progressive:until-loss,21,im-object-053,12,13,0
Logarithmic,progressive:until-loss,21,im-object-054,12,13,0
Logarithmic,progressive:until-loss,21,im-object-055,12,13,0
Logarithmic,progressive:until-loss,21,im-object-056,12,13,0
Logarithmic,progressive:until-loss,21,im-object-057,12,13,0
Logarithmic,progressive:until-loss,22,im-object-001,12,13,0
Logarithmic,progressive:until-loss,22,im-object-002,12,13,0
Logarithmic,progressive:until-loss,22,im-object-003,12,13,0
Logarithmic,progressive:until-loss,22,im-object-004,12,13,0
Logarithmic,progressive:until-loss,22,im-object-005,12,13,0
Logarithmic,progressive:until-loss,22,im-object-006,12,13,0
Logarithmic,progressive:until-loss,22,im-object-007,12,13,0
Logarithmic,progressive:until-loss,22,im-object-008,12,13,0
Logarithmic,progressive:until-loss,22,im-object-009,12,13,0
Logarithmic,progressive:until-loss,22,im-object-010,12,13,0
Logarithmic,progressive:until-loss,22,im-object-011,12,13,0
Logarithmic,progressive:until-loss,22,im-object-012,12,13,0
Logarithmic,progressive:until-loss,22,im-object-013,12,13,0
Logarithmic,progressive:until-loss,22,im-object-014,12,13,0
Logarithmic,progressive:until-loss,22,im-object-015,12,13,0
Logarithmic,progressive:until-loss,22,im-object-016,12,13,0
Logarithmic,progressive:until-loss,22,im-object-017,12,13,0
Logarithmic,progressive:until-loss,22,im-object-018,12,13,0
Logarithmic,progressive:until-loss,22,im-object-019,12,13,0
Logarithmic,progressive:until-loss,22,im-object-020,12,13,0
Logarithmic,progressive:until-loss,22,im-object-021,12,13,0
Logarithmic,progressive:until-loss,22,im-object-022,12,13,0
Logarithmic,progressive:until-loss,22,im-object-023,12,13,0
Logarithmic,progressive:until-loss,22,im-object-024,12,13,0
Logarithmic,progressive:until-loss,22,im-object-025,12,13,0
Logarithmic,progressive:until-loss,22,im-object-026,12,13,0
Logarithmic,progressive:until-loss,22,im-object-027,12,13,0
Logarithmic,progressive:until-loss,22,im-object-028,12,13,0
Logarithmic,progressive:until-loss,22,im-object-029,12,13,0
Logarithmic,progressive:until-loss,22,im-object-030,12,13,0
Logarithmic,progressive:until-loss,22,im-object-031,12,13,0
Logarithmic,progressive:until-loss,22,im-object-032,12,13,0
Logarithmic,progressive:until-loss,22,im-object-033,12,13,0
Logarithmic,progressive:until-loss,22,im-object-034,12,13,0
Logarithmic,progressive:until-loss,22,im-object-035,12,13,0
Logarithmic,progressive:until-loss,22,im-object-036,12,13,0
Logarithmic,progressive:until-loss,22,im-object-037,12,13,0
Logarithmic,progressive:until-loss,22,im-object-038,12,13,0
Logarithmic,progressive:until-loss,22,im-object-039,12,13,0
Logarithmic,progressive:until-loss,22,im-object-040,12,13,0
Logarithmic,progressive:until-loss,22,im-object-041,12,13,0
Logarithmic,progressive:until-loss,22,im-object-042,12,13,0
Logarithmic,progressive:until-loss,22,im-object-043,12,13,0
Logarithmic,progressive:until-loss,22,im-object-044,12,13,0
Logarithmic,progressive:until-loss,22,im-object-045,12,13,0
Logarithmic,progressive:until-loss,22,im-object-046,12,13,0
Logarithmic,progressive:until-loss,22,im-object-047,12,13,0
Logarithmic,progressive:until-loss,22,im-object-048,12,13,0
Logarithmic,progressive:until-loss,22,im-object-049,12,13,0
Logarithmic,progressive:until-loss,22,im-object-050,12,13,0
Logarithmic,progressive:until-loss,22,im-object-051,12,13,0
Logarithmic,progressive:until-loss,22,im-object-052,12,13,0
Logarithmic,progressive:until-loss,22,im-object-053,12,13,0
Logarithmic,progressive:until-loss,22,im-object-054,12,13,0
Logarithmic,progressive:until-loss,22,im-object-055,12,13,0
Logarithmic,progressive:until-loss,22,im-object-056,12,13,0
Logarithmic,progressive:until-loss,22,im-object-057,12,13,0
Logarithmic,progressive:until-loss,23,im-object-001,12,13,0
Logarithmic,progressive:until-loss,23,im-object-002,12,13,0
Logarithmic,progressive:until-loss,23,im-object-003,12,13,0
Logarithmic,progressive:until-loss,23,im-object-004,12,13,0
Logarithmic,progressive:until-loss,23,im-object-005,12,13,0
Logarithmic,progressive:until-loss,23,im-object-006,12,13,0
Logarithmic,progressive:until-loss,23,im-object-007,12,13,0
Logarithmic,progressive:until-loss,23,im-object-008,12,13,0
Logarithmic,progressive:until-loss,23,im-object-009,12,13,0
Logarithmic,progressive:until-loss,23,im-object-010,12,13,0
Logarithmic,progressive:until-loss,23,im-object-011,12,13,0
Logarithmic,progressive:until-loss,23,im-object-012,12,13,0
Logarithmic,progressive:until-loss,23,im-object-013,12,13,0
Logarithmic,progressive:until-loss,23,im-object-014,12,13,0
Logarithmic,progressive:until-loss,23,im-object-015,12,13,0
Logarithmic,progressive:until-loss,23,im-object-016,12,13,0
Logarithmic,progressive:until-loss,23,im-object-017,12,13,0
Logarithmic,progressive:until-loss,23,im-object-018,12,13,0
Logarithmic,progressive:until-loss,23,im-object-019,12,13,0
Logarithmic,progressive:until-loss,23,im-object-020,12,13,0
Logarithmic,progressive:until-loss,23,im-object-021,12,13,0
Logarithmic,progressive:until-loss,23,im-object-022,12,13,0
Logarithmic,progressive:until-loss,23,im-object-023,12,13,0
Logarithmic,progressive:until-loss,23,im-object-024,12,13,0
Logarithmic,progressive:until-loss,23,im-object-025,12,13,0
Logarithmic,progressive:until-loss,23,im-object-026,12,13,0
Logarithmic,progressive:until-loss,23,im-object-027,12,13,0
Logarithmic,progressive:until-loss,23,im-object-028,12,13,0
Logarithmic,progressive:until-loss,23,im-object-029,12,13,0
Logarithmic,progressive:until-loss,23,im-object-030,12,13,0
Logarithmic,progressive:until-loss,23,im-object-031,12,13,0
Logarithmic,progressive:until-loss,23,im-object-032,12,13,0
Logarithmic,progressive:until-loss,23,im-object-033,12,13,0
Logarithmic,progressive:until-loss,23,im-object-034,12,13,0
Logarithmic,progressive:until-loss,23,im-object-035,12,13,0
Logarithmic,progressive:until-loss,23,im-object-036,12,13,0
Logarithmic,progressive:until-loss,23,im-object-037,12,13,0
Logarithmic,progressive:until-loss,23,im-object-038,12,13,0
Logarithmic,progressive:until-loss,23,im-object-039,12,13,0
Logarithmic,progressive:until-loss,23,im-object-040,12,13,0
Logarithmic,progressive:until-loss,23,im-object-041,12,13,0
Logarithmic,progressive:until-loss,23,im-object-042,12,13,0
Logarithmic,progressive:until-loss,23,im-object-043,12,13,0
Logarithmic,progressive:until-loss,23,im-object-044,12,13,0
Logarithmic,progressive:until-loss,23,im-object-045,12,13,0
Logarithmic,progressive:until-loss,23,im-object-046,12,13,0
Logarithmic,progressive:until-loss,23,im-object-047,12,13,0
Logarithmic,progressive:until-loss,23,im-object-048,12,13,0
Logarithmic,progressive:until-loss,23,im-object-049,12,13,0
Logarithmic,progressive:until-loss,23,im-object-050,12,13,0
Logarithmic,progressive:until-loss,23,im-object-051,12,13,0
Logarithmic,progressive:until-loss,23,im-object-052,12,13,0
Logarithmic,progressive:until-loss,23,im-object-053,12,13,0
Logarithmic,progressive:until-loss,23,im-object-054,12,13,0
Logarithmic,progressive:until-loss,23,im-object-055,12,13,0
Logarithmic,progressive:until-loss,23,im-object-056,12,13,0
Logarithmic,progressive:until-loss,23,im-object-057,12,13,0
Logarithmic,progressive:until-loss,24,im-object-001,12,13,0
Logarithmic,progressive:until-loss,24,im-object-002,12,13,0
Logarithmic,progressive:until-loss,24,im-object-003,12,13,0
Logarithmic,progressive:until-loss,24,im-object-004,12,13,0
Logarithmic,progressive:until-loss,24,im-object-005,12,13,0
Logarithmic,progressive:until-loss,24,im-object-006,12,13,0
Logarithmic,progressive:until-loss,24,im-object-007,12,13,0
Logarithmic,progressive:until-loss,24,im-object-008,12,13,0
Logarithmic,progressive:until-loss,24,im-object-009,12,13,0
Logarithmic,progressive:until-loss,24,im-object-010,12,13,0
Logarithmic,progressive:until-loss,24,im-object-011,12,13,0
Logarithmic,progressive:until-loss,24,im-object-012,12,13,0
Logarithmic,progressive:until-loss,24,im-object-013,12,13,0
Logarithmic,progressive:until-loss,24,im-object-014,12,13,0
Logarithmic,progressive:until-loss,24,im-object-015,12,13,0
Logarithmic,progressive:until-loss,24,im-object-016,12,13,0
Logarithmic,progressive:until-loss,24,im-object-017,12,13,0
Logarithmic,progressive:until-loss,24,im-object-018,12,13,0
Logarithmic,progressive:until-loss,24,im-object-019,12,13,0
Logarithmic,progressive:until-loss,24,im-object-020,12,13,0
Logarithmic,progressive:until-loss,24,im-object-021,12,13,0
Logarithmic,progressive:until-loss,24,im-object-022,12,13,0
Logarithmic,progressive:until-loss,24,im-object-023,12,13,0
Logarithmic,progressive:until-loss,24,im-object-024,12,13,0
Logarithmic,progressive:until-loss,24,im-object-025,12,13,0
Logarithmic,progressive:until-loss,24,im-object-026,12,13,0
Logarithmic,progressive:until-loss,24,im-object-027,12,13,0
Logarithmic,progressive:until-loss,24,im-object-028,12,13,0
Logarithmic,progressive:until-loss,24,im-object-029,12,13,0
Logarithmic,progressive:until-loss,24,im-object-030,12,13,0
Logarithmic,progressive:until-loss,24,im-object-031,12,13,0
Logarithmic,progressive:until-loss,24,im-object-032,12,13,0
Logarithmic,progressive:until-loss,24,im-object-033,12,13,0
Logarithmic,progressive:until-loss,24,im-object-034,12,13,0
Logarithmic,progressive:until-loss,24,im-object-035,12,13,0
Logarithmic,progressive:until-loss,24,im-object-036,12,13,0
Logarithmic,progressive:until-loss,24,im-object-037,12,13,0
Logarithmic,progressive:until-loss,24,im-object-038,12,13,0
Logarithmic,progressive:until-loss,24,im-object-039,12,13,0
Logarithmic,progressive:until-loss,24,im-object-040,12,13,0
Logarithmic,progressive:until-loss,24,im-object-041,12,13,0
Logarithmic,progressive:until-loss,24,im-object-042,12,13,0
Logarithmic,progressive:until-loss,24,im-object-043,12,13,0
Logarithmic,progressive:until-loss,24,im-object-044,12,13,0
Logarithmic,progressive:until-loss,24,im-object-045,12,13,0
Logarithmic,progressive:until-loss,24,im-object-046,12,13,0
Logarithmic,progressive:until-loss,24,im-object-047,12,13,0
Logarithmic,progressive:until-loss,24,im-object-048,12,13,0
Logarithmic,progressive:until-loss,24,im-object-049,12,13,0
Logarithmic,progressive:until-loss,24,im-object-050,12,13,0
Logarithmic,progressive:until-loss,24,im-object-051,12,13,0
Logarithmic,progressive:until-loss,24,im-object-052,12,13,0
Logarithmic,progressive:until-loss,24,im-object-053,12,13,0
Logarithmic,progressive:until-loss,24,im-object-054,12,13,0
Logarithmic,progressive:until-loss,24,im-object-055,12,13,0
Logarithmic,progressive:until-loss,24,im-object-056,12,13,0
Logarithmic,progressive:until-loss,24,im-object-057,12,13,0
Logarithmic,progressive:until-loss,25,im-object-001,12,13,0
Logarithmic,progressive:until-loss,25,im-object-002,12,13,0
Logarithmic,progressive:until-loss,25,im-object-003,12,13,0
Logarithmic,progressive:until-loss,25,im-object-004,12,13,0
Logarithmic,progressive:until-loss,25,im-object-005,12,13,0
Logarithmic,progressive:until-loss,25,im-object-006,12,13,0
Logarithmic,progressive:until-loss,25,im-object-007,12,13,0
Logarithmic,progressive:until-loss,25,im-object-008,12,13,0
Logarithmic,progressive:until-loss,25,im-object-009,12,13,0
Logarithmic,progressive:until-loss,25,im-object-010,12,13,0
Logarithmic,progressive:until-loss,25,im-object-011,12,13,0
Logarithmic,progressive:until-loss,25,im-object-012,12,13,0
Logarithmic,progressive:until-loss,25,im-object-013,12,13,0
Logarithmic,progressive:until-loss,25,im-object-014,12,13,0
Logarithmic,progressive:until-loss,25,im-object-015,12,13,0
Logarithmic,progressive:until-loss,25,im-object-016,12,13,0
Logarithmic,progressive:until-loss,25,im-object-017,12,13,0
Logarithmic,progressive:until-loss,25,im-object-018,12,13,0
Logarithmic,progressive:until-loss,25,im-object-019,12,13,0
Logarithmic,progressive:until-loss,25,im-object-020,12,13,0
Logarithmic,progressive:until-loss,25,im-object-021,12,13,0
Logarithmic,progressive:until-loss,25,im-object-022,12,13,0
Logarithmic,progressive:until-loss,25,im-object-023,12,13,0
Logarithmic,progressive:until-loss,25,im-object-024,12,13,0
Logarithmic,progressive:until-loss,25,im-object-025,12,13,0
Logarithmic,progressive:until-loss,25,im-object-026,12,13,0
Logarithmic,progressive:until-loss,25,im-object-027,12,13,0
Logarithmic,progressive:until-loss,25,im-object-028,12,13,0
Logarithmic,progressive:until-loss,25,im-object-029,12,13,0
Logarithmic,progressive:until-loss,25,im-object-030,12,13,0
Logarithmic,progressive:until-loss,25,im-object-031,12,13,0
Logarithmic,progressive:until-loss,25,im-object-032,12,13,0
Logarithmic,progressive:until-loss,25,im-object-033,12,13,0
Logarithmic,progressive:until-loss,25,im-object-034,12,13,0
Logarithmic,progressive:until-loss,25,im-object-035,12,13,0
Logarithmic,progressive:until-loss,25,im-object-036,12,13,0
Logarithmic,progressive:until-loss,25,im-object-037,12,13,0
Logarithmic,progressive:until-loss,25,im-object-038,12,13,0
Logarithmic,progressive:until-loss,25,im-object-039,12,13,0
Logarithmic,progressive:until-loss,25,im-object-040,12,13,0
Logarithmic,progressive:until-loss,25,im-object-041,12,13,0
Logarithmic,progressive:until-loss,25,im-object-042,12,13,0
Logarithmic,progressive:until-loss,25,im-object-043,12,13,0
Logarithmic,progressive:until-loss,25,im-object-044,12,13,0
Logarithmic,progressive:until-loss,25,im-object-045,12,13,0
Logarithmic,progressive:until-loss,25,im-object-046,12,13,0
Logarithmic,progressive:until-loss,25,im-object-047,12,13,0
Logarithmic,progressive:until-loss,25,im-object-048,12,13,0
Logarithmic,progressive:until-loss,25,im-object-049,12,13,0
Logarithmic,progressive:until-loss,25,im-object-050,12,13,0
Logarithmic,progressive:until-loss,25,im-object-051,12,13,0
Logarithmic,progressive:until-loss,25,im-object-052,12,13,0
Logarithmic,progressive:until-loss,25,im-object-053,12,13,0
Logarithmic,progressive:until-loss,25,im-object-054,12,13,0
Logarithmic,progressive:until-loss,25,im-object-055,12,13,0
Logarithmic,progressive:until-loss,25,im-object-056,12,13,0
Logarithmic,progressive:until-loss,25,im-object-057,12,13,0
Logarithmic,progressive:until-loss,26,im-object-001,12,13,0
Logarithmic,progressive:until-loss,26,im-object-002,12,13,0
Logarithmic,progressive:until-loss,26,im-object-003,12,13,0
Logarithmic,progressive:until-loss,26,im-object-004,12,13,0
Logarithmic,progressive:until-loss,26,im-object-005,12,13,0
Logarithmic,progressive:until-loss,26,im-object-006,12,13,0
Logarithmic,progressive:until-loss,26,im-object-007,12,13,0
Logarithmic,progressive:until-loss,26,im-object-008,12,13,0
Logarithmic,progressive:until-loss,26,im-object-009,12,13,0
Logarithmic,progressive:until-loss,26,im-object-010,12,13,0
Logarithmic,progressive:until-loss,26,im-object-011,12,13,0
Logarithmic,progressive:until-loss,26,im-object-012,12,13,0
Logarithmic,progressive:until-loss,26,im-object-013,12,13,0
Logarithmic,progressive:until-loss,26,im-object-014,12,13,0
Logarithmic,progressive:until-loss,26,im-object-015,12,13,0
Logarithmic,progressive:until-loss,26,im-object-016,12,13,0
Logarithmic,progressive:until-loss,26,im-object-017,12,13,0
Logarithmic,progressive:until-loss,26,im-object-018,12,13,0
Logarithmic,progressive:until-loss,26,im-object-019,12,13,0
Logarithmic,progressive:until-loss,26,im-object-020,12,13,0
Logarithmic,progressive:until-loss,26,im-object-021,12,13,0
Logarithmic,progressive:until-loss,26,im-object-022,12,13,0
Logarithmic,progressive:until-loss,26,im-object-023,12,13,0
Logarithmic,progressive:until-loss,26,im-object-024,12,13,0
Logarithmic,progressive:until-loss,26,im-object-025,12,13,0
Logarithmic,progressive:until-loss,26,im-object-026,12,13,0
Logarithmic,progressive:until-loss,26,im-object-027,12,13,0
Logarithmic,progressive:until-loss,26,im-object-028,12,13,0
Logarithmic,progressive:until-loss,26,im-object-029,12,13,0
Logarithmic,progressive:until-loss,26,im-object-030,12,13,0
Logarithmic,progressive:until-loss,26,im-object-031,12,13,0
Logarithmic,progressive:until-loss,26,im-object-032,12,13,0
Logarithmic,progressive:until-loss,26,im-object-033,12,13,0
Logarithmic,progressive:until-loss,26,im-object-034,12,13,0
Logarithmic,progressive:until-loss,26,im-object-035,12,13,0
Logarithmic,progressive:until-loss,26,im-object-036,12,13,0
Logarithmic,progressive:until-loss,26,im-object-037,12,13,0
Logarithmic,progressive:until-loss,26,im-object-038,12,13,0
Logarithmic,progressive:until-loss,26,im-object-039,12,13,0
Logarithmic,progressive:until-loss,26,im-object-040,12,13,0
Logarithmic,progressive:until-loss,26,im-object-041,12,13,0
Logarithmic,progressive:until-loss,26,im-object-042,12,13,0
Logarithmic,progressive:until-loss,26,im-object-043,12,13,0
Logarithmic,progressive:until-loss,26,im-object-044,12,13,0
Logarithmic,progressive:until-loss,26,im-object-045,12,13,0
Logarithmic,progressive:until-loss,26,im-object-046,12,13,0
Logarithmic,progressive:until-loss,26,im-object-047,12,13,0
Logarithmic,progressive:until-loss,26,im-object-048,12,13,0
Logarithmic,progressive:until-loss,26,im-object-049,12,13,0
Logarithmic,progressive:until-loss,26,im-object-050,12,13,0
Logarithmic,progressive:until-loss,26,im-object-051,12,13,0
Logarithmic,progressive:until-loss,26,im-object-052,12,13,0
Logarithmic,progressive:until-loss,26,im-object-053,12,13,0
Logarithmic,progressive:until-loss,26,im-object-054,12,13,0
Logarithmic,progressive:until-loss,26,im-object-055,12,13,0
Logarithmic,progressive:until-loss,26,im-object-056,12,13,0
Logarithmic,progressive:until-loss,26,im-object-057,12,13,0
Logarithmic,progressive:until-loss,27,im-object-001,12,13,0
Logarithmic,progressive:until-loss,27,im-object-002,12,13,0
Logarithmic,progressive:until-loss,27,im-object-003,12,13,0
Logarithmic,progressive:until-loss,27,im-object-004,12,13,0
Logarithmic,progressive:until-loss,27,im-object-005,12,13,0
Logarithmic,progressive:until-loss,27,im-object-006,12,13,0
Logarithmic,progressive:until-loss,27,im-object-007,12,13,0
Logarithmic,progressive:until-loss,27,im-object-008,12,13,0
Logarithmic,progressive:until-loss,27,im-object-009,12,13,0
Logarithmic,progressive:until-loss,27,im-object-010,12,13,0
Logarithmic,progressive:until-loss,27,im-object-011,12,13,0
Logarithmic,progressive:until-loss,27,im-object-012,12,13,0
Logarithmic,progressive:until-loss,27,im-object-013,12,13,0
Logarithmic,progressive:until-loss,27,im-object-014,12,13,0
Logarithmic,progressive:until-loss,27,im-object-015,12,13,0
Logarithmic,progressive:until-loss,27,im-object-016,12,13,0
Logarithmic,progressive:until-loss,27,im-object-017,12,13,0
Logarithmic,progressive:until-loss,27,im-object-018,12,13,0
Logarithmic,progressive:until-loss,27,im-object-019,12,13,0
Logarithmic,progressive:until-loss,27,im-object-020,12,13,0
Logarithmic,progressive:until-loss,27,im-object-021,12,13,0
Logarithmic,progressive:until-loss,27,im-object-022,12,13,0
Logarithmic,progressive:until-loss,27,im-object-023,12,13,0
Logarithmic,progressive:until-loss,27,im-object-024,12,13,0
Logarithmic,progressive:until-loss,27,im-object-025,12,13,0
Logarithmic,progressive:until-loss,27,im-object-026,12,13,0
Logarithmic,progressive:until-loss,27,im-object-027,12,13,0
Logarithmic,progressive:until-loss,27,im-object-028,12,13,0
Logarithmic,progressive:until-loss,27,im-object-029,12,13,0
Logarithmic,progressive:until-loss,27,im-object-030,12,13,0
Logarithmic,progressive:until-loss,27,im-object-031,12,13,0
Logarithmic,progressive:until-loss,27,im-object-032,12,13,0
Logarithmic,progressive:until-loss,27,im-object-033,12,13,0
Logarithmic,progressive:until-loss,27,im-object-034,12,13,0
Logarithmic,progressive:until-loss,27,im-object-035,12,13,0
Logarithmic,progressive:until-loss,27,im-object-036,12,13,0
Logarithmic,progressive:until-loss,27,im-object-037,12,13,0
Logarithmic,progressive:until-loss,27,im-object-038,12,13,0
Logarithmic,progressive:until-loss,27,im-object-039,12,13,0
Logarithmic,progressive:until-loss,27,im-object-040,12,13,0
Logarithmic,progressive:until-loss,27,im-object-041,12,13,0
Logarithmic,progressive:until-loss,27,im-object-042,12,13,0
Logarithmic,progressive:until-loss,27,im-object-043,12,13,0
Logarithmic,progressive:until-loss,27,im-object-044,12,13,0
Logarithmic,progressive:until-loss,27,im-object-045,12,13,0
Logarithmic,progressive:until-loss,27,im-object-046,12,13,0
Logarithmic,progressive:until-loss,27,im-object-047,12,13,0
Logarithmic,progressive:until-loss,27,im-object-048,12,13,0
Logarithmic,progressive:until-loss,27,im-object-049,12,13,0
Logarithmic,progressive:until-loss,27,im-object-050,12,13,0
Logarithmic,progressive:until-loss,27,im-object-051,12,13,0
Logarithmic,progressive:until-loss,27,im-object-052,12,13,0
Logarithmic,progressive:until-loss,27,im-object-053,12,13,0
Logarithmic,progressive:until-loss,27,im-object-054,12,13,0
Logarithmic,progressive:until-loss,27,im-object-055,12,13,0
Logarithmic,progressive:until-loss,27,im-object-056,12,13,0
Logarithmic,progressive:until-loss,27,im-object-057,12,13,0
Logarithmic,progressive:until-loss,28,im-object-001,12,13,0
Logarithmic,progressive:until-loss,28,im-object-002,12,13,0
Logarithmic,progressive:until-loss,28,im-object-003,12,13,0
Logarithmic,progressive:until-loss,28,im-object-004,12,13,0
Logarithmic,progressive:until-loss,28,im-object-005,12,13,0
Logarithmic,progressive:until-loss,28,im-object-006,12,13,0
Logarithmic,progressive:until-loss,28,im-object-007,12,13,0
Logarithmic,progressive:until-loss,28,im-object-008,12,13,0
Logarithmic,progressive:until-loss,28,im-object-009,12,13,0
Logarithmic,progressive:until-loss,28,im-object-010,12,13,0
Logarithmic,progressive:until-loss,28,im-object-011,12,13,0
Logarithmic,progressive:until-loss,28,im-object-012,12,13,0
Logarithmic,progressive:until-loss,28,im-object-013,12,13,0
Logarithmic,progressive:until-loss,28,im-object-014,12,13,0
Logarithmic,progressive:until-loss,28,im-object-015,12,13,0
Logarithmic,progressive:until-loss,28,im-object-016,12,13,0
Logarithmic,progressive:until-loss,28,im-object-017,12,13,0
Logarithmic,progressive:until-loss,28,im-object-018,12,13,0
Logarithmic,progressive:until-loss,28,im-object-019,12,13,0
Logarithmic,progressive:until-loss,28,im-object-020,12,13,0
Logarithmic,progressive:until-loss,28,im-object-021,12,13,0
Logarithmic,progressive:until-loss,28,im-object-022,12,13,0
Logarithmic,progressive:until-loss,28,im-object-023,12,13,0
Logarithmic,progressive:until-loss,28,im-object-024,12,13,0
Logarithmic,progressive:until-loss,28,im-object-025,12,13,0
Logarithmic,progressive:until-loss,28,im-object-026,12,13,0
Logarithmic,progressive:until-loss,28,im-object-027,12,13,0
Logarithmic,progressive:until-loss,28,im-object-028,12,13,0
Logarithmic,progressive:until-loss,28,im-object-029,12,13,0
Logarithmic,progressive:until-loss,28,im-object-030,12,13,0
Logarithmic,progressive:until-loss,28,im-object-031,12,13,0
Logarithmic,progressive:until-loss,28,im-object-032,12,13,0
Logarithmic,progressive:until-loss,28,im-object-033,12,13,0
Logarithmic,progressive:until-loss,28,im-object-034,12,13,0
Logarithmic,progressive:until-loss,28,im-object-035,12,13,0
Logarithmic,progressive:until-loss,28,im-object-036,12,13,0
Logarithmic,progressive:until-loss,28,im-object-037,12,13,0
Logarithmic,progressive:until-loss,28,im-object-038,12,13,0
Logarithmic,progressive:until-loss,28,im-object-039,12,13,0
Logarithmic,progressive:until-loss,28,im-object-040,12,13,0
Logarithmic,progressive:until-loss,28,im-object-041,12,13,0
Logarithmic,progressive:until-loss,28,im-object-042,12,13,0
Logarithmic,progressive:until-loss,28,im-object-043,12,13,0
Logarithmic,progressive:until-loss,28,im-object-044,12,13,0
Logarithmic,progressive:until-loss,28,im-object-045,12,13,0
Logarithmic,progressive:until-loss,28,im-object-046,12,13,0
Logarithmic,progressive:until-loss,28,im-object-047,12,13,0
Logarithmic,progressive:until-loss,28,im-object-048,12,13,0
Logarithmic,progressive:until-loss,28,im-object-049,12,13,0
Logarithmic,progressive:until-loss,28,im-object-050,12,13,0
Logarithmic,progressive:until-loss,28,im-object-051,12,13,0
Logarithmic,progressive:until-loss,28,im-object-052,12,13,0
Logarithmic,progressive:until-loss,28,im-object-053,12,13,0
Logarithmic,progressive:until-loss,28,im-object-054,12,13,0
Logarithmic,progressive:until-loss,28,im-object-055,12,13,0
Logarithmic,progressive:until-loss,28,im-object-056,12,13,0
Logarithmic,progressive:until-loss,28,im-object-057,12,13,0
Logarithmic,progressive:until-loss,29,im-object-001,12,13,0
Logarithmic,progressive:until-loss,29,im-object-002,12,13,0
Logarithmic,progressive:until-loss,29,im-object-003,12,13,0
Logarithmic,progressive:until-loss,29,im-object-004,12,13,0
Logarithmic,progressive:until-loss,29,im-object-005,12,13,0
Logarithmic,progressive:until-loss,29,im-object-006,12,13,0
Logarithmic,progressive:until-loss,29,im-object-007,12,13,0
Logarithmic,progressive:until-loss,29,im-object-008,12,13,0
Logarithmic,progressive:until-loss,29,im-object-009,12,13,0
Logarithmic,progressive:until-loss,29,im-object-010,12,13,0
Logarithmic,progressive:until-loss,29,im-object-011,12,13,0
Logarithmic,progressive:until-loss,29,im-object-012,12,13,0
Logarithmic,progressive:until-loss,29,im-object-013,12,13,0
Logarithmic,progressive:until-loss,29,im-object-014,12,13,0
Logarithmic,progressive:until-loss,29,im-object-015,12,13,0
Logarithmic,progressive:until-loss,29,im-object-016,12,13,0
Logarithmic,progressive:until-loss,29,im-object-017,12,13,0
Logarithmic,progressive:until-loss,29,im-object-018,12,13,0
Logarithmic,progressive:until-loss,29,im-object-019,12,13,0
Logarithmic,progressive:until-loss,29,im-object-020,12,13,0
Logarithmic,progressive:until-loss,29,im-object-021,12,13,0
Logarithmic,progressive:until-loss,29,im-object-022,12,13,0
Logarithmic,progressive:until-loss,29,im-object-023,12,13,0
Logarithmic,progressive:until-loss,29,im-object-024,12,13,0
Logarithmic,progressive:until-loss,29,im-object-025,12,13,0
Logarithmic,progressive:until-loss,29,im-object-026,12,13,0
Logarithmic,progressive:until-loss,29,im-object-027,12,13,0
Logarithmic,progressive:until-loss,29,im-object-028,12,13,0
Logarithmic,progressive:until-loss,29,im-object-029,12,13,0
Logarithmic,progressive:until-loss,29,im-object-030,12,13,0
Logarithmic,progressive:until-loss,29,im-object-031,12,13,0
Logarithmic,progressive:until-loss,29,im-object-032,12,13,0
Logarithmic,progressive:until-loss,29,im-object-033,12,13,0
Logarithmic,progressive:until-loss,29,im-object-034,12,13,0
Logarithmic,progressive:until-loss,29,im-object-035,12,13,0
Logarithmic,progressive:until-loss,29,im-object-036,12,13,0
Logarithmic,progressive:until-loss,29,im-object-037,12,13,0
Logarithmic,progressive:until-loss,29,im-object-038,12,13,0
Logarithmic,progressive:until-loss,29,im-object-039,12,13,0
Logarithmic,progressive:until-loss,29,im-object-040,12,13,0
Logarithmic,progressive:until-loss,29,im-object-041,12,13,0
Logarithmic,progressive:until-loss,29,im-object-042,12,13,0
Logarithmic,progressive:until-loss,29,im-object-043,12,13,0
Logarithmic,progressive:until-loss,29,im-object-044,12,13,0
Logarithmic,progressive:until-loss,29,im-object-045,12,13,0
Logarithmic,progressive:until-loss,29,im-object-046,12,13,0
Logarithmic,progressive:until-loss,29,im-object-047,12,13,0
Logarithmic,progressive:until-loss,29,im-object-048,12,13,0
Logarithmic,progressive:until-loss,29,im-object-049,12,13,0
Logarithmic,progressive:until-loss,29,im-object-050,12,13,0
Logarithmic,progressive:until-loss,29,im-object-051,12,13,0
Logarithmic,progressive:until-loss,29,im-object-052,12,13,0
Logarithmic,progressive:until-loss,29,im-object-053,12,13,0
Logarithmic,progressive:until-loss,29,im-object-054,12,13,0
Logarithmic,progressive:until-loss,29,im-object-055,12,13,0
Logarithmic,progressive:until-loss,29,im-object-056,12,13,0
Logarithmic,progressive:until-loss,29,im-object-057,12,13,0
Logarithmic,progressive:until-loss,30,im-object-001,12,13,0
Logarithmic,progressive:until-loss,30,im-object-002,12,13,0
Logarithmic,progressive:until-loss,30,im-object-003,12,13,0
Logarithmic,progressive:until-loss,30,im-object-004,12,13,0
Logarithmic,progressive:until-loss,30,im-object-005,12,13,0
Logarithmic,progressive:until-loss,30,im-object-006,12,13,0
Logarithmic,progressive:until-loss,30,im-object-007,12,13,0
Logarithmic,progressive:until-loss,30,im-object-008,12,13,0
Logarithmic,progressive:until-loss,30,im-object-009,12,13,0
Logarithmic,progressive:until-loss,30,im-object-010,12,13,0
Logarithmic,progressive:until-loss,30,im-object-011,12,13,0
Logarithmic,progressive:until-loss,30,im-object-012,12,13,0
Logarithmic,progressive:until-loss,30,im-object-013,12,13,0
Logarithmic,progressive:until-loss,30,im-object-014,12,13,0
Logarithmic,progressive:until-loss,30,im-object-015,12,13,0
Logarithmic,progressive:until-loss,30,im-object-016,12,13,0
Logarithmic,progressive:until-loss,30,im-object-017,12,13,0
Logarithmic,progressive:until-loss,30,im-object-018,12,13,0
Logarithmic,progressive:until-loss,30,im-object-019,12,13,0
Logarithmic,progressive:until-loss,30,im-object-020,12,13,0
Logarithmic,progressive:until-loss,30,im-object-021,12,13,0
Logarithmic,progressive:until-loss,30,im-object-022,12,13,0
Logarithmic,progressive:until-loss,30,im-object-023,12,13,0
Logarithmic,progressive:until-loss,30,im-object-024,12,13,0
Logarithmic,progressive:until-loss,30,im-object-025,12,13,0
Logarithmic,progressive:until-loss,30,im-object-026,12,13,0
Logarithmic,progressive:until-loss,30,im-object-027,12,13,0
Logarithmic,progressive:until-loss,30,im-object-028,12,13,0
Logarithmic,progressive:until-loss,30,im-object-029,12,13,0
Logarithmic,progressive:until-loss,30,im-object-030,12,13,0
Logarithmic,progressive:until-loss,30,im-object-031,12,13,0
Logarithmic,progressive:until-loss,30,im-object-032,12,13,0
Logarithmic,progressive:until-loss,30,im-object-033,12,13,0
Logarithmic,progressive:until-loss,30,im-object-034,12,13,0
Logarithmic,progressive:until-loss,30,im-object-035,12,13,0
Logarithmic,progressive:until-loss,30,im-object-036,12,13,0
Logarithmic,progressive:until-loss,30,im-object-037,12,13,0
Logarithmic,progressive:until-loss,30,im-object-038,12,13,0
Logarithmic,progressive:until-loss,30,im-object-039,12,13,0
Logarithmic,progressive:until-loss,30,im-object-040,12,13,0
Logarithmic,progressive:until-loss,30,im-object-041,12,13,0
Logarithmic,progressive:until-loss,30,im-object-042,12,13,0
Logarithmic,progressive:until-loss,30,im-object-043,12,13,0
Logarithmic,progressive:until-loss,30,im-object-044,12,13,0
Logarithmic,progressive:until-loss,30,im-object-045,12,13,0
Logarithmic,progressive:until-loss,30,im-object-046,12,13,0
Logarithmic,progressive:until-loss,30,im-object-047,12,13,0
Logarithmic,progressive:until-loss,30,im-object-048,12,13,0
Logarithmic,progressive:until-loss,30,im-object-049,12,13,0
Logarithmic,progressive:until-loss,30,im-object-050,12,13,0
Logarithmic,progressive:until-loss,30,im-object-051,12,13,0
Logarithmic,progressive:until-loss,30,im-object-052,12,13,0
Logarithmic,progressive:until-loss,30,im-object-053,12,13,0
Logarithmic,progressive:until-loss,30,im-object-054,12,13,0
Logarithmic,progressive:until-loss,30,im-object-055,12,13,0
Logarithmic,progressive:until-loss,30,im-object-056,12,13,0
Logarithmic,progressive:until-loss,30,im-object-057,12,13,0
